Workbook
Name 표시연도: 'FCST RESULT'!$P$4

Sheet 표지

Sheet FCST RESULT
B3: NSA SALES FORECAST
P4: 2026
B6: 1. 매출수량 (백만 A)
B21: 구분 | C21: FY2026 | D21: FY2027 | E21: FY2028 | F21: FY2029 | G21: FY2030
B22: Model Base | C22: =근거_매출!J10/1000000 | D22: =근거_매출!K10/1000000 | E22: =근거_매출!L10/1000000 | F22: =근거_매출!M10/1000000 | G22: =근거_매출!N10/1000000
B23: MKT Base | C23: =IF(근거_매출!$J$12="",NA(),근거_매출!J12/1000000) | D23: =IF(근거_매출!$J$12="",NA(),근거_매출!K12/1000000) | E23: =IF(근거_매출!$J$12="",NA(),근거_매출!L12/1000000) | F23: =IF(근거_매출!$J$12="",NA(),근거_매출!M12/1000000) | G23: =IF(근거_매출!$J$12="",NA(),근거_매출!N12/1000000)
B24: Best (MS +10%p) | C24: =근거_매출!J14/1000000 | D24: =근거_매출!K14/1000000 | E24: =근거_매출!L14/1000000 | F24: =근거_매출!M14/1000000 | G24: =근거_매출!N14/1000000
B25: Worst (MS -10%p) | C25: =근거_매출!J16/1000000 | D25: =근거_매출!K16/1000000 | E25: =근거_매출!L16/1000000 | F25: =근거_매출!M16/1000000 | G25: =근거_매출!N16/1000000
B26: Best (MS +5%p) | C26: =근거_매출!J18/1000000 | D26: =근거_매출!K18/1000000 | E26: =근거_매출!L18/1000000 | F26: =근거_매출!M18/1000000 | G26: =근거_매출!N18/1000000
B27: Worst (MS -5%p) | C27: =근거_매출!J20/1000000 | D27: =근거_매출!K20/1000000 | E27: =근거_매출!L20/1000000 | F27: =근거_매출!M20/1000000 | G27: =근거_매출!N20/1000000
B29: 2. 매출액 (백만원)
B44: 구분 | C44: FY2026 | D44: FY2027 | E44: FY2028 | F44: FY2029 | G44: FY2030
B45: Model Base | C45: =근거_매출!J32 | D45: =근거_매출!K32 | E45: =근거_매출!L32 | F45: =근거_매출!M32 | G45: =근거_매출!N32
B46: MKT Base | C46: =IF(근거_매출!$J$12="",NA(),근거_매출!J34) | D46: =IF(근거_매출!$J$12="",NA(),근거_매출!K34) | E46: =IF(근거_매출!$J$12="",NA(),근거_매출!L34) | F46: =IF(근거_매출!$J$12="",NA(),근거_매출!M34) | G46: =IF(근거_매출!$J$12="",NA(),근거_매출!N34)
B47: Best (MS +10%p) | C47: =근거_매출!J35 | D47: =근거_매출!K35 | E47: =근거_매출!L35 | F47: =근거_매출!M35 | G47: =근거_매출!N35
B48: Worst (MS -10%p) | C48: =근거_매출!J36 | D48: =근거_매출!K36 | E48: =근거_매출!L36 | F48: =근거_매출!M36 | G48: =근거_매출!N36
B49: Best (MS +5%p) | C49: =근거_매출!J37 | D49: =근거_매출!K37 | E49: =근거_매출!L37 | F49: =근거_매출!M37 | G49: =근거_매출!N37
B50: Worst (MS -5%p) | C50: =근거_매출!J38 | D50: =근거_매출!K38 | E50: =근거_매출!L38 | F50: =근거_매출!M38 | G50: =근거_매출!N38

Sheet 변동요인분석
A2: NSA FCST 변동 요인 분석과 시뮬레이션
A4: ① 변동 요인 분석
A5: - 핵심 변동 요인 : NSA MS (Ramosetron 시장 내 점유율) (매출 변동성 ±18.9%로, 타 요인 대비 압도적인 영향력을 행사함)
A6: - 기타 변동 요인: 환자당 Ramo 사용량(±5.6%), 전환비율(±3.4%), NSA MS 상급종합 하한(±3.0%) 등 (구조 파라미터 성격, 분기 실측 갱신 시 자동 재추정)
A7: - 예외 요인: 약가 인하 고시(현재 없음) 및 MKT 제출 수치와의 차이는 본 시뮬레이션 외 별도 리스크로 분류 · 입찰(저가 제네릭) 단발 이벤트는 분기 모니터링으로 감시
A25: ② 시뮬레이션 : NSA MS 변동의 재무적 가치
A26: - Best (MS 확대): NSA MS +10%p 시 → FY2030 매출 437억 (상단) · +5%p 시 402억
A27: - Worst (MS 잠식): NSA MS -10%p 시 → FY2030 매출 298억 (하단) · -5%p 시 332억
A28: (※ 기준선 Base: 367억 · 세일즈 포캐스트 밴드는 FY2027부터 적용)
A47: · 근거: 근거_민감도 참조

Sheet FCST FLOW
A2: NSA Sales FCST FLOW
J3: 각 행의 [▶ 근거] 를 클릭하면 해당 백데이터 시트로 이동 (기준수치·예측수치는 백데이터 참조)
A5: 단계 | B5: 항목 | C5: 기준 수치 | D5: 모델 방법 | E5: FY2026E | F5: FY2027 | G5: FY2028 | H5: FY2029 | I5: FY2030 | J5: 근거
A6: ① 환자 현황 | B6: 전신마취 환자수 | C6: =CALC!C20 | D6: · 추계인구(통계청 중위) × 연령별 전신마취 비율 (30~50대 선형회귀 연장, 그 외 최근 5개년 평균) | E6: =INDEX(CALC!$C$5:$C$25,MATCH(표시연도,CALC!$B$5:$B$25,0)) | F6: =INDEX(CALC!$C$5:$C$25,MATCH(2027,CALC!$B$5:$B$25,0)) | G6: =INDEX(CALC!$C$5:$C$25,MATCH(2028,CALC!$B$5:$B$25,0)) | H6: =INDEX(CALC!$C$5:$C$25,MATCH(2029,CALC!$B$5:$B$25,0)) | I6: =INDEX(CALC!$C$5:$C$25,MATCH(2030,CALC!$B$5:$B$25,0)) | J6: ▶ 근거
B7: 종별 환자비율 (상급종합병원) | C7: ='근거_종별전신마취환자수'!Q10 | D7: · HIRA 분기 실측(~2026Q1) 기반 회복모형 — 상급종합 상한 41%·종합 하한 40%·병원 하한 10%·의원 S-curve, 4종별 정규화 | E7: ='근거_종별전신마취환자수'!R10 | F7: ='근거_종별전신마취환자수'!S10 | G7: ='근거_종별전신마취환자수'!T10 | H7: ='근거_종별전신마취환자수'!U10 | I7: ='근거_종별전신마취환자수'!V10 | J7: ▶ 근거
A8: ② 시장 구조 | B8: 환자당 Ramosetron 사용량 (상급종합, A/명) | C8: ='근거_Ramosetron 시장 수량'!Q16 | D8: · 연간 선형회귀(상한 5A) / 종합 상한 4A / 병원·의원 최근값 flat — 4개 분기 동일 적용 | E8: ='근거_Ramosetron 시장 수량'!R16 | F8: ='근거_Ramosetron 시장 수량'!S16 | G8: ='근거_Ramosetron 시장 수량'!T16 | H8: ='근거_Ramosetron 시장 수량'!U16 | I8: ='근거_Ramosetron 시장 수량'!V16 | J8: ▶ 근거
B9: Ramosetron 시장 수량 (A) | C9: =CALC!E20 | D9: · Σ 종별 전신마취환자수 × 종별 환자당 사용량 (CY 분기 → FY 재구성) | E9: =INDEX(CALC!$E$5:$E$25,MATCH(표시연도,CALC!$B$5:$B$25,0)) | F9: =INDEX(CALC!$E$5:$E$25,MATCH(2027,CALC!$B$5:$B$25,0)) | G9: =INDEX(CALC!$E$5:$E$25,MATCH(2028,CALC!$B$5:$B$25,0)) | H9: =INDEX(CALC!$E$5:$E$25,MATCH(2029,CALC!$B$5:$B$25,0)) | I9: =INDEX(CALC!$E$5:$E$25,MATCH(2030,CALC!$B$5:$B$25,0)) | J9: ▶ 근거
A10: ③ 경쟁 현황 | B10: NSA MS (상급종합병원) | C10: ='근거_NSA수량(IQVIA기준)'!I16 | D10: · 전체기간 선형(레벨보정, 하한 55%) — 백테스트 MAPE 2.9% | E10: ='근거_NSA수량(IQVIA기준)'!J16 | F10: ='근거_NSA수량(IQVIA기준)'!K16 | G10: ='근거_NSA수량(IQVIA기준)'!L16 | H10: ='근거_NSA수량(IQVIA기준)'!M16 | I10: ='근거_NSA수량(IQVIA기준)'!N16 | J10: ▶ 근거
B11: NSA MS (종합병원) | C11: ='근거_NSA수량(IQVIA기준)'!I17 | D11: · S-curve(로짓변환+저점앵커, 상한 56%) — 백테스트 MAPE 3.8% | E11: ='근거_NSA수량(IQVIA기준)'!J17 | F11: ='근거_NSA수량(IQVIA기준)'!K17 | G11: ='근거_NSA수량(IQVIA기준)'!L17 | H11: ='근거_NSA수량(IQVIA기준)'!M17 | I11: ='근거_NSA수량(IQVIA기준)'!N17 | J11: ▶ 근거
B12: NSA MS (병원·의원) | C12: ='근거_NSA수량(IQVIA기준)'!I18 | D12: · 병원 롤링 4분기 평균 / 의원 EWMA(α=0.3) flat — MAPE 8.9~10.3% (표시값은 병원) | E12: ='근거_NSA수량(IQVIA기준)'!J18 | F12: ='근거_NSA수량(IQVIA기준)'!K18 | G12: ='근거_NSA수량(IQVIA기준)'!L18 | H12: ='근거_NSA수량(IQVIA기준)'!M18 | I12: ='근거_NSA수량(IQVIA기준)'!N18 | J12: ▶ 근거
B13: NSA MS (전체) | C13: =CALC!I20 | D13: · Σ 종별 NSA 수량 ÷ Ramosetron 시장 수량 | E13: =INDEX(CALC!$I$5:$I$25,MATCH(표시연도,CALC!$B$5:$B$25,0)) | F13: =INDEX(CALC!$I$5:$I$25,MATCH(2027,CALC!$B$5:$B$25,0)) | G13: =INDEX(CALC!$I$5:$I$25,MATCH(2028,CALC!$B$5:$B$25,0)) | H13: =INDEX(CALC!$I$5:$I$25,MATCH(2029,CALC!$B$5:$B$25,0)) | I13: =INDEX(CALC!$I$5:$I$25,MATCH(2030,CALC!$B$5:$B$25,0)) | J13: ▶ 근거
A14: ④ 시장매출 | B14: DSKR 매출수량 (A) | C14: =INDEX(근거_매출!$B$10:$N$10,표시연도-1-2017) | D14: · NSA 수량(IQVIA, A) ÷ 전환비율(FY24~25 평균 1.044) → SAP 판매 수량 환산 | E14: =INDEX(근거_매출!$B$10:$N$10,표시연도-2017) | F14: =INDEX(근거_매출!$B$10:$N$10,2027-2017) | G14: =INDEX(근거_매출!$B$10:$N$10,2028-2017) | H14: =INDEX(근거_매출!$B$10:$N$10,2029-2017) | I14: =INDEX(근거_매출!$B$10:$N$10,2030-2017) | J14: ▶ 근거
B15: 연도별 단가 (원/A) | C15: =근거_매출!B27 | D15: · FY2026 목표단가 69,056원/5A ÷ 5 = 13,811원/A × 약가 배율 (인하 고시 없음 → 100% 유지, 근거_매출 28행에서 조정) | E15: =INDEX(근거_매출!$B$29:$N$29,표시연도-2017) | F15: =INDEX(근거_매출!$B$29:$N$29,2027-2017) | G15: =INDEX(근거_매출!$B$29:$N$29,2028-2017) | H15: =INDEX(근거_매출!$B$29:$N$29,2029-2017) | I15: =INDEX(근거_매출!$B$29:$N$29,2030-2017) | J15: ▶ 근거
A17: ▶ 결과 | B17: Ramosetron 시장 (수량, A) | C17: =CALC!E20 | D17: Σ 종별 전신마취환자수 × 종별 환자당 사용량 | E17: =INDEX(CALC!$E$5:$E$25,MATCH(표시연도,CALC!$B$5:$B$25,0)) | F17: =INDEX(CALC!$E$5:$E$25,MATCH(2027,CALC!$B$5:$B$25,0)) | G17: =INDEX(CALC!$E$5:$E$25,MATCH(2028,CALC!$B$5:$B$25,0)) | H17: =INDEX(CALC!$E$5:$E$25,MATCH(2029,CALC!$B$5:$B$25,0)) | I17: =INDEX(CALC!$E$5:$E$25,MATCH(2030,CALC!$B$5:$B$25,0)) | J17: ▶ 근거
B18: NSA 수량 (IQVIA, A) | C18: =CALC!H20 | D18: Σ 종별 Ramosetron 수량 × 종별 NSA MS | E18: =INDEX(CALC!$H$5:$H$25,MATCH(표시연도,CALC!$B$5:$B$25,0)) | F18: =INDEX(CALC!$H$5:$H$25,MATCH(2027,CALC!$B$5:$B$25,0)) | G18: =INDEX(CALC!$H$5:$H$25,MATCH(2028,CALC!$B$5:$B$25,0)) | H18: =INDEX(CALC!$H$5:$H$25,MATCH(2029,CALC!$B$5:$B$25,0)) | I18: =INDEX(CALC!$H$5:$H$25,MATCH(2030,CALC!$B$5:$B$25,0)) | J18: ▶ 근거
B19: NSA SAP매출 (백만원) | C19: =INDEX(근거_매출!$B$32:$N$32,표시연도-1-2017) | D19: DSKR 매출수량 × 연도별 단가 | E19: =INDEX(근거_매출!$B$32:$N$32,표시연도-2017) | F19: =INDEX(근거_매출!$B$32:$N$32,2027-2017) | G19: =INDEX(근거_매출!$B$32:$N$32,2028-2017) | H19: =INDEX(근거_매출!$B$32:$N$32,2029-2017) | I19: =INDEX(근거_매출!$B$32:$N$32,2030-2017) | J19: ▶ 근거
H20: ="※ 시나리오 밴드(FY2030): "&TEXT(근거_매출!N36,"#,##0")&" ~ "&TEXT(근거_매출!N35,"#,##0")&" (MS ±10%p) · "&TEXT(근거_매출!N38,"#,##0")&" ~ "&TEXT(근거_매출!N37,"#,##0")&" (±5%p) →" | I20: =HYPERLINK("#'FCST RESULT'!A1","상세: FCST RESULT ▶")
B22: ※ 기준 수치 - 출처 및 기준연도
B23: ① 환자 현황 (연령별 전신마취환자수): NHIS 진료행위 통계 L1211·L1212, CY2025 · 행위별 청구분 기준(포괄수가 DRG 제외 → 실제보다 약 15% 적음, 모델 내 배분 기준으로만 사용)
B24: ② 시장 구조: 종별 환자비율 HIRA 분기 실측(~2026Q1) / Ramosetron 시장 수량 IQVIA, CY2025 / 흡입마취제 종별 비율 NHIS N01AB, CY2025
B25: ③ 경쟁 현황 (종별 NSA MS): IQVIA NASEA 수량 × SS-Chart 종별 비율 ÷ 종별 Ramosetron 수량, 2026Q1
B26: ④ 시장매출(수량·단가): SAP 실측 FY2025 / 단가: FY2026 목표단가 (NASEA Inj. 0.3mg/5A)
B29: ■ 부록 — 백테스트 (종별 NSA MS 예측방식 walk-forward, 2020Q1~2026Q1)
B30: 종별 NSA MS | C30: 예측 방식 | D30: 백테스트 MAPE | E30: 판정
B31: 상급종합병원 MS | C31: 전체기간선형(레벨보정) | D31: 2.92% | E31: 채택
B32: 종합병원 MS | C32: S-curve(로짓+저점앵커) | D32: 3.83% | E32: 채택
B33: 병원 MS | C33: 롤링 4분기 평균 | D33: 8.89% | E33: 채택 (표본 소)
B34: 의원 MS | C34: EWMA(α=0.3) | D34: 10.30% | E34: 채택 (표본 소)
B35: · 방법: 2020Q1~2026Q1 분기 실측 walk-forward 백테스트(근거_NSA수량 [참고] 30~36행에서 이관). 각 종별 MS 예측 방식을 후보 중 MAPE 최소 방식으로 채택.
B36: · 결론: 상급종합·종합병원(NSA 수량의 95%)은 MAPE 3~4%로 안정, 병원·의원은 표본이 작아 오차 9~10% — 분기 모니터링 대상

Sheet 근거_전신마취환자수
A2: 전신마취 환자수 산출 : NHIS 데이터 기반 예측
B4: ◀ 실측 (NHIS, 2010~2025) | R4: 예측 (2025~2030) ▶
A5: 구분 / 연도 ▶ | B5: 2010 | C5: 2011 | D5: 2012 | E5: 2013 | F5: 2014 | G5: 2015 | H5: 2016 | I5: 2017 | J5: 2018 | K5: 2019 | L5: 2020 | M5: 2021 | N5: 2022 | O5: 2023 | P5: 2024 | Q5: 2025 | R5: 2026 | S5: 2027 | T5: 2028 | U5: 2029 | V5: 2030
A6: ■ A. 인구 (명) [통계청 장래인구추계, 중위]
A7: 0-9세 | B7: 4769730 | C7: 4651969 | D7: 4607872 | E7: 4589149 | F7: 4547518 | G7: 4541197 | H7: 4537256 | I7: 4460206 | J7: 4327663 | K7: 4206519 | L7: 4054901 | M7: 3850627 | N7: 3636125 | O7: 3415474 | P7: 3211594 | Q7: 2986799 | R7: 2774527 | S7: 2617033 | T7: 2507428 | U7: 2434549 | V7: 2396575
A8: 10-19세 | B8: 6638502 | C8: 6588027 | D8: 6404935 | E8: 6176138 | F8: 5955904 | G8: 5710954 | H8: 5459511 | I8: 5246532 | J8: 5087396 | K8: 4927537 | L8: 4769187 | M8: 4643600 | N8: 4599712 | O8: 4590838 | P8: 4546494 | Q8: 4538674 | R8: 4530952 | S8: 4460471 | T8: 4324683 | U8: 4195539 | V8: 4046514
A9: 20-29세 | B9: 6973154 | C9: 6840475 | D9: 6733813 | E9: 6686161 | F9: 6716535 | G9: 6781422 | H9: 6839660 | I9: 6897818 | J9: 6991259 | K9: 7026828 | L9: 7037893 | M9: 6953529 | N9: 6734021 | O9: 6548381 | P9: 6372432 | Q9: 6136764 | R9: 5887622 | S9: 5678166 | T9: 5510243 | U9: 5341561 | V9: 5157518
A10: 30-39세 | B10: 8264820 | C10: 8208754 | D10: 8146381 | E10: 8035971 | F10: 7899840 | G10: 7763702 | H10: 7652940 | I10: 7545842 | J10: 7456227 | K10: 7358231 | L10: 7174782 | M10: 6989477 | N10: 6872945 | O10: 6874383 | P10: 6913023 | Q10: 6975568 | R10: 7037580 | S10: 7096790 | T10: 7152255 | U10: 7158328 | V10: 7156565
A11: 40-49세 | B11: 8578079 | C11: 8600111 | D11: 8657375 | E11: 8653288 | F11: 8774714 | G11: 8752417 | H11: 8671799 | I11: 8585346 | J11: 8504579 | K11: 8335481 | L11: 8257903 | M11: 8158318 | N11: 8097011 | O11: 7993159 | P11: 7852297 | Q11: 7717016 | R11: 7624180 | S11: 7530657 | T11: 7417118 | U11: 7309393 | V11: 7147423
A12: 50-59세 | B12: 6751678 | C12: 7229163 | D12: 7504944 | E12: 7821975 | F12: 8033801 | G12: 8173256 | H12: 8305212 | I12: 8389739 | J12: 8462781 | K12: 8593283 | L12: 8575336 | M12: 8539374 | N12: 8603509 | O12: 8596363 | P12: 8705899 | Q12: 8660370 | R12: 8586606 | S12: 8508537 | T12: 8417195 | U12: 8247351 | V12: 8195954
A13: 60-69세 | B13: 4090354 | C13: 4149296 | D13: 4252495 | E13: 4358060 | F13: 4546950 | G13: 4856462 | H13: 5204346 | I13: 5456887 | J13: 5745656 | K13: 6076571 | L13: 6476602 | M13: 6959660 | N13: 7211963 | O13: 7532388 | P13: 7720341 | Q13: 7844071 | R13: 7980101 | S13: 8068291 | T13: 8139161 | U13: 8263910 | V13: 8262115
A14: 70-79세 | B14: 2565169 | C14: 2688344 | D14: 2841451 | E14: 2982923 | F14: 3062150 | G14: 3130047 | H14: 3129288 | I14: 3251115 | J14: 3374539 | K14: 3475741 | L14: 3598811 | M14: 3657969 | N14: 3761305 | O14: 3871775 | P14: 4046445 | Q14: 4347619 | R14: 4665354 | S14: 4907263 | T14: 5183887 | U14: 5496486 | V14: 5869554
A15: 80세 이상 | B15: 922626 | C15: 980499 | D15: 1050587 | E15: 1125228 | F15: 1209247 | G15: 1305490 | H15: 1417791 | I15: 1528426 | J15: 1634958 | K15: 1764631 | L15: 1890824 | M15: 2016985 | N15: 2155978 | O15: 2289858 | P15: 2382540 | Q15: 2477683 | R15: 2522199 | S15: 2667343 | T15: 2807907 | U15: 2936935 | V15: 3073495
A17: 전체 인구 | B17: =SUM(B7:B15) | C17: =SUM(C7:C15) | D17: =SUM(D7:D15) | E17: =SUM(E7:E15) | F17: =SUM(F7:F15) | G17: =SUM(G7:G15) | H17: =SUM(H7:H15) | I17: =SUM(I7:I15) | ... V17: =SUM(V7:V15)
A19: ■ B. 전신마취 환자 연령별 비율 (%) [2010~2024 : 환자수(C) ÷ 인구(A) | 2026~2030 : 연령대별 추세에 따른 차별화된(선형회귀·평균)1 추정 방식 적용]
A20: 0-9세 | B20: =B33/B7 | C20: =C33/C7 | D20: =D33/D7 | E20: =E33/E7 | F20: =F33/F7 | G20: =G33/G7 | H20: =H33/H7 | I20: =I33/I7 | ... Q20: =Q33/Q7 | R20: =$L54 | S20: =$L54 | T20: =$L54 | U20: =$L54 | V20: =$L54
A21: 10-19세 | B21: =B34/B8 | C21: =C34/C8 | D21: =D34/D8 | E21: =E34/E8 | F21: =F34/F8 | G21: =G34/G8 | H21: =H34/H8 | I21: =I34/I8 | ... Q21: =Q34/Q8 | R21: =$L55 | S21: =$L55 | T21: =$L55 | U21: =$L55 | V21: =$L55
A22: 20-29세 | B22: =B35/B9 | C22: =C35/C9 | D22: =D35/D9 | E22: =E35/E9 | F22: =F35/F9 | G22: =G35/G9 | H22: =H35/H9 | I22: =I35/I9 | ... Q22: =Q35/Q9 | R22: =$L56 | S22: =$L56 | T22: =$L56 | U22: =$L56 | V22: =$L56
A23: 30-39세 | B23: =B36/B10 | C23: =C36/C10 | D23: =D36/D10 | E23: =E36/E10 | F23: =F36/F10 | G23: =G36/G10 | H23: =H36/H10 | I23: =I36/I10 | ... Q23: =Q36/Q10 | R23: =$C$57*R$5+$D$57 | S23: =$C$57*S$5+$D$57 | T23: =$C$57*T$5+$D$57 | U23: =$C$57*U$5+$D$57 | V23: =$C$57*V$5+$D$57
A24: 40-49세 | B24: =B37/B11 | C24: =C37/C11 | D24: =D37/D11 | E24: =E37/E11 | F24: =F37/F11 | G24: =G37/G11 | H24: =H37/H11 | I24: =I37/I11 | ... Q24: =Q37/Q11 | R24: =$C$58*R$5+$D$58 | S24: =$C$58*S$5+$D$58 | T24: =$C$58*T$5+$D$58 | U24: =$C$58*U$5+$D$58 | V24: =$C$58*V$5+$D$58
A25: 50-59세 | B25: =B38/B12 | C25: =C38/C12 | D25: =D38/D12 | E25: =E38/E12 | F25: =F38/F12 | G25: =G38/G12 | H25: =H38/H12 | I25: =I38/I12 | ... Q25: =Q38/Q12 | R25: =$C$59*R$5+$D$59 | S25: =$C$59*S$5+$D$59 | T25: =$C$59*T$5+$D$59 | U25: =$C$59*U$5+$D$59 | V25: =$C$59*V$5+$D$59
A26: 60-69세 | B26: =B39/B13 | C26: =C39/C13 | D26: =D39/D13 | E26: =E39/E13 | F26: =F39/F13 | G26: =G39/G13 | H26: =H39/H13 | I26: =I39/I13 | ... Q26: =Q39/Q13 | R26: =$L60 | S26: =$L60 | T26: =$L60 | U26: =$L60 | V26: =$L60
A27: 70-79세 | B27: =B40/B14 | C27: =C40/C14 | D27: =D40/D14 | E27: =E40/E14 | F27: =F40/F14 | G27: =G40/G14 | H27: =H40/H14 | I27: =I40/I14 | ... Q27: =Q40/Q14 | R27: =$L61 | S27: =$L61 | T27: =$L61 | U27: =$L61 | V27: =$L61
A28: 80세 이상 | B28: =B41/B15 | C28: =C41/C15 | D28: =D41/D15 | E28: =E41/E15 | F28: =F41/F15 | G28: =G41/G15 | H28: =H41/H15 | I28: =I41/I15 | ... Q28: =Q41/Q15 | R28: =$L62 | S28: =$L62 | T28: =$L62 | U28: =$L62 | V28: =$L62
A30: 전체 비율 | B30: =B42/B17 | C30: =C42/C17 | D30: =D42/D17 | E30: =E42/E17 | F30: =F42/F17 | G30: =G42/G17 | H30: =H42/H17 | I30: =I42/I17 | ... V30: =V42/V17
A32: ■ C. 전신마취 환자수 (명) [2010~2025 : NHIS L1211+1212 실측 | 2026~2030 : 인구(A) ×유병률(B)]
A33: 0-9세 | B33: 91549 | C33: 94141 | D33: 91485 | E33: 81220 | F33: 69973 | G33: 68365 | H33: 69178 | I33: 66073 | J33: 63030 | K33: 65230 | L33: 60427 | M33: 60799 | N33: 52238 | O33: 56676 | P33: 51839 | Q33: 50130 | R33: =R7*R20 | S33: =S7*S20 | T33: =T7*T20 | U33: =U7*U20 | V33: =V7*V20
A34: 10-19세 | B34: 85028 | C34: 85974 | D34: 83270 | E34: 68438 | F34: 59440 | G34: 57229 | H34: 54783 | I34: 52126 | J34: 50607 | K34: 52324 | L34: 46041 | M34: 48668 | N34: 47831 | O34: 54607 | P34: 50925 | Q34: 48269 | R34: =R8*R21 | S34: =S8*S21 | T34: =T8*T21 | U34: =U8*U21 | V34: =V8*V21
A35: 20-29세 | B35: 106295 | C35: 104595 | D35: 96499 | E35: 79774 | F35: 71919 | G35: 70926 | H35: 72683 | I35: 72896 | J35: 73407 | K35: 76718 | L35: 80056 | M35: 83325 | N35: 73269 | O35: 79137 | P35: 68668 | Q35: 63263 | R35: =R9*R22 | S35: =S9*S22 | T35: =T9*T22 | U35: =U9*U22 | V35: =V9*V22
A36: 30-39세 | B36: 160278 | C36: 164919 | D36: 155026 | E36: 128602 | F36: 111068 | G36: 105403 | H36: 108007 | I36: 109215 | J36: 115054 | K36: 121341 | L36: 128162 | M36: 136317 | N36: 124795 | O36: 141642 | P36: 143729 | Q36: 146765 | R36: =R10*R23 | S36: =S10*S23 | T36: =T10*T23 | U36: =U10*U23 | V36: =V10*V23
A37: 40-49세 | B37: 186193 | C37: 194364 | D37: 197341 | E37: 179260 | F37: 160846 | G37: 155333 | H37: 159218 | I37: 163077 | J37: 164682 | K37: 172066 | L37: 177078 | M37: 188877 | N37: 176764 | O37: 200802 | P37: 193171 | Q37: 189380 | R37: =R11*R24 | S37: =S11*S24 | T37: =T11*T24 | U37: =U11*U24 | V37: =V11*V24
A38: 50-59세 | B38: 183476 | C38: 210154 | D38: 228633 | E38: 226930 | F38: 216983 | G38: 212264 | H38: 220085 | I38: 224670 | J38: 226503 | K38: 235230 | L38: 229149 | M38: 233720 | N38: 209986 | O38: 233718 | P38: 216988 | Q38: 208245 | R38: =R12*R25 | S38: =S12*S25 | T38: =T12*T25 | U38: =U12*U25 | V38: =V12*V25
A39: 60-69세 | B39: 142696 | C39: 151713 | D39: 162479 | E39: 161483 | F39: 160733 | G39: 166083 | H39: 184401 | I39: 195728 | J39: 208663 | K39: 227810 | L39: 235289 | M39: 264146 | N39: 245410 | O39: 285692 | P39: 263680 | Q39: 256213 | R39: =R13*R26 | S39: =S13*S26 | T39: =T13*T26 | U39: =U13*U26 | V39: =V13*V26
A40: 70-79세 | B40: 85079 | C40: 94253 | D40: 107145 | E40: 112868 | F40: 112731 | G40: 115519 | H40: 124513 | I40: 131691 | J40: 141224 | K40: 154468 | L40: 154805 | M40: 168787 | N40: 157255 | O40: 182283 | P40: 171560 | Q40: 176851 | R40: =R14*R27 | S40: =S14*S27 | T40: =T14*T27 | U40: =U14*U27 | V40: =V14*V27
A41: 80세 이상 | B41: 16600 | C41: 19224 | D41: 22599 | E41: 24942 | F41: 26737 | G41: 30632 | H41: 35933 | I41: 41037 | J41: 46209 | K41: 52818 | L41: 56532 | M41: 64359 | N41: 64234 | O41: 77794 | P41: 71940 | Q41: 72465 | R41: =R15*R28 | S41: =S15*S28 | T41: =T15*T28 | U41: =U15*U28 | V41: =V15*V28
A42: ▶ 전체 전신마취 환자수 | B42: =SUM(B33:B41) | C42: =SUM(C33:C41) | D42: =SUM(D33:D41) | E42: =SUM(E33:E41) | F42: =SUM(F33:F41) | G42: =SUM(G33:G41) | H42: =SUM(H33:H41) | I42: =SUM(I33:I41) | ... V42: =SUM(V33:V41)
A43: 성장률(YoY) | C43: =C42/B42-1 | D43: =D42/C42-1 | E43: =E42/D42-1 | F43: =F42/E42-1 | G43: =G42/F42-1 | H43: =H42/G42-1 | I43: =I42/H42-1 | J43: =J42/I42-1 | ... V43: =V42/U42-1
B45: [참고]
B46: 1)연령대별 전신마취 환자 비율 추정 방법
B47: *분석 데이터: | C47: 2010~2024년 실측 데이터 (50대 미만에서는 2013년 데이터 구조적 변화 확인으로 이후 구간 적용)
B48: *추정 방식: | C48: • 추세 유 (30~50대): 선형회귀 연장 (비율 = 기울기 × 연도 + 절편)
C49: • 추세 무 (기타 연령대): 최근 5개년(21~25년) 평균값 적용
B50: *주의사항: | C50: NHIS 진료행위 통계 집계 시, 포괄수가 청구건은 마취행위(L1211, L1212)에 별도 누적·집계되지 않음
B51: *방법 적합성은 2021~2025년 실제 데이터(walk-forward 백테스트, MAPE 기준)로 사전 검증 후 채택
B53: 연령대 | C53: 기울기(slope) | D53: 절편(intercept) | E53: R² | F53: 적합구간 | I53: 적용방법 | L53: 적용값(%, 평균법만 해당)
B54: 0-9세 | C54: =SLOPE(E20:Q20,$E$5:$Q$5) | D54: =INTERCEPT(E20:Q20,$E$5:$Q$5) | E54: =RSQ(E20:Q20,$E$5:$Q$5) | F54: 2013-2025 (12개년, 단절이후); 참고용 | I54: 평균(최근5개년 2021-2025) | L54: =AVERAGE(M20:Q20)
B55: 10-19세 | C55: =SLOPE(E21:Q21,$E$5:$Q$5) | D55: =INTERCEPT(E21:Q21,$E$5:$Q$5) | E55: =RSQ(E21:Q21,$E$5:$Q$5) | F55: 2013-2025 (12개년, 단절이후); 참고용 | I55: 평균(최근5개년 2021-2025) | L55: =AVERAGE(M21:Q21)
B56: 20-29세 | C56: =SLOPE(E22:Q22,$E$5:$Q$5) | D56: =INTERCEPT(E22:Q22,$E$5:$Q$5) | E56: =RSQ(E22:Q22,$E$5:$Q$5) | F56: 2013-2025 (12개년, 단절이후); 참고용 | I56: 평균(최근5개년 2021-2025) | L56: =AVERAGE(M22:Q22)
B57: 30-39세 | C57: =SLOPE(E23:Q23,$E$5:$Q$5) | D57: =INTERCEPT(E23:Q23,$E$5:$Q$5) | E57: =RSQ(E23:Q23,$E$5:$Q$5) | F57: 2013-2025 (12개년, 단절이후) | I57: 선형회귀(추세 유의, p<0.05) | L57: -
B58: 40-49세 | C58: =SLOPE(E24:Q24,$E$5:$Q$5) | D58: =INTERCEPT(E24:Q24,$E$5:$Q$5) | E58: =RSQ(E24:Q24,$E$5:$Q$5) | F58: 2013-2025 (12개년, 단절이후) | I58: 선형회귀(추세 유의, p<0.05) | L58: -
B59: 50-59세 | C59: =SLOPE(B25:Q25,$B$5:$Q$5) | D59: =INTERCEPT(B25:Q25,$B$5:$Q$5) | E59: =RSQ(B25:Q25,$B$5:$Q$5) | F59: 2010-2025 (15개년, 전체) | I59: 선형회귀(추세 유의, p<0.05) | L59: -
B60: 60-69세 | C60: =SLOPE(B26:Q26,$B$5:$Q$5) | D60: =INTERCEPT(B26:Q26,$B$5:$Q$5) | E60: =RSQ(B26:Q26,$B$5:$Q$5) | F60: 2010-2025 (15개년, 전체); 참고용 | I60: 평균(최근5개년 2021-2025) | L60: =AVERAGE(M26:Q26)
B61: 70-79세 | C61: =SLOPE(B27:Q27,$B$5:$Q$5) | D61: =INTERCEPT(B27:Q27,$B$5:$Q$5) | E61: =RSQ(B27:Q27,$B$5:$Q$5) | F61: 2010-2025 (15개년, 전체); 참고용 | I61: 평균(최근5개년 2021-2025) | L61: =AVERAGE(M27:Q27)
B62: 80세 이상 | C62: =SLOPE(B28:Q28,$B$5:$Q$5) | D62: =INTERCEPT(B28:Q28,$B$5:$Q$5) | E62: =RSQ(B28:Q28,$B$5:$Q$5) | F62: 2010-2025 (15개년, 전체); 참고용 | I62: 평균(최근5개년 2021-2025) | L62: =AVERAGE(M28:Q28)
B64: ※ 출처 : 통계청, NHIS
B65: ※ 범례
B66: · 외부 입력 데이터: 청색(Blue) 표기
B67: · 예측 변수(또는 예측치): 녹색(Green) 표기
B68: · 최종 산출 결과: 황색(Yellow) 음영 행
B71: ■ 데이터 유의사항 — 포괄수가(DRG) 청구분 제외
B72: ① 본 환자수는 행위별 청구분만 집계된 수치(7개 질병군 포괄수가(DRG) 청구건은 마취 행위코드(L1211·L1212)가 집계되지 않아 제외 (심평원 진료행위 통계 산출기준: "서면청구건과 DRG 청구건은 통계에서 제외"))
B73: ② 2013~2014년 꺾임은 실제 수술 감소가 아니라 청구 범위 변화. (2012.7 병·의원 의무화 → 2013.7 종합병원·상급종합 확대. 0~49세 -3%(2012) / -14%(2013) / -12%(2014), 50세 이상은 변동 없음(편도·충수·탈장·제왕절개·자궁부속기·항문 = 젊은 층 수술))
B74: ③ 시장 규모로 인용 금지: 실제 전신마취 환자는 본 수치보다 약 15% 이상 많음. 본 데이터는 "행위별 청구 기준(포괄수가 제외)"임
B75: ④ 모델 내 용도: 종별 배분 기준으로만 사용함 (근거_Ramosetron 시장 수량 C(환자당 사용량)에서 같은 분모로 나눈 뒤 다시 곱하므로, 포괄수가 몫이 빠져 있어도 라모세트론 수량·매출 예측치에는 영향이 없습니다(포괄수가 수량을 별도로 더하면 이중 계산이 되므로 주의))
B76: ⑤ 예측 회귀는 단절 이후(2013~2025) 구간을 사용했으며, 빠지는 비중이 다시 바뀌면(신포괄수가 확대·질병군 추가) 환자수가 아닌 종별 사용량을 재산정 필요→ 모니터링_분기별 하단 "청구 범위 변화 점검" 참조

Sheet 근거_종별전신마취환자수
A2: 종별 전신마취 환자수 : HIRA 종별 분기 실측 기반 회복모형 (2026년 상한 도달 가정)
B4: ◀ 실측 (NHIS, 2010~2024) | R4: 예측 (2026~2030) ▶
A5: 구분 / CY연도 ▶ | B5: 2010 | C5: 2011 | D5: 2012 | E5: 2013 | F5: 2014 | G5: 2015 | H5: 2016 | I5: 2017 | J5: 2018 | K5: 2019 | L5: 2020 | M5: 2021 | N5: 2022 | O5: 2023 | P5: 2024 | Q5: 2025 | R5: 2026 | S5: 2027 | T5: 2028 | U5: 2029 | V5: 2030
A6: ■ A. 전신마취 환자수 (명) [근거_전신마취환자수 참조]
A7: 전신마취환자수 (전체) | B7: ='근거_전신마취환자수'!B42 | C7: ='근거_전신마취환자수'!C42 | D7: ='근거_전신마취환자수'!D42 | E7: ='근거_전신마취환자수'!E42 | F7: ='근거_전신마취환자수'!F42 | G7: ='근거_전신마취환자수'!G42 | H7: ='근거_전신마취환자수'!H42 | I7: ='근거_전신마취환자수'!I42 | ... V7: ='근거_전신마취환자수'!V42
A9: ■ B. 종별 전신마취환자수 비율 [CY2014~24 : NHIS L1211+1212 | 2025 : 회복모형 | 2026~30 : 상한선(추세) 도달 가정]
A10: 상급종합병원 | B10: 0.40611575 | C10: 0.39892588 | D10: 0.41059265 | E10: 0.41523841 | F10: 0.41285457 | G10: 0.42658297 | H10: 0.43335215 | I10: 0.42967143 | J10: 0.41723829 | K10: 0.41075162 | L10: 0.39369144 | M10: 0.41385486 | N10: 0.40923663 | O10: 0.40352919 | P10: 0.32349471 | Q10: 0.33476881 | R10: =(Z56+AA56+AB56+AC56)/R7 | S10: =(AD56+AE56+AF56+AG56)/S7 | T10: =(AH56+AI56+AJ56+AK56)/T7 | U10: =(AL56+AM56+AN56+AO56)/U7 | V10: =(AP56+AQ56+AR56+AS56)/V7
A11: 종합병원 | B11: 0.34194774 | C11: 0.34789424 | D11: 0.35025632 | E11: 0.34764788 | F11: 0.33372282 | G11: 0.3240481 | H11: 0.32375132 | I11: 0.3257661 | J11: 0.33276331 | K11: 0.34437743 | L11: 0.35498678 | M11: 0.33924543 | N11: 0.34967121 | O11: 0.35835193 | P11: 0.39541189 | Q11: 0.38699743 | R11: =(Z57+AA57+AB57+AC57)/R7 | S11: =(AD57+AE57+AF57+AG57)/S7 | T11: =(AH57+AI57+AJ57+AK57)/T7 | U11: =(AL57+AM57+AN57+AO57)/U7 | V11: =(AP57+AQ57+AR57+AS57)/V7
A12: 병원급 | B12: 0.19372148 | C12: 0.19962898 | D12: 0.20014809 | E12: 0.20717851 | F12: 0.22170493 | G12: 0.22034575 | H12: 0.21655756 | I12: 0.21698443 | J12: 0.2175548 | K12: 0.21005733 | L12: 0.21080823 | M12: 0.20252056 | N12: 0.19259813 | O12: 0.18617874 | P12: 0.21415637 | Q12: 0.20410908 | R12: =(Z58+AA58+AB58+AC58)/R7 | S12: =(AD58+AE58+AF58+AG58)/S7 | T12: =(AH58+AI58+AJ58+AK58)/T7 | U12: =(AL58+AM58+AN58+AO58)/U7 | V12: =(AP58+AQ58+AR58+AS58)/V7
A13: 의원급 | B13: 0.058199908 | C13: 0.053533934 | D13: 0.038989842 | E13: 0.029926745 | F13: 0.031712638 | G13: 0.029019111 | H13: 0.026336061 | I13: 0.02757616 | J13: 0.032442673 | K13: 0.034813628 | L13: 0.040512684 | M13: 0.044378345 | N13: 0.048494027 | O13: 0.051940139 | P13: 0.066937042 | Q13: 0.074124683 | R13: =(Z59+AA59+AB59+AC59)/R7 | S13: =(AD59+AE59+AF59+AG59)/S7 | T13: =(AH59+AI59+AJ59+AK59)/T7 | U13: =(AL59+AM59+AN59+AO59)/U7 | V13: =(AP59+AQ59+AR59+AS59)/V7
A14: 보건기관등 | B14: 1.5123488e-05 | C14: 1.6961741e-05 | D14: 1.3097611e-05 | E14: 8.4568027e-06 | F14: 5.0451236e-06 | G14: 4.0714292e-06 | H14: 2.9141407e-06 | I14: 1.8918881e-06 | J14: 9.1741857e-07 | K14: 0 | L14: 8.5607057e-07 | M14: 8.0022983e-07 | N14: 0 | O14: 0 | P14: 0 | Q14: 0 | R14: 0 | S14: 0 | T14: 0 | U14: 0 | V14: 0
A16: ■ C. 종별 전신마취환자수 [전신마취환자수(A) x 종별 비율(B)]
A17: 상급종합병원 | B17: =B$7*B10 | C17: =C$7*C10 | D17: =D$7*D10 | E17: =E$7*E10 | F17: =F$7*F10 | G17: =G$7*G10 | H17: =H$7*H10 | I17: =I$7*I10 | ... V17: =V$7*V10
A18: 종합병원 | B18: =B$7*B11 | C18: =C$7*C11 | D18: =D$7*D11 | E18: =E$7*E11 | F18: =F$7*F11 | G18: =G$7*G11 | H18: =H$7*H11 | I18: =I$7*I11 | ... V18: =V$7*V11
A19: 병원급 | B19: =B$7*B12 | C19: =C$7*C12 | D19: =D$7*D12 | E19: =E$7*E12 | F19: =F$7*F12 | G19: =G$7*G12 | H19: =H$7*H12 | I19: =I$7*I12 | ... V19: =V$7*V12
A20: 의원급 | B20: =B$7*B13 | C20: =C$7*C13 | D20: =D$7*D13 | E20: =E$7*E13 | F20: =F$7*F13 | G20: =G$7*G13 | H20: =H$7*H13 | I20: =I$7*I13 | ... V20: =V$7*V13
A21: 보건기관등 | B21: =B$7*B14 | C21: =C$7*C14 | D21: =D$7*D14 | E21: =E$7*E14 | F21: =F$7*F14 | G21: =G$7*G14 | H21: =H$7*H14 | I21: =I$7*I14 | ... V21: =V$7*V14
A23: ■ D. 종별 비율 회복모형 파라미터 [분기 실측(2025Q1~2025Q4) 선형추세 · 상한/하한 · 의원 S-curve]
B24: 연령대 | C24: 상한/하한 | D24: 기울기(slope) | E24: 절편(intercept) | F24: 기울기(logit,S-curve)
B25: 상급종합병원 환자비율 | C25: 0.41 | D25: =SLOPE(S44:Y44,$S$40:$Y$40) | E25: =INTERCEPT(S44:Y44,$S$40:$Y$40)
B26: 종합병원 환자비율 (분기) | C26: 0.4 | D26: =SLOPE(S45:Y45,$S$40:$Y$40) | E26: =INTERCEPT(S45:Y45,$S$40:$Y$40)
B27: 병원급 환자비율 (분기) | C27: 0.1 | D27: =SLOPE(S46:Y46,$S$40:$Y$40) | E27: =INTERCEPT(S46:Y46,$S$40:$Y$40)
B28: 의원급 환자비율 (분기) | C28: 0.1 | D28: =SLOPE(S47:Y47,$S$40:$Y$40) | E28: =INTERCEPT(S47:Y47,$S$40:$Y$40) | F28: =SLOPE(S48:Z48,$S$40:$Z$40)
A30: ※ 출처 : NHIS 전신마취환자수 (2010~2025), HIRA 종별 분기 실측 (2020Q1~2026Q1)
A31: ※ 범례
A32: · 외부 입력 데이터: 청색(Blue) 표기
A33: · 예측 변수(또는 예측치): 녹색(Green) 표기
A34: · 최종 산출 결과: 황색(Yellow) 음영 행
A36: ■ B-1. 종별 비율 분기 모델 (B의 산출 근거) [CY 분기 실측 + 롤링 예측 → 4분기 합산으로 B·C의 2025~2030 값 생성]
A37: ※ B(종별환자비율)는 HIRA 분기실측 기반 분기 직접모델링 (백테스트로 연간모델 대비 정확도 확인). 종별 분기 환자수(56~59행)는 근거_Ramosetron 시장 수량의 종별 수량 산출에 사용
A39: 구분 / CY분기 ▶ | B39: 2020Q1 | C39: 2020Q2 | D39: 2020Q3 | E39: 2020Q4 | F39: 2021Q1 | G39: 2021Q2 | H39: 2021Q3 | I39: 2021Q4 | J39: 2022Q1 | K39: 2022Q2 | L39: 2022Q3 | M39: 2022Q4 | N39: 2023Q1 | O39: 2023Q2 | P39: 2023Q3 | Q39: 2023Q4 | R39: 2024Q1 | S39: 2024Q2 | T39: 2024Q3 | U39: 2024Q4 | V39: 2025Q1 | W39: 2025Q2 | X39: 2025Q3 | Y39: 2025Q4 | Z39: 2026Q1 | AA39: 2026Q2 | AB39: 2026Q3 | AC39: 2026Q4 | AD39: 2027Q1 | AE39: 2027Q2 | AF39: 2027Q3 | AG39: 2027Q4 | AH39: 2028Q1 | AI39: 2028Q2 | AJ39: 2028Q3 | AK39: 2028Q4 | AL39: 2029Q1 | AM39: 2029Q2 | AN39: 2029Q3 | AO39: 2029Q4 | AP39: 2030Q1 | AQ39: 2030Q2 | AR39: 2030Q3 | AS39: 2030Q4 | AT39: 2031Q1
A40: 분기 순번(추세계산용) | B40: 1 | C40: 2 | D40: 3 | E40: 4 | F40: 5 | G40: 6 | H40: 7 | I40: 8 | J40: 9 | K40: 10 | L40: 11 | M40: 12 | N40: 13 | O40: 14 | P40: 15 | Q40: 16 | R40: 17 | S40: 18 | T40: 19 | U40: 20 | V40: 21 | W40: 22 | X40: 23 | Y40: 24 | Z40: 25 | AA40: 26 | AB40: 27 | AC40: 28 | AD40: 29 | AE40: 30 | AF40: 31 | AG40: 32 | AH40: 33 | AI40: 34 | AJ40: 35 | AK40: 36 | AL40: 37 | AM40: 38 | AN40: 39 | AO40: 40 | AP40: 41 | AQ40: 42 | AR40: 43 | AS40: 44 | AT40: 45
A41: ▶ 전체 전신마취환자수 (분기) [실측HIRA합계~2025Q4 / 미래는 연령모델 연간환자수×분기비중] | B41: 298057 | C41: 284248 | D41: 287449 | E41: 298374 | F41: 314963 | G41: 308831 | H41: 311462 | I41: 314385 | J41: 304354 | K41: 314775 | L41: 320993 | M41: 320425 | N41: 342701 | O41: 321578 | P41: 325581 | Q41: 323190 | R41: 320414 | S41: 291697 | T41: 308119 | U41: 312869 | V41: 329008 | W41: 322560 | X41: 350758 | Y41: 330334 | Z41: =R7*$B$62/($B$62+$B$63+$B$64+$B$65) | AA41: =R7*$B$63/($B$62+$B$63+$B$64+$B$65) | AB41: =R7*$B$64/($B$62+$B$63+$B$64+$B$65) | AC41: =R7*$B$65/($B$62+$B$63+$B$64+$B$65) | AD41: =S7*$B$62/($B$62+$B$63+$B$64+$B$65) | AE41: =S7*$B$63/($B$62+$B$63+$B$64+$B$65) | AF41: =S7*$B$64/($B$62+$B$63+$B$64+$B$65) | AG41: =S7*$B$65/($B$62+$B$63+$B$64+$B$65) | AH41: =T7*$B$62/($B$62+$B$63+$B$64+$B$65) | AI41: =T7*$B$63/($B$62+$B$63+$B$64+$B$65) | AJ41: =T7*$B$64/($B$62+$B$63+$B$64+$B$65) | AK41: =T7*$B$65/($B$62+$B$63+$B$64+$B$65) | AL41: =U7*$B$62/($B$62+$B$63+$B$64+$B$65) | AM41: =U7*$B$63/($B$62+$B$63+$B$64+$B$65) | AN41: =U7*$B$64/($B$62+$B$63+$B$64+$B$65) | AO41: =U7*$B$65/($B$62+$B$63+$B$64+$B$65) | AP41: =V7*$B$62/($B$62+$B$63+$B$64+$B$65) | AQ41: =V7*$B$63/($B$62+$B$63+$B$64+$B$65) | AR41: =V7*$B$64/($B$62+$B$63+$B$64+$B$65) | AS41: =V7*$B$65/($B$62+$B$63+$B$64+$B$65) | AT41: =(V7*V7/U7)*$B$62/($B$62+$B$63+$B$64+$B$65)
A43: [정규화 전 — 종별 독립 예측치 (상한·하한·S-curve 적용, 합이 100%가 아님 · 중간 계산)]
A44: 상급종합병원 환자비율 (분기) [실측HIRA / 미래는 최근4개분기평균] | B44: =원자료_분기실측!B5/B41 | C44: =원자료_분기실측!C5/C41 | D44: =원자료_분기실측!D5/D41 | E44: =원자료_분기실측!E5/E41 | F44: =원자료_분기실측!F5/F41 | G44: =원자료_분기실측!G5/G41 | H44: =원자료_분기실측!H5/H41 | I44: =원자료_분기실측!I5/I41 | ... Y44: =원자료_분기실측!Y5/Y41 | Z44: =MIN($C$25,$D25*Z$40+$E25) | AA44: =MIN($C$25,$D25*AA$40+$E25) | AB44: =MIN($C$25,$D25*AB$40+$E25) | AC44: =MIN($C$25,$D25*AC$40+$E25) | AD44: =MIN($C$25,$D25*AD$40+$E25) | AE44: =MIN($C$25,$D25*AE$40+$E25) | AF44: =MIN($C$25,$D25*AF$40+$E25) | AG44: =MIN($C$25,$D25*AG$40+$E25) | ... AT44: =MIN($C$25,$D25*AT$40+$E25)
A45: 종합병원 환자비율 (분기) [실측HIRA / 미래는 최근4개분기평균] | B45: =원자료_분기실측!B6/B41 | C45: =원자료_분기실측!C6/C41 | D45: =원자료_분기실측!D6/D41 | E45: =원자료_분기실측!E6/E41 | F45: =원자료_분기실측!F6/F41 | G45: =원자료_분기실측!G6/G41 | H45: =원자료_분기실측!H6/H41 | I45: =원자료_분기실측!I6/I41 | ... Y45: =원자료_분기실측!Y6/Y41 | Z45: =MAX($C$26,$D26*Z$40+$E26) | AA45: =MAX($C$26,$D26*AA$40+$E26) | AB45: =MAX($C$26,$D26*AB$40+$E26) | AC45: =MAX($C$26,$D26*AC$40+$E26) | AD45: =MAX($C$26,$D26*AD$40+$E26) | AE45: =MAX($C$26,$D26*AE$40+$E26) | AF45: =MAX($C$26,$D26*AF$40+$E26) | AG45: =MAX($C$26,$D26*AG$40+$E26) | ... AT45: =MAX($C$26,$D26*AT$40+$E26)
A46: 병원급 환자비율 (분기) [실측HIRA / 미래는 최근4개분기평균] | B46: =원자료_분기실측!B7/B41 | C46: =원자료_분기실측!C7/C41 | D46: =원자료_분기실측!D7/D41 | E46: =원자료_분기실측!E7/E41 | F46: =원자료_분기실측!F7/F41 | G46: =원자료_분기실측!G7/G41 | H46: =원자료_분기실측!H7/H41 | I46: =원자료_분기실측!I7/I41 | ... Y46: =원자료_분기실측!Y7/Y41 | Z46: =MAX($C$27,$D27*Z$40+$E27) | AA46: =MAX($C$27,$D27*AA$40+$E27) | AB46: =MAX($C$27,$D27*AB$40+$E27) | AC46: =MAX($C$27,$D27*AC$40+$E27) | AD46: =MAX($C$27,$D27*AD$40+$E27) | AE46: =MAX($C$27,$D27*AE$40+$E27) | AF46: =MAX($C$27,$D27*AF$40+$E27) | AG46: =MAX($C$27,$D27*AG$40+$E27) | ... AT46: =MAX($C$27,$D27*AT$40+$E27)
A47: 의원급 환자비율 (분기) [실측HIRA / 미래는 최근8개분기선형추세] | B47: =원자료_분기실측!B8/B41 | C47: =원자료_분기실측!C8/C41 | D47: =원자료_분기실측!D8/D41 | E47: =원자료_분기실측!E8/E41 | F47: =원자료_분기실측!F8/F41 | G47: =원자료_분기실측!G8/G41 | H47: =원자료_분기실측!H8/H41 | I47: =원자료_분기실측!I8/I41 | ... Y47: =원자료_분기실측!Y8/Y41 | Z47: =$C$28/(1+EXP(-(LN($Y$47/($C$28-$Y$47))+$F$28*(Z40-$Y$40)))) | AA47: =$C$28/(1+EXP(-(LN($Y$47/($C$28-$Y$47))+$F$28*(AA40-$Y$40)))) | AB47: =$C$28/(1+EXP(-(LN($Y$47/($C$28-$Y$47))+$F$28*(AB40-$Y$40)))) | AC47: =$C$28/(1+EXP(-(LN($Y$47/($C$28-$Y$47))+$F$28*(AC40-$Y$40)))) | AD47: =$C$28/(1+EXP(-(LN($Y$47/($C$28-$Y$47))+$F$28*(AD40-$Y$40)))) | AE47: =$C$28/(1+EXP(-(LN($Y$47/($C$28-$Y$47))+$F$28*(AE40-$Y$40)))) | AF47: =$C$28/(1+EXP(-(LN($Y$47/($C$28-$Y$47))+$F$28*(AF40-$Y$40)))) | AG47: =$C$28/(1+EXP(-(LN($Y$47/($C$28-$Y$47))+$F$28*(AG40-$Y$40)))) | ... AT47: =$C$28/(1+EXP(-(LN($Y$47/($C$28-$Y$47))+$F$28*(AT40-$Y$40))))
A48: [의원급 S-curve 로짓변환] | S48: =LN(S47/($C$28-S47)) | T48: =LN(T47/($C$28-T47)) | U48: =LN(U47/($C$28-U47)) | V48: =LN(V47/($C$28-V47)) | W48: =LN(W47/($C$28-W47)) | X48: =LN(X47/($C$28-X47)) | Y48: =LN(Y47/($C$28-Y47))
A50: [정규화 후 — 4종별 합 = 100%로 조정 (모델 사용값)]
A51: 상급종합병원 환자비율 (분기) [실측HIRA / 미래는 최근4개분기평균] | Z51: =Z44/SUM(Z$44:Z$47) | AA51: =AA44/SUM(AA$44:AA$47) | AB51: =AB44/SUM(AB$44:AB$47) | AC51: =AC44/SUM(AC$44:AC$47) | AD51: =AD44/SUM(AD$44:AD$47) | AE51: =AE44/SUM(AE$44:AE$47) | AF51: =AF44/SUM(AF$44:AF$47) | AG51: =AG44/SUM(AG$44:AG$47) | ... AT51: =AT44/SUM(AT$44:AT$47)
A52: 종합병원 환자비율 (분기) [실측HIRA / 미래는 최근4개분기평균] | Z52: =Z45/SUM(Z$44:Z$47) | AA52: =AA45/SUM(AA$44:AA$47) | AB52: =AB45/SUM(AB$44:AB$47) | AC52: =AC45/SUM(AC$44:AC$47) | AD52: =AD45/SUM(AD$44:AD$47) | AE52: =AE45/SUM(AE$44:AE$47) | AF52: =AF45/SUM(AF$44:AF$47) | AG52: =AG45/SUM(AG$44:AG$47) | ... AT52: =AT45/SUM(AT$44:AT$47)
A53: 병원급 환자비율 (분기) [실측HIRA / 미래는 최근4개분기평균] | Z53: =Z46/SUM(Z$44:Z$47) | AA53: =AA46/SUM(AA$44:AA$47) | AB53: =AB46/SUM(AB$44:AB$47) | AC53: =AC46/SUM(AC$44:AC$47) | AD53: =AD46/SUM(AD$44:AD$47) | AE53: =AE46/SUM(AE$44:AE$47) | AF53: =AF46/SUM(AF$44:AF$47) | AG53: =AG46/SUM(AG$44:AG$47) | ... AT53: =AT46/SUM(AT$44:AT$47)
A54: 의원급 환자비율 (분기) [실측HIRA / 미래는 최근8개분기선형추세] | Z54: =Z47/SUM(Z$44:Z$47) | AA54: =AA47/SUM(AA$44:AA$47) | AB54: =AB47/SUM(AB$44:AB$47) | AC54: =AC47/SUM(AC$44:AC$47) | AD54: =AD47/SUM(AD$44:AD$47) | AE54: =AE47/SUM(AE$44:AE$47) | AF54: =AF47/SUM(AF$44:AF$47) | AG54: =AG47/SUM(AG$44:AG$47) | ... AT54: =AT47/SUM(AT$44:AT$47)
A55: 합계 검증 (정규화 후 4종별 합 = 100%) | Z55: =SUM(Z51:Z54) | AA55: =SUM(AA51:AA54) | AB55: =SUM(AB51:AB54) | AC55: =SUM(AC51:AC54) | AD55: =SUM(AD51:AD54) | AE55: =SUM(AE51:AE54) | AF55: =SUM(AF51:AF54) | AG55: =SUM(AG51:AG54) | ... AT55: =SUM(AT51:AT54)
A56: 상급종합병원 전신마취환자수 (분기) = 실측 OR (전체환자수×B) | B56: =원자료_분기실측!B5 | C56: =원자료_분기실측!C5 | D56: =원자료_분기실측!D5 | E56: =원자료_분기실측!E5 | F56: =원자료_분기실측!F5 | G56: =원자료_분기실측!G5 | H56: =원자료_분기실측!H5 | I56: =원자료_분기실측!I5 | ... Y56: =원자료_분기실측!Y5 | Z56: =Z$41*Z51 | AA56: =AA$41*AA51 | AB56: =AB$41*AB51 | AC56: =AC$41*AC51 | AD56: =AD$41*AD51 | AE56: =AE$41*AE51 | AF56: =AF$41*AF51 | AG56: =AG$41*AG51 | ... AT56: =AT$41*AT51
A57: 종합병원 전신마취환자수 (분기) = 실측 OR 전체환자수×B | B57: =원자료_분기실측!B6 | C57: =원자료_분기실측!C6 | D57: =원자료_분기실측!D6 | E57: =원자료_분기실측!E6 | F57: =원자료_분기실측!F6 | G57: =원자료_분기실측!G6 | H57: =원자료_분기실측!H6 | I57: =원자료_분기실측!I6 | ... Y57: =원자료_분기실측!Y6 | Z57: =Z$41*Z52 | AA57: =AA$41*AA52 | AB57: =AB$41*AB52 | AC57: =AC$41*AC52 | AD57: =AD$41*AD52 | AE57: =AE$41*AE52 | AF57: =AF$41*AF52 | AG57: =AG$41*AG52 | ... AT57: =AT$41*AT52
A58: 병원급 전신마취환자수 (분기) = 실측 OR 전체환자수×B | B58: =원자료_분기실측!B7 | C58: =원자료_분기실측!C7 | D58: =원자료_분기실측!D7 | E58: =원자료_분기실측!E7 | F58: =원자료_분기실측!F7 | G58: =원자료_분기실측!G7 | H58: =원자료_분기실측!H7 | I58: =원자료_분기실측!I7 | ... Y58: =원자료_분기실측!Y7 | Z58: =Z$41*Z53 | AA58: =AA$41*AA53 | AB58: =AB$41*AB53 | AC58: =AC$41*AC53 | AD58: =AD$41*AD53 | AE58: =AE$41*AE53 | AF58: =AF$41*AF53 | AG58: =AG$41*AG53 | ... AT58: =AT$41*AT53
A59: 의원급 전신마취환자수 (분기) = 실측 OR 전체환자수×B | B59: =원자료_분기실측!B8 | C59: =원자료_분기실측!C8 | D59: =원자료_분기실측!D8 | E59: =원자료_분기실측!E8 | F59: =원자료_분기실측!F8 | G59: =원자료_분기실측!G8 | H59: =원자료_분기실측!H8 | I59: =원자료_분기실측!I8 | ... Y59: =원자료_분기실측!Y8 | Z59: =Z$41*Z54 | AA59: =AA$41*AA54 | AB59: =AB$41*AB54 | AC59: =AC$41*AC54 | AD59: =AD$41*AD54 | AE59: =AE$41*AE54 | AF59: =AF$41*AF54 | AG59: =AG$41*AG54 | ... AT59: =AT$41*AT54
A61: [참고] 전체환자수 분기계절성비중 (2023~2025 평균)
A62: Q1 비중 | B62: =AVERAGE(N41/(N41+O41+P41+Q41),R41/(R41+S41+T41+U41),V41/(V41+W41+X41+Y41))
A63: Q2 비중 | B63: =AVERAGE(O41/(N41+O41+P41+Q41),S41/(R41+S41+T41+U41),W41/(V41+W41+X41+Y41))
A64: Q3 비중 | B64: =AVERAGE(P41/(N41+O41+P41+Q41),T41/(R41+S41+T41+U41),X41/(V41+W41+X41+Y41))
A65: Q4 비중 | B65: =AVERAGE(Q41/(N41+O41+P41+Q41),U41/(R41+S41+T41+U41),Y41/(V41+W41+X41+Y41))

Sheet 근거_Ramosetron 시장 수량
A2: Ramosetron 시장 수량 : 종별 전신마취 환자수 × 종별 환자당 사용량 (IQVIA·NHIS 기반)
B4: ◀ 실측 (NHIS, 2010~2024) | R4: 예측 (2026~2030) ▶
A5: 구분 / CY연도 ▶ | B5: 2010 | C5: 2011 | D5: 2012 | E5: 2013 | F5: 2014 | G5: 2015 | H5: 2016 | I5: 2017 | J5: 2018 | K5: 2019 | L5: 2020 | M5: 2021 | N5: 2022 | O5: 2023 | P5: 2024 | Q5: 2025 | R5: 2026 | S5: 2027 | T5: 2028 | U5: 2029 | V5: 2030
A6: ■ A. Ramosetron 전체 수량 [2020~25 : IQVIA 기준, CY기준 ]
A7: Ramosetron (Vial or Ampoule) | L7: 3086324 | M7: 3529267 | N7: 3623943 | O7: 4166540 | P7: 3554307 | Q7: 3874647
A9: ■ B. 흡입마취제 사용량의 종별 비율 (%) [2020~25 : NHIS N01AB Halogenated hydrocarbons, CY기준]
A10: 상급종합병원 | L10: 0.37283534 | M10: 0.48208734 | N10: 0.52756862 | O10: 0.54469656 | P10: 0.4179469 | Q10: 0.43178314
A11: 종합병원 | L11: 0.32230249 | M11: 0.31692832 | N11: 0.32179792 | O11: 0.3277461 | P11: 0.42863765 | Q11: 0.42890484
A12: 병원 | L12: 0.27831834 | M12: 0.17813561 | N12: 0.1331923 | O12: 0.11046668 | P12: 0.13239123 | Q12: 0.11843795
A13: 의원 | L13: 0.026543837 | M13: 0.022848737 | N13: 0.017441161 | O13: 0.017090654 | P13: 0.021024223 | Q13: 0.020874075
A15: ■ C. 종별 환자당 Ramosetron 사용수량 (추정) [ Ramosetron 수량(A) x 흡입마취제 종별비율(B) ÷ 종별 전신마취 환자수(근거_종별전신마취환자수 C) ]
A16: 상급종합병원 | L16: =L10*L$7/'근거_종별전신마취환자수'!L17 | M16: =M10*M$7/'근거_종별전신마취환자수'!M17 | N16: =N10*N$7/'근거_종별전신마취환자수'!N17 | O16: =O10*O$7/'근거_종별전신마취환자수'!O17 | P16: =P10*P$7/'근거_종별전신마취환자수'!P17 | Q16: =Q10*Q$7/'근거_종별전신마취환자수'!Q17 | R16: =MIN(5,SLOPE($L$16:$Q$16,$L$5:$Q$5)*R$5+INTERCEPT($L$16:$Q$16,$L$5:$Q$5)) | S16: =MIN(5,SLOPE($L$16:$Q$16,$L$5:$Q$5)*S$5+INTERCEPT($L$16:$Q$16,$L$5:$Q$5)) | T16: =MIN(5,SLOPE($L$16:$Q$16,$L$5:$Q$5)*T$5+INTERCEPT($L$16:$Q$16,$L$5:$Q$5)) | U16: =MIN(5,SLOPE($L$16:$Q$16,$L$5:$Q$5)*U$5+INTERCEPT($L$16:$Q$16,$L$5:$Q$5)) | V16: =MIN(5,SLOPE($L$16:$Q$16,$L$5:$Q$5)*V$5+INTERCEPT($L$16:$Q$16,$L$5:$Q$5))
A17: 종합병원 | L17: =L11*L$7/'근거_종별전신마취환자수'!L18 | M17: =M11*M$7/'근거_종별전신마취환자수'!M18 | N17: =N11*N$7/'근거_종별전신마취환자수'!N18 | O17: =O11*O$7/'근거_종별전신마취환자수'!O18 | P17: =P11*P$7/'근거_종별전신마취환자수'!P18 | Q17: =Q11*Q$7/'근거_종별전신마취환자수'!Q18 | R17: =MIN(4,SLOPE($L$17:$Q$17,$L$5:$Q$5)*R$5+INTERCEPT($L$17:$Q$17,$L$5:$Q$5)) | S17: =MIN(4,SLOPE($L$17:$Q$17,$L$5:$Q$5)*S$5+INTERCEPT($L$17:$Q$17,$L$5:$Q$5)) | T17: =MIN(4,SLOPE($L$17:$Q$17,$L$5:$Q$5)*T$5+INTERCEPT($L$17:$Q$17,$L$5:$Q$5)) | U17: =MIN(4,SLOPE($L$17:$Q$17,$L$5:$Q$5)*U$5+INTERCEPT($L$17:$Q$17,$L$5:$Q$5)) | V17: =MIN(4,SLOPE($L$17:$Q$17,$L$5:$Q$5)*V$5+INTERCEPT($L$17:$Q$17,$L$5:$Q$5))
A18: 병원 | L18: =L12*L$7/'근거_종별전신마취환자수'!L19 | M18: =M12*M$7/'근거_종별전신마취환자수'!M19 | N18: =N12*N$7/'근거_종별전신마취환자수'!N19 | O18: =O12*O$7/'근거_종별전신마취환자수'!O19 | P18: =P12*P$7/'근거_종별전신마취환자수'!P19 | Q18: =Q12*Q$7/'근거_종별전신마취환자수'!Q19 | R18: =Q18 | S18: =R18 | T18: =S18 | U18: =T18 | V18: =U18
A19: 의원 | L19: =L13*L$7/'근거_종별전신마취환자수'!L20 | M19: =M13*M$7/'근거_종별전신마취환자수'!M20 | N19: =N13*N$7/'근거_종별전신마취환자수'!N20 | O19: =O13*O$7/'근거_종별전신마취환자수'!O20 | P19: =P13*P$7/'근거_종별전신마취환자수'!P20 | Q19: =Q13*Q$7/'근거_종별전신마취환자수'!Q20 | R19: =Q19 | S19: =R19 | T19: =S19 | U19: =T19 | V19: =U19
A22: ■ D. 종별 Ramosetron 수량 (추정) FY기준 [ 종별 전신마취환자수 (근거_종별전신마취환자수) x 종별 환자당 Ramosetron 사용수량 (C) ]
A23: 상급종합병원 | L23: =SUM(C41:F41) | M23: =SUM(G41:J41) | N23: =SUM(K41:N41) | O23: =SUM(O41:R41) | P23: =SUM(S41:V41) | Q23: =SUM(W41:Z41) | R23: =SUM(AA41:AD41) | S23: =SUM(AE41:AH41) | T23: =SUM(AI41:AL41) | U23: =SUM(AM41:AP41) | V23: =SUM(AQ41:AT41)
A24: 종합병원 | L24: =SUM(C42:F42) | M24: =SUM(G42:J42) | N24: =SUM(K42:N42) | O24: =SUM(O42:R42) | P24: =SUM(S42:V42) | Q24: =SUM(W42:Z42) | R24: =SUM(AA42:AD42) | S24: =SUM(AE42:AH42) | T24: =SUM(AI42:AL42) | U24: =SUM(AM42:AP42) | V24: =SUM(AQ42:AT42)
A25: 병원 | L25: =SUM(C43:F43) | M25: =SUM(G43:J43) | N25: =SUM(K43:N43) | O25: =SUM(O43:R43) | P25: =SUM(S43:V43) | Q25: =SUM(W43:Z43) | R25: =SUM(AA43:AD43) | S25: =SUM(AE43:AH43) | T25: =SUM(AI43:AL43) | U25: =SUM(AM43:AP43) | V25: =SUM(AQ43:AT43)
A26: 의원 | L26: =SUM(C44:F44) | M26: =SUM(G44:J44) | N26: =SUM(K44:N44) | O26: =SUM(O44:R44) | P26: =SUM(S44:V44) | Q26: =SUM(W44:Z44) | R26: =SUM(AA44:AD44) | S26: =SUM(AE44:AH44) | T26: =SUM(AI44:AL44) | U26: =SUM(AM44:AP44) | V26: =SUM(AQ44:AT44)
A27: ▶ Ramosetron 시장 수량 (IQVIA 기준) | L27: =SUM(L23:L26) | M27: =SUM(M23:M26) | N27: =SUM(N23:N26) | O27: =SUM(O23:O26) | P27: =SUM(P23:P26) | Q27: =SUM(Q23:Q26) | R27: =SUM(R23:R26) | S27: =SUM(S23:S26) | ... V27: =SUM(V23:V26)
M28: =M27/L27-1 | N28: =N27/M27-1 | O28: =O27/N27-1 | P28: =P27/O27-1 | Q28: =Q27/P27-1 | R28: =R27/Q27-1 | S28: =S27/R27-1 | T28: =T27/S27-1 | ... V28: =V27/U27-1
A30: ※ 출처 : IQVIA (FY2020~2025) BI 자체 추정, NHIS 흡입마취제(N01AB) 종별 사용량
A31: ※ 범례
A32: · 외부 입력 데이터: 청색(Blue) 표기
A33: · 예측 변수(또는 예측치): 녹색(Green) 표기
A34: · 최종 산출 결과: 황색(Yellow) 음영 행
A36: ■■■ [분기 확장 블록] CY역년분기 실측+롤링예측 → FY 재구성 ■■■
A37: ※ C(환자당사용량)는 표본부족으로 연간모델 유지, 4개분기에 flat 적용. 종별 분기 환자수는 근거_종별전신마취환자수 56~59행 참조
A39: 구분 / CY분기 ▶ | B39: 2020Q1 | C39: 2020Q2 | D39: 2020Q3 | E39: 2020Q4 | F39: 2021Q1 | G39: 2021Q2 | H39: 2021Q3 | I39: 2021Q4 | J39: 2022Q1 | K39: 2022Q2 | L39: 2022Q3 | M39: 2022Q4 | N39: 2023Q1 | O39: 2023Q2 | P39: 2023Q3 | Q39: 2023Q4 | R39: 2024Q1 | S39: 2024Q2 | T39: 2024Q3 | U39: 2024Q4 | V39: 2025Q1 | W39: 2025Q2 | X39: 2025Q3 | Y39: 2025Q4 | Z39: 2026Q1 | AA39: 2026Q2 | AB39: 2026Q3 | AC39: 2026Q4 | AD39: 2027Q1 | AE39: 2027Q2 | AF39: 2027Q3 | AG39: 2027Q4 | AH39: 2028Q1 | AI39: 2028Q2 | AJ39: 2028Q3 | AK39: 2028Q4 | AL39: 2029Q1 | AM39: 2029Q2 | AN39: 2029Q3 | AO39: 2029Q4 | AP39: 2030Q1 | AQ39: 2030Q2 | AR39: 2030Q3 | AS39: 2030Q4 | AT39: 2031Q1
A41: 상급종합병원 Ramosetron 시장수량 (분기) = 종별환자수×F(연,flat) | B41: =B$51*원자료_분기실측!B23 | C41: =C$51*원자료_분기실측!C23 | D41: =D$51*원자료_분기실측!D23 | E41: =E$51*원자료_분기실측!E23 | F41: =F$51*원자료_분기실측!F23 | G41: =G$51*원자료_분기실측!G23 | H41: =H$51*원자료_분기실측!H23 | I41: =I$51*원자료_분기실측!I23 | ... AA41: =AA$51*원자료_분기실측!AA23 | AB41: ='근거_종별전신마취환자수'!AB56*R16 | AC41: ='근거_종별전신마취환자수'!AC56*R16 | AD41: ='근거_종별전신마취환자수'!AD56*S16 | AE41: ='근거_종별전신마취환자수'!AE56*S16 | AF41: ='근거_종별전신마취환자수'!AF56*S16 | AG41: ='근거_종별전신마취환자수'!AG56*S16 | AH41: ='근거_종별전신마취환자수'!AH56*T16 | AI41: ='근거_종별전신마취환자수'!AI56*T16 | AJ41: ='근거_종별전신마취환자수'!AJ56*T16 | AK41: ='근거_종별전신마취환자수'!AK56*T16 | AL41: ='근거_종별전신마취환자수'!AL56*U16 | AM41: ='근거_종별전신마취환자수'!AM56*U16 | AN41: ='근거_종별전신마취환자수'!AN56*U16 | AO41: ='근거_종별전신마취환자수'!AO56*U16 | AP41: ='근거_종별전신마취환자수'!AP56*V16 | AQ41: ='근거_종별전신마취환자수'!AQ56*V16 | AR41: ='근거_종별전신마취환자수'!AR56*V16 | AS41: ='근거_종별전신마취환자수'!AS56*V16 | AT41: ='근거_종별전신마취환자수'!AT56*V16
A42: 종합병원 Ramosetron 시장수량 (분기) = 종별환자수×F(연,flat) | B42: =B$51*원자료_분기실측!B24 | C42: =C$51*원자료_분기실측!C24 | D42: =D$51*원자료_분기실측!D24 | E42: =E$51*원자료_분기실측!E24 | F42: =F$51*원자료_분기실측!F24 | G42: =G$51*원자료_분기실측!G24 | H42: =H$51*원자료_분기실측!H24 | I42: =I$51*원자료_분기실측!I24 | ... AA42: =AA$51*원자료_분기실측!AA24 | AB42: ='근거_종별전신마취환자수'!AB57*R17 | AC42: ='근거_종별전신마취환자수'!AC57*R17 | AD42: ='근거_종별전신마취환자수'!AD57*S17 | AE42: ='근거_종별전신마취환자수'!AE57*S17 | AF42: ='근거_종별전신마취환자수'!AF57*S17 | AG42: ='근거_종별전신마취환자수'!AG57*S17 | AH42: ='근거_종별전신마취환자수'!AH57*T17 | AI42: ='근거_종별전신마취환자수'!AI57*T17 | AJ42: ='근거_종별전신마취환자수'!AJ57*T17 | AK42: ='근거_종별전신마취환자수'!AK57*T17 | AL42: ='근거_종별전신마취환자수'!AL57*U17 | AM42: ='근거_종별전신마취환자수'!AM57*U17 | AN42: ='근거_종별전신마취환자수'!AN57*U17 | AO42: ='근거_종별전신마취환자수'!AO57*U17 | AP42: ='근거_종별전신마취환자수'!AP57*V17 | AQ42: ='근거_종별전신마취환자수'!AQ57*V17 | AR42: ='근거_종별전신마취환자수'!AR57*V17 | AS42: ='근거_종별전신마취환자수'!AS57*V17 | AT42: ='근거_종별전신마취환자수'!AT57*V17
A43: 병원급 Ramosetron 시장수량 (분기) = 종별환자수×F(연,flat) | B43: =B$51*원자료_분기실측!B25 | C43: =C$51*원자료_분기실측!C25 | D43: =D$51*원자료_분기실측!D25 | E43: =E$51*원자료_분기실측!E25 | F43: =F$51*원자료_분기실측!F25 | G43: =G$51*원자료_분기실측!G25 | H43: =H$51*원자료_분기실측!H25 | I43: =I$51*원자료_분기실측!I25 | ... AA43: =AA$51*원자료_분기실측!AA25 | AB43: ='근거_종별전신마취환자수'!AB58*R18 | AC43: ='근거_종별전신마취환자수'!AC58*R18 | AD43: ='근거_종별전신마취환자수'!AD58*S18 | AE43: ='근거_종별전신마취환자수'!AE58*S18 | AF43: ='근거_종별전신마취환자수'!AF58*S18 | AG43: ='근거_종별전신마취환자수'!AG58*S18 | AH43: ='근거_종별전신마취환자수'!AH58*T18 | AI43: ='근거_종별전신마취환자수'!AI58*T18 | AJ43: ='근거_종별전신마취환자수'!AJ58*T18 | AK43: ='근거_종별전신마취환자수'!AK58*T18 | AL43: ='근거_종별전신마취환자수'!AL58*U18 | AM43: ='근거_종별전신마취환자수'!AM58*U18 | AN43: ='근거_종별전신마취환자수'!AN58*U18 | AO43: ='근거_종별전신마취환자수'!AO58*U18 | AP43: ='근거_종별전신마취환자수'!AP58*V18 | AQ43: ='근거_종별전신마취환자수'!AQ58*V18 | AR43: ='근거_종별전신마취환자수'!AR58*V18 | AS43: ='근거_종별전신마취환자수'!AS58*V18 | AT43: ='근거_종별전신마취환자수'!AT58*V18
A44: 의원급 Ramosetron 시장수량 (분기) = 종별환자수×F(연,flat) | B44: =B$51*원자료_분기실측!B26 | C44: =C$51*원자료_분기실측!C26 | D44: =D$51*원자료_분기실측!D26 | E44: =E$51*원자료_분기실측!E26 | F44: =F$51*원자료_분기실측!F26 | G44: =G$51*원자료_분기실측!G26 | H44: =H$51*원자료_분기실측!H26 | I44: =I$51*원자료_분기실측!I26 | ... AA44: =AA$51*원자료_분기실측!AA26 | AB44: ='근거_종별전신마취환자수'!AB59*R19 | AC44: ='근거_종별전신마취환자수'!AC59*R19 | AD44: ='근거_종별전신마취환자수'!AD59*S19 | AE44: ='근거_종별전신마취환자수'!AE59*S19 | AF44: ='근거_종별전신마취환자수'!AF59*S19 | AG44: ='근거_종별전신마취환자수'!AG59*S19 | AH44: ='근거_종별전신마취환자수'!AH59*T19 | AI44: ='근거_종별전신마취환자수'!AI59*T19 | AJ44: ='근거_종별전신마취환자수'!AJ59*T19 | AK44: ='근거_종별전신마취환자수'!AK59*T19 | AL44: ='근거_종별전신마취환자수'!AL59*U19 | AM44: ='근거_종별전신마취환자수'!AM59*U19 | AN44: ='근거_종별전신마취환자수'!AN59*U19 | AO44: ='근거_종별전신마취환자수'!AO59*U19 | AP44: ='근거_종별전신마취환자수'!AP59*V19 | AQ44: ='근거_종별전신마취환자수'!AQ59*V19 | AR44: ='근거_종별전신마취환자수'!AR59*V19 | AS44: ='근거_종별전신마취환자수'!AS59*V19 | AT44: ='근거_종별전신마취환자수'!AT59*V19
A46: 상급종합병원 환자당 Ramo 사용수량 | B46: =IFERROR(B41/'근거_종별전신마취환자수'!B56,"") | C46: =IFERROR(C41/'근거_종별전신마취환자수'!C56,"") | D46: =IFERROR(D41/'근거_종별전신마취환자수'!D56,"") | E46: =IFERROR(E41/'근거_종별전신마취환자수'!E56,"") | F46: =IFERROR(F41/'근거_종별전신마취환자수'!F56,"") | G46: =IFERROR(G41/'근거_종별전신마취환자수'!G56,"") | H46: =IFERROR(H41/'근거_종별전신마취환자수'!H56,"") | I46: =IFERROR(I41/'근거_종별전신마취환자수'!I56,"") | ... AT46: =IFERROR(AT41/'근거_종별전신마취환자수'!AT56,"")
A47: 종합병원 환자당 Ramo 사용수량 | B47: =IFERROR(B42/'근거_종별전신마취환자수'!B57,"") | C47: =IFERROR(C42/'근거_종별전신마취환자수'!C57,"") | D47: =IFERROR(D42/'근거_종별전신마취환자수'!D57,"") | E47: =IFERROR(E42/'근거_종별전신마취환자수'!E57,"") | F47: =IFERROR(F42/'근거_종별전신마취환자수'!F57,"") | G47: =IFERROR(G42/'근거_종별전신마취환자수'!G57,"") | H47: =IFERROR(H42/'근거_종별전신마취환자수'!H57,"") | I47: =IFERROR(I42/'근거_종별전신마취환자수'!I57,"") | ... AT47: =IFERROR(AT42/'근거_종별전신마취환자수'!AT57,"")
A48: 병원 환자당 Ramo 사용수량 | B48: =IFERROR(B43/'근거_종별전신마취환자수'!B58,"") | C48: =IFERROR(C43/'근거_종별전신마취환자수'!C58,"") | D48: =IFERROR(D43/'근거_종별전신마취환자수'!D58,"") | E48: =IFERROR(E43/'근거_종별전신마취환자수'!E58,"") | F48: =IFERROR(F43/'근거_종별전신마취환자수'!F58,"") | G48: =IFERROR(G43/'근거_종별전신마취환자수'!G58,"") | H48: =IFERROR(H43/'근거_종별전신마취환자수'!H58,"") | I48: =IFERROR(I43/'근거_종별전신마취환자수'!I58,"") | ... AT48: =IFERROR(AT43/'근거_종별전신마취환자수'!AT58,"")
A49: 의원 환자당 Ramo 사용수량 | B49: =IFERROR(B44/'근거_종별전신마취환자수'!B59,"") | C49: =IFERROR(C44/'근거_종별전신마취환자수'!C59,"") | D49: =IFERROR(D44/'근거_종별전신마취환자수'!D59,"") | E49: =IFERROR(E44/'근거_종별전신마취환자수'!E59,"") | F49: =IFERROR(F44/'근거_종별전신마취환자수'!F59,"") | G49: =IFERROR(G44/'근거_종별전신마취환자수'!G59,"") | H49: =IFERROR(H44/'근거_종별전신마취환자수'!H59,"") | I49: =IFERROR(I44/'근거_종별전신마취환자수'!I59,"") | ... AT49: =IFERROR(AT44/'근거_종별전신마취환자수'!AT59,"")
A51: ▶ Ramosetron 전체시장 수량 (분기) [실측IQVIA / 미래는 4개종별 합산 bottom-up] | B51: =원자료_분기실측!B41 | C51: =원자료_분기실측!C41 | D51: =원자료_분기실측!D41 | E51: =원자료_분기실측!E41 | F51: =원자료_분기실측!F41 | G51: =원자료_분기실측!G41 | H51: =원자료_분기실측!H41 | I51: =원자료_분기실측!I41 | ... AA51: =원자료_분기실측!AA41 | AB51: =SUM(AB41:AB44) | AC51: =SUM(AC41:AC44) | AD51: =SUM(AD41:AD44) | AE51: =SUM(AE41:AE44) | AF51: =SUM(AF41:AF44) | AG51: =SUM(AG41:AG44) | AH51: =SUM(AH41:AH44) | AI51: =SUM(AI41:AI44) | ... AT51: =SUM(AT41:AT44)
A53: ■ FY 분기 재구성 ▶ Ramosetron 전체시장수량
B54: FY2020Q1 | C54: FY2020Q2 | D54: FY2020Q3 | E54: FY2020Q4 | F54: FY2021Q1 | G54: FY2021Q2 | H54: FY2021Q3 | I54: FY2021Q4 | J54: FY2022Q1 | K54: FY2022Q2 | L54: FY2022Q3 | M54: FY2022Q4 | N54: FY2023Q1 | O54: FY2023Q2 | P54: FY2023Q3 | Q54: FY2023Q4 | R54: FY2024Q1 | S54: FY2024Q2 | T54: FY2024Q3 | U54: FY2024Q4 | V54: FY2025Q1 | W54: FY2025Q2 | X54: FY2025Q3 | Y54: FY2025Q4 | Z54: FY2026Q1 | AA54: FY2026Q2 | AB54: FY2026Q3 | AC54: FY2026Q4 | AD54: FY2027Q1 | AE54: FY2027Q2 | AF54: FY2027Q3 | AG54: FY2027Q4 | AH54: FY2028Q1 | AI54: FY2028Q2 | AJ54: FY2028Q3 | AK54: FY2028Q4 | AL54: FY2029Q1 | AM54: FY2029Q2 | AN54: FY2029Q3 | AO54: FY2029Q4 | AP54: FY2030Q1 | AQ54: FY2030Q2 | AR54: FY2030Q3 | AS54: FY2030Q4
B55: =C51 | C55: =D51 | D55: =E51 | E55: =F51 | F55: =G51 | G55: =H51 | H55: =I51 | I55: =J51 | ... AS55: =AT51

Sheet 근거_NSA수량(IQVIA기준)
A2: NSA 수량 산출 : IQVIA 데이터 기반 예측 (로짓 변환 회귀)
B4: ◀ 실측 (UBIST MS, FY18~25) | J4: 예측 ▶
A5: 구분 / 회계연도 ▶ | B5: FY2018 | C5: FY2019 | D5: FY2020 | E5: FY2021 | F5: FY2022 | G5: FY2023 | H5: FY2024 | I5: FY2025 | J5: FY2026 | K5: FY2027 | L5: FY2028 | M5: FY2029 | N5: FY2030 | P5: FY26 1분기
A6: ■ A. Ramosetron 시장 수량 [근거_Ramosetron 시장 수량]
A7: Ramosetron 주사제 전체 수량 (시장) | D7: ='근거_Ramosetron 시장 수량'!L27 | E7: ='근거_Ramosetron 시장 수량'!M27 | F7: ='근거_Ramosetron 시장 수량'!N27 | G7: ='근거_Ramosetron 시장 수량'!O27 | H7: ='근거_Ramosetron 시장 수량'!P27 | I7: ='근거_Ramosetron 시장 수량'!Q27 | J7: ='근거_Ramosetron 시장 수량'!R27 | K7: ='근거_Ramosetron 시장 수량'!S27 | ... N7: ='근거_Ramosetron 시장 수량'!V27
A9: ■ B. 종별 Ramosetron 수량 : [근거_Ramosetron 시장 수량]
A10: 상급종합병원 | D10: ='근거_Ramosetron 시장 수량'!L23 | E10: ='근거_Ramosetron 시장 수량'!M23 | F10: ='근거_Ramosetron 시장 수량'!N23 | G10: ='근거_Ramosetron 시장 수량'!O23 | H10: ='근거_Ramosetron 시장 수량'!P23 | I10: ='근거_Ramosetron 시장 수량'!Q23 | J10: ='근거_Ramosetron 시장 수량'!R23 | K10: ='근거_Ramosetron 시장 수량'!S23 | ... N10: ='근거_Ramosetron 시장 수량'!V23
A11: 종합병원 | D11: ='근거_Ramosetron 시장 수량'!L24 | E11: ='근거_Ramosetron 시장 수량'!M24 | F11: ='근거_Ramosetron 시장 수량'!N24 | G11: ='근거_Ramosetron 시장 수량'!O24 | H11: ='근거_Ramosetron 시장 수량'!P24 | I11: ='근거_Ramosetron 시장 수량'!Q24 | J11: ='근거_Ramosetron 시장 수량'!R24 | K11: ='근거_Ramosetron 시장 수량'!S24 | ... N11: ='근거_Ramosetron 시장 수량'!V24
A12: 병원 | D12: ='근거_Ramosetron 시장 수량'!L25 | E12: ='근거_Ramosetron 시장 수량'!M25 | F12: ='근거_Ramosetron 시장 수량'!N25 | G12: ='근거_Ramosetron 시장 수량'!O25 | H12: ='근거_Ramosetron 시장 수량'!P25 | I12: ='근거_Ramosetron 시장 수량'!Q25 | J12: ='근거_Ramosetron 시장 수량'!R25 | K12: ='근거_Ramosetron 시장 수량'!S25 | ... N12: ='근거_Ramosetron 시장 수량'!V25
A13: 의원 | D13: ='근거_Ramosetron 시장 수량'!L26 | E13: ='근거_Ramosetron 시장 수량'!M26 | F13: ='근거_Ramosetron 시장 수량'!N26 | G13: ='근거_Ramosetron 시장 수량'!O26 | H13: ='근거_Ramosetron 시장 수량'!P26 | I13: ='근거_Ramosetron 시장 수량'!Q26 | J13: ='근거_Ramosetron 시장 수량'!R26 | K13: ='근거_Ramosetron 시장 수량'!S26 | ... N13: ='근거_Ramosetron 시장 수량'!V26
A15: ■ E. 종별 NSA MS : [ NSA 수량 (C) x NSA 종별 비율 (D) / 종별 Ramosetron 수량 (B) ]
A16: 상급종합병원 | E16: =(G49+H49+I49+J49)/E10 | F16: =(K49+L49+M49+N49)/F10 | G16: =(O49+P49+Q49+R49)/G10 | H16: =(S49+T49+U49+V49)/H10 | I16: =(W49+X49+Y49+Z49)/I10 | J16: =(AA49+AB49+AC49+AD49)/J10 | K16: =(AE49+AF49+AG49+AH49)/K10 | L16: =(AI49+AJ49+AK49+AL49)/L10 | M16: =(AM49+AN49+AO49+AP49)/M10 | N16: =(AQ49+AR49+AS49+AT49)/N10
A17: 종합병원 | E17: =(G50+H50+I50+J50)/E11 | F17: =(K50+L50+M50+N50)/F11 | G17: =(O50+P50+Q50+R50)/G11 | H17: =(S50+T50+U50+V50)/H11 | I17: =(W50+X50+Y50+Z50)/I11 | J17: =(AA50+AB50+AC50+AD50)/J11 | K17: =(AE50+AF50+AG50+AH50)/K11 | L17: =(AI50+AJ50+AK50+AL50)/L11 | M17: =(AM50+AN50+AO50+AP50)/M11 | N17: =(AQ50+AR50+AS50+AT50)/N11
A18: 병원 | E18: =(G51+H51+I51+J51)/E12 | F18: =(K51+L51+M51+N51)/F12 | G18: =(O51+P51+Q51+R51)/G12 | H18: =(S51+T51+U51+V51)/H12 | I18: =(W51+X51+Y51+Z51)/I12 | J18: =(AA51+AB51+AC51+AD51)/J12 | K18: =(AE51+AF51+AG51+AH51)/K12 | L18: =(AI51+AJ51+AK51+AL51)/L12 | M18: =(AM51+AN51+AO51+AP51)/M12 | N18: =(AQ51+AR51+AS51+AT51)/N12
A19: 의원 | E19: =(G52+H52+I52+J52)/E13 | F19: =(K52+L52+M52+N52)/F13 | G19: =(O52+P52+Q52+R52)/G13 | H19: =(S52+T52+U52+V52)/H13 | I19: =(W52+X52+Y52+Z52)/I13 | J19: =(AA52+AB52+AC52+AD52)/J13 | K19: =(AE52+AF52+AG52+AH52)/K13 | L19: =(AI52+AJ52+AK52+AL52)/L13 | M19: =(AM52+AN52+AO52+AP52)/M13 | N19: =(AQ52+AR52+AS52+AT52)/N13
A20: 전체 MS | E20: =E27/E7 | F20: =F27/F7 | G20: =G27/G7 | H20: =H27/H7 | I20: =I27/I7 | J20: =J27/J7 | K20: =K27/K7 | L20: =L27/L7 | ... N20: =N27/N7
A22: ■ F. 종별 NSA 수량 : [ 종별 Ramosetron 수량 (B) x 종별 NSA MS (E) ]
A23: 상급종합병원 | E23: =E10*E16 | F23: =F10*F16 | G23: =G10*G16 | H23: =H10*H16 | I23: =I10*I16 | J23: =J10*J16 | K23: =K10*K16 | L23: =L10*L16 | ... N23: =N10*N16
A24: 종합병원 | E24: =E11*E17 | F24: =F11*F17 | G24: =G11*G17 | H24: =H11*H17 | I24: =I11*I17 | J24: =J11*J17 | K24: =K11*K17 | L24: =L11*L17 | ... N24: =N11*N17
A25: 병원 | E25: =E12*E18 | F25: =F12*F18 | G25: =G12*G18 | H25: =H12*H18 | I25: =I12*I18 | J25: =J12*J18 | K25: =K12*K18 | L25: =L12*L18 | ... N25: =N12*N18
A26: 의원 | E26: =E13*E19 | F26: =F13*F19 | G26: =G13*G19 | H26: =H13*H19 | I26: =I13*I19 | J26: =J13*J19 | K26: =K13*K19 | L26: =L13*L19 | ... N26: =N13*N19
A27: ▶ NSA 수량 (IQVIA 기준) | D27: 1601660 | E27: =SUM(E23:E26) | F27: =SUM(F23:F26) | G27: =SUM(G23:G26) | H27: =SUM(H23:H26) | I27: =SUM(I23:I26) | J27: =SUM(J23:J26) | K27: =SUM(K23:K26) | L27: =SUM(L23:L26) | ... N27: =SUM(N23:N26)
E28: =E27/E7 | F28: =F27/F7 | G28: =G27/G7 | H28: =H27/H7 | I28: =I27/I7 | J28: =J27/J7 | K28: =K27/K7 | L28: =L27/L7 | ... N28: =N27/N7
B30: [참고] 종별 NSA MS 예측 파라미터 (2026Q2~2031Q1 적용)
B31: 유형 | C31: 예측방식 | D31: 분기당 기울기 | E31: 상한/하한 | F31: 백테스트 MAPE
B32: 상급종합병원 | C32: 전체기간선형(레벨보정) | D32: =SLOPE($F$43:$Z$43,$F$40:$Z$40) | E32: 0.55 | F32: 2.92%
B33: 종합병원 | C33: S-curve(로짓변환+저점앵커) | D33: =SLOPE($U$54:$Z$54,$U$40:$Z$40) | E33: 0.56 | F33: 3.83%
B34: 병원 | C34: 롤링4분기평균(갱신) | D34: - | E34: 4분기 이동평균 | F34: 8.89%
B35: 의원 | C35: EWMA(α=0.3) | D35: - | E35: EWMA 마지막값 flat | F35: 10.30%
B36: ※ 채택근거: 2020Q1~2026Q1 실측 walk-forward 백테스트. 상급종합·종합병원은 레벨보정 방식으로 통일(실측→예측 연속성 보장, 갱신 시 급락 리스크 방지)
A39: 구분 / CY분기 ▶ | B39: 2020Q1 | C39: 2020Q2 | D39: 2020Q3 | E39: 2020Q4 | F39: 2021Q1 | G39: 2021Q2 | H39: 2021Q3 | I39: 2021Q4 | J39: 2022Q1 | K39: 2022Q2 | L39: 2022Q3 | M39: 2022Q4 | N39: 2023Q1 | O39: 2023Q2 | P39: 2023Q3 | Q39: 2023Q4 | R39: 2024Q1 | S39: 2024Q2 | T39: 2024Q3 | U39: 2024Q4 | V39: 2025Q1 | W39: 2025Q2 | X39: 2025Q3 | Y39: 2025Q4 | Z39: 2026Q1 | AA39: 2026Q2 | AB39: 2026Q3 | AC39: 2026Q4 | AD39: 2027Q1 | AE39: 2027Q2 | AF39: 2027Q3 | AG39: 2027Q4 | AH39: 2028Q1 | AI39: 2028Q2 | AJ39: 2028Q3 | AK39: 2028Q4 | AL39: 2029Q1 | AM39: 2029Q2 | AN39: 2029Q3 | AO39: 2029Q4 | AP39: 2030Q1 | AQ39: 2030Q2 | AR39: 2030Q3 | AS39: 2030Q4 | AT39: 2031Q1
A40: 분기 순번(추세계산용) | B40: 1 | C40: 2 | D40: 3 | E40: 4 | F40: 5 | G40: 6 | H40: 7 | I40: 8 | J40: 9 | K40: 10 | L40: 11 | M40: 12 | N40: 13 | O40: 14 | P40: 15 | Q40: 16 | R40: 17 | S40: 18 | T40: 19 | U40: 20 | V40: 21 | W40: 22 | X40: 23 | Y40: 24 | Z40: 25 | AA40: 26 | AB40: 27 | AC40: 28 | AD40: 29 | AE40: 30 | AF40: 31 | AG40: 32 | AH40: 33 | AI40: 34 | AJ40: 35 | AK40: 36 | AL40: 37 | AM40: 38 | AN40: 39 | AO40: 40 | AP40: 41 | AQ40: 42 | AR40: 43 | AS40: 44 | AT40: 45
A42: ■ E. 종별 NSA MS : [ NSA 수량 (C) x NSA 종별 비율 (D) / 종별 Ramosetron 수량 (B) ]
A43: 상급종합병원 | B43: =원자료_분기실측!B46 | C43: =원자료_분기실측!C46 | D43: =원자료_분기실측!D46 | E43: =원자료_분기실측!E46 | F43: =원자료_분기실측!F46 | G43: =원자료_분기실측!G46 | H43: =원자료_분기실측!H46 | I43: =원자료_분기실측!I46 | ... Z43: =원자료_분기실측!Z46 | AA43: =MAX($E$32,$Z$43+$D$32*(AA40-$Z$40)) | AB43: =MAX($E$32,$Z$43+$D$32*(AB40-$Z$40)) | AC43: =MAX($E$32,$Z$43+$D$32*(AC40-$Z$40)) | AD43: =MAX($E$32,$Z$43+$D$32*(AD40-$Z$40)) | AE43: =MAX($E$32,$Z$43+$D$32*(AE40-$Z$40)) | AF43: =MAX($E$32,$Z$43+$D$32*(AF40-$Z$40)) | AG43: =MAX($E$32,$Z$43+$D$32*(AG40-$Z$40)) | AH43: =MAX($E$32,$Z$43+$D$32*(AH40-$Z$40)) | ... AT43: =MAX($E$32,$Z$43+$D$32*(AT40-$Z$40))
A44: 종합병원 | B44: =원자료_분기실측!B47 | C44: =원자료_분기실측!C47 | D44: =원자료_분기실측!D47 | E44: =원자료_분기실측!E47 | F44: =원자료_분기실측!F47 | G44: =원자료_분기실측!G47 | H44: =원자료_분기실측!H47 | I44: =원자료_분기실측!I47 | ... Z44: =원자료_분기실측!Z47 | AA44: =$E$33/(1+EXP(-(LN($Z$44/($E$33-$Z$44))+$D$33*(AA40-$Z$40)))) | AB44: =$E$33/(1+EXP(-(LN($Z$44/($E$33-$Z$44))+$D$33*(AB40-$Z$40)))) | AC44: =$E$33/(1+EXP(-(LN($Z$44/($E$33-$Z$44))+$D$33*(AC40-$Z$40)))) | AD44: =$E$33/(1+EXP(-(LN($Z$44/($E$33-$Z$44))+$D$33*(AD40-$Z$40)))) | AE44: =$E$33/(1+EXP(-(LN($Z$44/($E$33-$Z$44))+$D$33*(AE40-$Z$40)))) | AF44: =$E$33/(1+EXP(-(LN($Z$44/($E$33-$Z$44))+$D$33*(AF40-$Z$40)))) | AG44: =$E$33/(1+EXP(-(LN($Z$44/($E$33-$Z$44))+$D$33*(AG40-$Z$40)))) | AH44: =$E$33/(1+EXP(-(LN($Z$44/($E$33-$Z$44))+$D$33*(AH40-$Z$40)))) | ... AT44: =$E$33/(1+EXP(-(LN($Z$44/($E$33-$Z$44))+$D$33*(AT40-$Z$40))))
A45: 병원 | B45: =원자료_분기실측!B48 | C45: =원자료_분기실측!C48 | D45: =원자료_분기실측!D48 | E45: =원자료_분기실측!E48 | F45: =원자료_분기실측!F48 | G45: =원자료_분기실측!G48 | H45: =원자료_분기실측!H48 | I45: =원자료_분기실측!I48 | ... Z45: =원자료_분기실측!Z48 | AA45: =AVERAGE(W45,X45,Y45,Z45) | AB45: =AVERAGE(X45,Y45,Z45,AA45) | AC45: =AVERAGE(Y45,Z45,AA45,AB45) | AD45: =AVERAGE(Z45,AA45,AB45,AC45) | AE45: =AVERAGE(AA45,AB45,AC45,AD45) | AF45: =AVERAGE(AB45,AC45,AD45,AE45) | AG45: =AVERAGE(AC45,AD45,AE45,AF45) | AH45: =AVERAGE(AD45,AE45,AF45,AG45) | ... AT45: =AVERAGE(AP45,AQ45,AR45,AS45)
A46: 의원 | B46: =원자료_분기실측!B49 | C46: =원자료_분기실측!C49 | D46: =원자료_분기실측!D49 | E46: =원자료_분기실측!E49 | F46: =원자료_분기실측!F49 | G46: =원자료_분기실측!G49 | H46: =원자료_분기실측!H49 | I46: =원자료_분기실측!I49 | ... Z46: =원자료_분기실측!Z49 | AA46: =$Z$47 | AB46: =$Z$47 | AC46: =$Z$47 | AD46: =$Z$47 | AE46: =$Z$47 | AF46: =$Z$47 | AG46: =$Z$47 | AH46: =$Z$47 | ... AT46: =$Z$47
A47: [의원 EWMA 계산용, alpha=0.3] | F47: =F46 | G47: =0.3*G46+0.7*F47 | H47: =0.3*H46+0.7*G47 | I47: =0.3*I46+0.7*H47 | J47: =0.3*J46+0.7*I47 | K47: =0.3*K46+0.7*J47 | L47: =0.3*L46+0.7*K47 | M47: =0.3*M46+0.7*L47 | N47: =0.3*N46+0.7*M47 | ... Z47: =0.3*Z46+0.7*Y47
A48: ■ F. 종별 NSA 수량 : [ 종별 Ramosetron 수량 (B) x 종별 NSA MS (E) ]
A49: 상급종합병원 | B49: ='근거_Ramosetron 시장 수량'!B41*B43 | C49: ='근거_Ramosetron 시장 수량'!C41*C43 | D49: ='근거_Ramosetron 시장 수량'!D41*D43 | E49: ='근거_Ramosetron 시장 수량'!E41*E43 | F49: ='근거_Ramosetron 시장 수량'!F41*F43 | G49: ='근거_Ramosetron 시장 수량'!G41*G43 | H49: ='근거_Ramosetron 시장 수량'!H41*H43 | I49: ='근거_Ramosetron 시장 수량'!I41*I43 | ... Z49: ='근거_Ramosetron 시장 수량'!Z41*Z43 | AA49: ='근거_Ramosetron 시장 수량'!AA41*'근거_NSA수량(IQVIA기준)'!AA43 | AB49: ='근거_Ramosetron 시장 수량'!AB41*'근거_NSA수량(IQVIA기준)'!AB43 | AC49: ='근거_Ramosetron 시장 수량'!AC41*'근거_NSA수량(IQVIA기준)'!AC43 | AD49: ='근거_Ramosetron 시장 수량'!AD41*'근거_NSA수량(IQVIA기준)'!AD43 | AE49: ='근거_Ramosetron 시장 수량'!AE41*'근거_NSA수량(IQVIA기준)'!AE43 | AF49: ='근거_Ramosetron 시장 수량'!AF41*'근거_NSA수량(IQVIA기준)'!AF43 | AG49: ='근거_Ramosetron 시장 수량'!AG41*'근거_NSA수량(IQVIA기준)'!AG43 | AH49: ='근거_Ramosetron 시장 수량'!AH41*'근거_NSA수량(IQVIA기준)'!AH43 | ... AT49: ='근거_Ramosetron 시장 수량'!AT41*'근거_NSA수량(IQVIA기준)'!AT43
A50: 종합병원 | B50: ='근거_Ramosetron 시장 수량'!B42*B44 | C50: ='근거_Ramosetron 시장 수량'!C42*C44 | D50: ='근거_Ramosetron 시장 수량'!D42*D44 | E50: ='근거_Ramosetron 시장 수량'!E42*E44 | F50: ='근거_Ramosetron 시장 수량'!F42*F44 | G50: ='근거_Ramosetron 시장 수량'!G42*G44 | H50: ='근거_Ramosetron 시장 수량'!H42*H44 | I50: ='근거_Ramosetron 시장 수량'!I42*I44 | ... Z50: ='근거_Ramosetron 시장 수량'!Z42*Z44 | AA50: ='근거_Ramosetron 시장 수량'!AA42*'근거_NSA수량(IQVIA기준)'!AA44 | AB50: ='근거_Ramosetron 시장 수량'!AB42*'근거_NSA수량(IQVIA기준)'!AB44 | AC50: ='근거_Ramosetron 시장 수량'!AC42*'근거_NSA수량(IQVIA기준)'!AC44 | AD50: ='근거_Ramosetron 시장 수량'!AD42*'근거_NSA수량(IQVIA기준)'!AD44 | AE50: ='근거_Ramosetron 시장 수량'!AE42*'근거_NSA수량(IQVIA기준)'!AE44 | AF50: ='근거_Ramosetron 시장 수량'!AF42*'근거_NSA수량(IQVIA기준)'!AF44 | AG50: ='근거_Ramosetron 시장 수량'!AG42*'근거_NSA수량(IQVIA기준)'!AG44 | AH50: ='근거_Ramosetron 시장 수량'!AH42*'근거_NSA수량(IQVIA기준)'!AH44 | ... AT50: ='근거_Ramosetron 시장 수량'!AT42*'근거_NSA수량(IQVIA기준)'!AT44
A51: 병원 | B51: ='근거_Ramosetron 시장 수량'!B43*B45 | C51: ='근거_Ramosetron 시장 수량'!C43*C45 | D51: ='근거_Ramosetron 시장 수량'!D43*D45 | E51: ='근거_Ramosetron 시장 수량'!E43*E45 | F51: ='근거_Ramosetron 시장 수량'!F43*F45 | G51: ='근거_Ramosetron 시장 수량'!G43*G45 | H51: ='근거_Ramosetron 시장 수량'!H43*H45 | I51: ='근거_Ramosetron 시장 수량'!I43*I45 | ... Z51: ='근거_Ramosetron 시장 수량'!Z43*Z45 | AA51: ='근거_Ramosetron 시장 수량'!AA43*'근거_NSA수량(IQVIA기준)'!AA45 | AB51: ='근거_Ramosetron 시장 수량'!AB43*'근거_NSA수량(IQVIA기준)'!AB45 | AC51: ='근거_Ramosetron 시장 수량'!AC43*'근거_NSA수량(IQVIA기준)'!AC45 | AD51: ='근거_Ramosetron 시장 수량'!AD43*'근거_NSA수량(IQVIA기준)'!AD45 | AE51: ='근거_Ramosetron 시장 수량'!AE43*'근거_NSA수량(IQVIA기준)'!AE45 | AF51: ='근거_Ramosetron 시장 수량'!AF43*'근거_NSA수량(IQVIA기준)'!AF45 | AG51: ='근거_Ramosetron 시장 수량'!AG43*'근거_NSA수량(IQVIA기준)'!AG45 | AH51: ='근거_Ramosetron 시장 수량'!AH43*'근거_NSA수량(IQVIA기준)'!AH45 | ... AT51: ='근거_Ramosetron 시장 수량'!AT43*'근거_NSA수량(IQVIA기준)'!AT45
A52: 의원 | B52: ='근거_Ramosetron 시장 수량'!B44*B46 | C52: ='근거_Ramosetron 시장 수량'!C44*C46 | D52: ='근거_Ramosetron 시장 수량'!D44*D46 | E52: ='근거_Ramosetron 시장 수량'!E44*E46 | F52: ='근거_Ramosetron 시장 수량'!F44*F46 | G52: ='근거_Ramosetron 시장 수량'!G44*G46 | H52: ='근거_Ramosetron 시장 수량'!H44*H46 | I52: ='근거_Ramosetron 시장 수량'!I44*I46 | ... Z52: ='근거_Ramosetron 시장 수량'!Z44*Z46 | AA52: ='근거_Ramosetron 시장 수량'!AA44*'근거_NSA수량(IQVIA기준)'!AA46 | AB52: ='근거_Ramosetron 시장 수량'!AB44*'근거_NSA수량(IQVIA기준)'!AB46 | AC52: ='근거_Ramosetron 시장 수량'!AC44*'근거_NSA수량(IQVIA기준)'!AC46 | AD52: ='근거_Ramosetron 시장 수량'!AD44*'근거_NSA수량(IQVIA기준)'!AD46 | AE52: ='근거_Ramosetron 시장 수량'!AE44*'근거_NSA수량(IQVIA기준)'!AE46 | AF52: ='근거_Ramosetron 시장 수량'!AF44*'근거_NSA수량(IQVIA기준)'!AF46 | AG52: ='근거_Ramosetron 시장 수량'!AG44*'근거_NSA수량(IQVIA기준)'!AG46 | AH52: ='근거_Ramosetron 시장 수량'!AH44*'근거_NSA수량(IQVIA기준)'!AH46 | ... AT52: ='근거_Ramosetron 시장 수량'!AT44*'근거_NSA수량(IQVIA기준)'!AT46
A53: ▶ NSA 수량 (IQVIA 기준) | B53: =SUM(B49:B52) | C53: =SUM(C49:C52) | D53: =SUM(D49:D52) | E53: =SUM(E49:E52) | F53: =SUM(F49:F52) | G53: =SUM(G49:G52) | H53: =SUM(H49:H52) | I53: =SUM(I49:I52) | ... AT53: =SUM(AT49:AT52)
A54: [종합병원 S-curve 로짓변환, L=상한] | U54: =LN(U44/($E$33-U44)) | V54: =LN(V44/($E$33-V44)) | W54: =LN(W44/($E$33-W44)) | X54: =LN(X44/($E$33-X44)) | Y54: =LN(Y44/($E$33-Y44)) | Z54: =LN(Z44/($E$33-Z44))
A56: ※ 출처 : IQVIA(FY2020~2025), SS-Chart (FY2021~2025), BI 자체 추정
A57: ※ 범례
A58: · 외부 입력 데이터: 청색(Blue) 표기
A59: · 예측 변수(또는 예측치): 녹색(Green) 표기
A60: · 최종 산출 결과: 황색(Yellow) 음영 행

Sheet 근거_매출
A2: DSKR NSA (SAP)매출 산출 : IQVIA 데이터 기반 예측 (FY26 목표단가 적용)
B4: ◀ 실측 (DSKR, FY2020~2025) | J4: 예측 ▶
A5: 구분 / 회계연도 ▶ | B5: FY2018 | C5: FY2019 | D5: FY2020 | E5: FY2021 | F5: FY2022 | G5: FY2023 | H5: FY2024 | I5: FY2025 | J5: FY2026 | K5: FY2027 | L5: FY2028 | M5: FY2029 | N5: FY2030
A6: ■ A. NSA 수량 (A, IQVIA 기준) [근거_NSA수량(IQVIA기준) 참조]
A7: NSA 수량 | B7: =IF('근거_NSA수량(IQVIA기준)'!B27=0,"",'근거_NSA수량(IQVIA기준)'!B27) | C7: =IF('근거_NSA수량(IQVIA기준)'!C27=0,"",'근거_NSA수량(IQVIA기준)'!C27) | D7: =IF('근거_NSA수량(IQVIA기준)'!D27=0,"",'근거_NSA수량(IQVIA기준)'!D27) | E7: =IF('근거_NSA수량(IQVIA기준)'!E27=0,"",'근거_NSA수량(IQVIA기준)'!E27) | F7: =IF('근거_NSA수량(IQVIA기준)'!F27=0,"",'근거_NSA수량(IQVIA기준)'!F27) | G7: =IF('근거_NSA수량(IQVIA기준)'!G27=0,"",'근거_NSA수량(IQVIA기준)'!G27) | H7: =IF('근거_NSA수량(IQVIA기준)'!H27=0,"",'근거_NSA수량(IQVIA기준)'!H27) | I7: =IF('근거_NSA수량(IQVIA기준)'!I27=0,"",'근거_NSA수량(IQVIA기준)'!I27) | ... N7: =IF('근거_NSA수량(IQVIA기준)'!N27=0,"",'근거_NSA수량(IQVIA기준)'!N27)
A9: ■ B. DSKR 매출수량 (A) [FY2020~2025 : SAP 실측 | FY2026~FY2030 : NSA 수량(A) ÷ 전환비율(C)]
A10: ▶ 1) Model Base | D10: 1609310 | E10: 1938415 | F10: 1836815 | G10: 2035465 | H10: 1595925 | I10: 1905010 | J10: =J7/J24 | K10: =K7/K24 | L10: =L7/L24 | M10: =M7/M24 | N10: =N7/N24
A11: : 모듈 산출치로 시나리오 기준선 역할
A12: ▶ 2) MKT Base [FY2026 : MKT 제공 예측치 (J12 직접 입력) | FY2027~FY2030 : 전년 × Model Base 증감률] | K12: =IF($J$12="","",J12*K10/J10) | L12: =IF($J$12="","",K12*L10/K10) | M12: =IF($J$12="","",L12*M10/L10) | N12: =IF($J$12="","",M12*N10/M10)
A13: : '26 MKT 제출 수치를 J12(노랑)에 입력하면 MKT Base 행·차트가 자동 활성화 (미입력 시 공란) | J13: =IF($J$12="","",J12/J10-1) | K13: =IF($J$12="","",K12/K10-1) | L13: =IF($J$12="","",L12/L10-1) | M13: =IF($J$12="","",M12/M10-1) | N13: =IF($J$12="","",N12/N10-1)
A14: ▶ 3) Best Scenario (±10%p) [FY2027~FY2030 : (Base NSA 수량 + NSA MS +10%p 효과 (MS 100% 상한 적용)) ÷ 전환비율] | J14: =('근거_NSA수량(IQVIA기준)'!J27)/J24 | K14: =(MIN('근거_NSA수량(IQVIA기준)'!K27+0.1*'근거_NSA수량(IQVIA기준)'!K7,'근거_NSA수량(IQVIA기준)'!K7))/K24 | L14: =(MIN('근거_NSA수량(IQVIA기준)'!L27+0.1*'근거_NSA수량(IQVIA기준)'!L7,'근거_NSA수량(IQVIA기준)'!L7))/L24 | M14: =(MIN('근거_NSA수량(IQVIA기준)'!M27+0.1*'근거_NSA수량(IQVIA기준)'!M7,'근거_NSA수량(IQVIA기준)'!M7))/M24 | N14: =(MIN('근거_NSA수량(IQVIA기준)'!N27+0.1*'근거_NSA수량(IQVIA기준)'!N7,'근거_NSA수량(IQVIA기준)'!N7))/N24
A15: : Model Base 기준, Ramosetron 시장 내 NSA MS +10%p 확대 시나리오 (전 종별 동시 적용) | J15: =J14/J10-1 | K15: =K14/K10-1 | L15: =L14/L10-1 | M15: =M14/M10-1 | N15: =N14/N10-1
A16: ▶ 4) Worst Scenario (±10%p) [FY2027~FY2030 : (Base NSA 수량 + NSA MS -10%p 효과) ÷ 전환비율] | J16: =('근거_NSA수량(IQVIA기준)'!J27)/J24 | K16: =('근거_NSA수량(IQVIA기준)'!K27-0.1*'근거_NSA수량(IQVIA기준)'!K7)/K24 | L16: =('근거_NSA수량(IQVIA기준)'!L27-0.1*'근거_NSA수량(IQVIA기준)'!L7)/L24 | M16: =('근거_NSA수량(IQVIA기준)'!M27-0.1*'근거_NSA수량(IQVIA기준)'!M7)/M24 | N16: =('근거_NSA수량(IQVIA기준)'!N27-0.1*'근거_NSA수량(IQVIA기준)'!N7)/N24
A17: : Model Base 기준, Ramosetron 시장 내 NSA MS -10%p 잠식 시나리오 (전 종별 동시 적용) | J17: =J16/J10-1 | K17: =K16/K10-1 | L17: =L16/L10-1 | M17: =M16/M10-1 | N17: =N16/N10-1
A18: ▶ 5) Best Scenario (±5%p) [FY2027~FY2030 : (Base NSA 수량 + NSA MS +5%p 효과 (MS 100% 상한 적용)) ÷ 전환비율] | J18: =('근거_NSA수량(IQVIA기준)'!J27)/J24 | K18: =(MIN('근거_NSA수량(IQVIA기준)'!K27+0.05*'근거_NSA수량(IQVIA기준)'!K7,'근거_NSA수량(IQVIA기준)'!K7))/K24 | L18: =(MIN('근거_NSA수량(IQVIA기준)'!L27+0.05*'근거_NSA수량(IQVIA기준)'!L7,'근거_NSA수량(IQVIA기준)'!L7))/L24 | M18: =(MIN('근거_NSA수량(IQVIA기준)'!M27+0.05*'근거_NSA수량(IQVIA기준)'!M7,'근거_NSA수량(IQVIA기준)'!M7))/M24 | N18: =(MIN('근거_NSA수량(IQVIA기준)'!N27+0.05*'근거_NSA수량(IQVIA기준)'!N7,'근거_NSA수량(IQVIA기준)'!N7))/N24
A19: : Model Base 기준, Ramosetron 시장 내 NSA MS +5%p 확대 시나리오 (전 종별 동시 적용) | J19: =J18/J10-1 | K19: =K18/K10-1 | L19: =L18/L10-1 | M19: =M18/M10-1 | N19: =N18/N10-1
A20: ▶ 6) Worst Scenario (±5%p) [FY2027~FY2030 : (Base NSA 수량 + NSA MS -5%p 효과) ÷ 전환비율] | J20: =('근거_NSA수량(IQVIA기준)'!J27)/J24 | K20: =('근거_NSA수량(IQVIA기준)'!K27-0.05*'근거_NSA수량(IQVIA기준)'!K7)/K24 | L20: =('근거_NSA수량(IQVIA기준)'!L27-0.05*'근거_NSA수량(IQVIA기준)'!L7)/L24 | M20: =('근거_NSA수량(IQVIA기준)'!M27-0.05*'근거_NSA수량(IQVIA기준)'!M7)/M24 | N20: =('근거_NSA수량(IQVIA기준)'!N27-0.05*'근거_NSA수량(IQVIA기준)'!N7)/N24
A21: : Model Base 기준, Ramosetron 시장 내 NSA MS -5%p 잠식 시나리오 (전 종별 동시 적용) | J21: =J20/J10-1 | K21: =K20/K10-1 | L21: =L20/L10-1 | M21: =M20/M10-1 | N21: =N20/N10-1
A23: ■ C. 전환비율 (IQVIA 수량 ÷ SAP 매출수량) [FY2020~2025 : 산출치 | FY2026~2030 : FY24~25 평균 (원 모델 기준 유지)]
A24: 전환비율 | D24: =IFERROR(D7/D10,"") | E24: =IFERROR(E7/E10,"") | F24: =IFERROR(F7/F10,"") | G24: =IFERROR(G7/G10,"") | H24: =IFERROR(H7/H10,"") | I24: =IFERROR(I7/I10,"") | J24: =AVERAGE(H24:I24) | K24: =J24 | L24: =K24 | M24: =L24 | N24: =M24
A26: ■ D. 단가 (원/A) [연도별 단가 : FY2026 목표단가(백만원/5A) ÷ 5 × 연도별 약가 배율 (인하 고시 시 28행 수정) ]
A27: 환산 단가 (원/A) | B27: =$B$59/5*1000000 | C27: (NASEA Inj. 0.3mg/5A FY2026 목표단가 ÷ 5 — 하단 [참고] 목표단가 참조)
A28: 약가 배율 (%) | J28: 1 | K28: 1 | L28: 1 | M28: 1 | N28: 1 | O28: ◀ 약가 인하 고시 없음 → 100% 유지 (인하 확정 시 해당 연도 배율만 수정)
A29: 단가 (원/A) | J29: =$B$27*J28 | K29: =$B$27*K28 | L29: =$B$27*L28 | M29: =$B$27*M28 | N29: =$B$27*N28
A31: ■ E. DSKR SAP매출액 (백만원) [FY2020~2025 : 실측 수량 × FY2026 목표단가 | FY2026~FY2030 : DSKR 매출 수량(B) × 단가(D) ]
A32: ▶ 1) Model Base : (B-1) × (D) | D32: 22226.502 | E32: 26771.837 | F32: 25368.619 | G32: 28112.214 | H32: 22041.639 | I32: 26310.474 | J32: =J10*J29/1000000 | K32: =K10*K29/1000000 | L32: =L10*L29/1000000 | M32: =M10*M29/1000000 | N32: =N10*N29/1000000
A33: YoY 증감률 | C33: =IFERROR(C32/B32-1,"") | D33: =IFERROR(D32/C32-1,"") | E33: =IFERROR(E32/D32-1,"") | F33: =IFERROR(F32/E32-1,"") | G33: =IFERROR(G32/F32-1,"") | H33: =IFERROR(H32/G32-1,"") | I33: =IFERROR(I32/H32-1,"") | J33: =IFERROR(J32/I32-1,"") | ... N33: =IFERROR(N32/M32-1,"")
A34: ▶ 2) MKT Base : MKT Base(B-2) × 단가(D) | J34: =IF($J$12="","",J12*J29/1000000) | K34: =IF($J$12="","",K12*K29/1000000) | L34: =IF($J$12="","",L12*L29/1000000) | M34: =IF($J$12="","",M12*M29/1000000) | N34: =IF($J$12="","",N12*N29/1000000)
A35: ▶ 3) Best (±10%p) : Best 수량(B-3) × 단가(D) | J35: =J14*J29/1000000 | K35: =K14*K29/1000000 | L35: =L14*L29/1000000 | M35: =M14*M29/1000000 | N35: =N14*N29/1000000
A36: ▶ 4) Worst (±10%p) : Worst 수량(B-4) × 단가(D) | J36: =J16*J29/1000000 | K36: =K16*K29/1000000 | L36: =L16*L29/1000000 | M36: =M16*M29/1000000 | N36: =N16*N29/1000000
A37: ▶ 5) Best (±5%p) : Best 수량(B-5) × 단가(D) | J37: =J18*J29/1000000 | K37: =K18*K29/1000000 | L37: =L18*L29/1000000 | M37: =M18*M29/1000000 | N37: =N18*N29/1000000
A38: ▶ 6) Worst (±5%p) : Worst 수량(B-6) × 단가(D) | J38: =J20*J29/1000000 | K38: =K20*K29/1000000 | L38: =L20*L29/1000000 | M38: =M20*M29/1000000 | N38: =N20*N29/1000000
B40: [참고]
B41: *시나리오 밴드 설정 및 산출 기준
B42: · 시나리오 기준 (민감도 1위 지표: Ramosetron 시장 내 NSA MS) — ±10%p(주 밴드)·±5%p(보조 밴드) 2단계
B43: - Best (MS 확대): 상급종합·종합병원 코드인 유지 및 병원급 확대로 NSA MS +10%p / +5%p → 매출 상단
B44: - Worst (MS 잠식): 제네릭 저가 입찰·처방 전환으로 NSA MS -10%p / -5%p → 매출 하단
B45: · 핵심 산출 근거: 종별 NSA MS 분기 실측(2020Q1~2026Q1, 근거_NSA수량 [참고]) 기준 가감. 시장 수량(Ramosetron)은 Base 고정
B46: · 전략적 시사점
B47: - Best와 Worst 시나리오 간의 최종 매출 격차(Band 폭)는 예측 오차가 아니라, 영업·마케팅의 종별 MS 방어·확대 활동이 창출해야 할 '전략적 목표 가치(Value)'를 의미
B48: · 모델링 전제 조건
B49: - 핵심 변수 집중: 환자수·종별 비율 등 후순위 변수와 '약가 경로'는 기본값(Base)으로 고정하여, 가장 민감도가 높은 'NSA MS 증감'의 단일 영향력을 명확히 함.
B50: - 예외 적용: FY2026은 시나리오 밴드 미적용 (세일즈 포캐스트 대상은 FY2027~)
B52: ※ 출처 : IQVIA(FY2020~2025), SAP
... B58: [참고] FY2026 목표단가 — 환산 단가(B27)의 산출 원천
A59: NASEA Inj. 0.3mg/5A (백만원/5A) | B59: 0.069056 | C59: (FY26BGT 목표단가; 1 Box = 5 Ampoule)

Sheet 근거_민감도
A2: NSA FCST 민감도 : 변동요인별 ± 이동이 Model Base 매출에 주는 영향
A4: ■ A. 방법
A5: · 방법: 한 번에 한 레버씩 하방/상방 조건으로 이동시켜 Model Base 매출(근거_매출 ■E-1)을 재계산. 레버 간 상관 미반영(일원 민감도). 사본 재계산(LibreOffice 전체 재계산) 결과의 정적 기록
A8: ■ B. 레버 정의
B9: 모델 내 위치 | C9: 기준값 | D9: 하방조건 | E9: 상방조건 | F9: 범위설정 근거
A10: L1 전신마취환자수 | B10: 근거_전신마취환자수 42행 (2026~2030 연간) | C10: 연령별 회귀/평균 | D10: -2% | E10: +2% | F10: 동등 산포의 레벨 쇼크(±2%) 근사
A11: L2 상급종합 환자비율 상한 | B11: 근거_종별전신마취환자수 C25 | C11: 0.41 | D11: 0.38 | E11: 0.44 | F11: 회복모형 상한 ±3%p
A12: L3 종합병원 환자비율 하한 | B12: 근거_종별전신마취환자수 C26 | C12: 0.4 | D12: 0.37 | E12: 0.43 | F12: 회복모형 하한 ±3%p
A13: L4 환자당 Ramo 사용량 | B13: 근거_Ramosetron 시장 수량 16~19행 (2026~2030) | C13: 선형회귀(상한) / flat | D13: -5% | E13: +5% | F13: 연간모델 표본 부족에 따른 레벨 쇼크 ±5%
A14: L5 NSA MS 상급종합 하한 | B14: 근거_NSA수량 E32 (레벨보정 하한) | C14: 0.55 | D14: 0.52 | E14: 0.58 | F14: 백테스트 MAPE 2.9% 기준 ±3%p
A15: L6 NSA MS 종합병원 상한 | B15: 근거_NSA수량 E33 (S-curve 상한) | C15: 0.56 | D15: 0.53 | E15: 0.59 | F15: 백테스트 MAPE 3.8% 기준 ±3%p
A16: L7 NSA MS 병원·의원 | B16: 근거_NSA수량 51~52행 (2026Q2~2030Q4 수량) | C16: 롤링4Q / EWMA | D16: -10% | E16: +10% | F16: 백테스트 MAPE 8.9~10.3% 기준 ±10%
A17: L8 NSA MS 전체 (시나리오) | B17: 근거_매출 14·16행 (NSA 수량 ± MS×시장) | C17: 종별 회귀 합산 | D17: MS -10%p | E17: MS +10%p | F17: MTS 밴드와 동일 정의 (라이브 수식)
A18: L9 전환비율 | B18: 근거_매출 24행 (FY24~25 평균) | C18: 1.044 | D18: 1.047 | E18: 1.01 | F18: FY2023~25 실측 최소·최대
A21: ■ C. 결과 — 기준 대비 매출 변화율
B22: FY2027하방 | C22: FY2027상방 | D22: FY2030하방 | E22: FY2030상방 | F22: FY2030 최대영향(±)
A23: L8 NSA MS 전체 (시나리오) | B23: =근거_매출!K36/근거_매출!K32-1 | C23: =근거_매출!K35/근거_매출!K32-1 | D23: =근거_매출!N36/근거_매출!N32-1 | E23: =근거_매출!N35/근거_매출!N32-1 | F23: =MAX(ABS(D23),ABS(E23))
A24: L4 환자당 Ramo 사용량 | B24: =-0.05237 | C24: =0.052672 | D24: =-0.054968 | E24: =0.056379 | F24: =MAX(ABS(D24),ABS(E24))
A25: L9 전환비율 | B25: =-0.002857 | C25: =0.033672 | D25: =-0.002857 | E25: =0.033672 | F25: =MAX(ABS(D25),ABS(E25))
A26: L5 NSA MS 상급종합 하한 | B26: =-0.000419 | C26: =0.020518 | D26: =-0.029562 | E26: =0.029562 | F26: =MAX(ABS(D26),ABS(E26))
A27: L6 NSA MS 종합병원 상한 | B27: =-0.014146 | C27: =0.011442 | D27: =-0.022372 | E27: =0.021518 | F27: =MAX(ABS(D27),ABS(E27))
A28: L1 전신마취환자수 | B28: =-0.02 | C28: =0.02 | D28: =-0.02 | E28: =0.02 | F28: =MAX(ABS(D28),ABS(E28))
A29: L2 상급종합 환자비율 상한 | B29: =-0.009362 | C29: =0.000539 | D29: =-0.010356 | E29: =0.009761 | F29: =MAX(ABS(D29),ABS(E29))
A30: L7 NSA MS 병원·의원 | B30: =-0.004034 | C30: =0.004034 | D30: =-0.002819 | E30: =0.002819 | F30: =MAX(ABS(D30),ABS(E30))
A31: L3 종합병원 환자비율 하한 | B31: =-0.0025 | C31: =0.002361 | D31: =-0.00271 | E31: =0.002554 | F31: =MAX(ABS(D31),ABS(E31))
A33: · L8 NSA MS 전체는 MTS 밴드(근거_매출 35·36행, ±10%p)와 동일 정의라 수식 참조(라이브). 나머지는 사본 재계산의 정적 기록
A34: · NSA 모델은 CY 분기 모델(2026Q1 실측 → 2026Q2~ 예측)이며 FY2026(2026Q2~2027Q1)은 전량 예측 구간 — 환자수·비율 레버도 FY2026부터 영향
A35: · L4 환자당 사용량은 종별 4행을 동시에 이동. L7은 병원·의원 NSA 수량(=시장×MS)에 직접 적용해 롤링평균 누적효과를 배제
A36: · 결과 수치는 산출 시점(2026-09-15)의 모델 상태 기준이며, 원자료_분기실측 갱신 시 L8 외 정적 값은 재산출 필요
A39: ■ D. 차트 소스 데이터
A40: 요인(±%) | B40: L3 종합병원 환자비율 하한 | C40: L7 NSA MS 병원·의원 | D40: L2 상급종합 환자비율 상한 | E40: L1 전신마취환자수 | F40: L6 NSA MS 종합병원 상한 | G40: L5 NSA MS 상급종합 하한 | H40: L9 전환비율 | I40: L4 환자당 Ramo 사용량 | J40: L8 NSA MS 전체 (시나리오)
A41: 영향(%) | B41: =ROUND(F31*100,1) | C41: =ROUND(F30*100,1) | D41: =ROUND(F29*100,1) | E41: =ROUND(F28*100,1) | F41: =ROUND(F27*100,1) | G41: =ROUND(F26*100,1) | H41: =ROUND(F25*100,1) | I41: =ROUND(F24*100,1) | J41: =ROUND(F23*100,1)
A43: FY2030(억) | B43: MS 잠식(-10%p) | C43: Base | D43: MS 확대(+10%p)
A44: 매출 | B44: =ROUND(근거_매출!N36/100,0) | C44: =ROUND(근거_매출!N32/100,0) | D44: =ROUND(근거_매출!N35/100,0)
A45: 매출 (±5%p 밴드) | B45: =ROUND(근거_매출!N38/100,0) | C45: =ROUND(근거_매출!N32/100,0) | D45: =ROUND(근거_매출!N37/100,0)

Sheet CALC
B2: Part 1) 전신마취환자수&시장 예측 [CY 기준 · 역년 1~12월] / IQVIA 처방량 예측 [FY 기준 · 회계연도 4~3월]
B3: 연도 | C3: 전신마취환자수 | E3: Ramosetron 시장 수량 (IQVIA 기준) | H3: NSA 수량 (IQVIA기준)
A4: 전체인구수 | B4: CY연도기준 | C4: 환자수 | D4: 비율 | E4: Ramosetron 시장 수량 | F4: 환자당 연간 처방량 | G4: YoY | H4: NSA 수량 | I4: MS | J4: YoY
A5: ='근거_전신마취환자수'!B17 | B5: 2010 | C5: ='근거_전신마취환자수'!B42 | D5: =IFERROR(C5/A5,"") | E5: ='근거_Ramosetron 시장 수량'!B27 | F5: =IFERROR(E5/C5,"")
A6: ='근거_전신마취환자수'!C17 | B6: 2011 | C6: ='근거_전신마취환자수'!C42 | D6: =IFERROR(C6/A6,"") | E6: ='근거_Ramosetron 시장 수량'!C27 | F6: =IFERROR(E6/C6,"") | G6: =IFERROR(E6/E5-1,"")
A7: ='근거_전신마취환자수'!D17 | B7: 2012 | C7: ='근거_전신마취환자수'!D42 | D7: =IFERROR(C7/A7,"") | E7: ='근거_Ramosetron 시장 수량'!D27 | F7: =IFERROR(E7/C7,"") | G7: =IFERROR(E7/E6-1,"")
A8: ='근거_전신마취환자수'!E17 | B8: 2013 | C8: ='근거_전신마취환자수'!E42 | D8: =IFERROR(C8/A8,"") | E8: ='근거_Ramosetron 시장 수량'!E27 | F8: =IFERROR(E8/C8,"") | G8: =IFERROR(E8/E7-1,"")
A9: ='근거_전신마취환자수'!F17 | B9: 2014 | C9: ='근거_전신마취환자수'!F42 | D9: =IFERROR(C9/A9,"") | E9: ='근거_Ramosetron 시장 수량'!F27 | F9: =IFERROR(E9/C9,"") | G9: =IFERROR(E9/E8-1,"")
A10: ='근거_전신마취환자수'!G17 | B10: 2015 | C10: ='근거_전신마취환자수'!G42 | D10: =IFERROR(C10/A10,"") | E10: ='근거_Ramosetron 시장 수량'!G27 | F10: =IFERROR(E10/C10,"") | G10: =IFERROR(E10/E9-1,"")
A11: ='근거_전신마취환자수'!H17 | B11: 2016 | C11: ='근거_전신마취환자수'!H42 | D11: =IFERROR(C11/A11,"") | E11: ='근거_Ramosetron 시장 수량'!H27 | F11: =IFERROR(E11/C11,"") | G11: =IFERROR(E11/E10-1,"")
A12: ='근거_전신마취환자수'!I17 | B12: 2017 | C12: ='근거_전신마취환자수'!I42 | D12: =IFERROR(C12/A12,"") | E12: ='근거_Ramosetron 시장 수량'!I27 | F12: =IFERROR(E12/C12,"") | G12: =IFERROR(E12/E11-1,"")
A13: ='근거_전신마취환자수'!J17 | B13: 2018 | C13: ='근거_전신마취환자수'!J42 | D13: =IFERROR(C13/A13,"") | E13: ='근거_Ramosetron 시장 수량'!J27 | F13: =IFERROR(E13/C13,"") | G13: =IFERROR(E13/E12-1,"") | H13: 0
A14: ='근거_전신마취환자수'!K17 | B14: 2019 | C14: ='근거_전신마취환자수'!K42 | D14: =IFERROR(C14/A14,"") | E14: ='근거_Ramosetron 시장 수량'!K27 | F14: =IFERROR(E14/C14,"") | G14: =IFERROR(E14/E13-1,"") | H14: 0
A15: ='근거_전신마취환자수'!L17 | B15: 2020 | C15: ='근거_전신마취환자수'!L42 | D15: =IFERROR(C15/A15,"") | E15: ='근거_Ramosetron 시장 수량'!L27 | F15: =IFERROR(E15/C15,"") | G15: =IFERROR(E15/E14-1,"") | H15: ='근거_NSA수량(IQVIA기준)'!D27 | I15: =IFERROR(H15/E15,"")
A16: ='근거_전신마취환자수'!M17 | B16: 2021 | C16: ='근거_전신마취환자수'!M42 | D16: =IFERROR(C16/A16,"") | E16: ='근거_Ramosetron 시장 수량'!M27 | F16: =IFERROR(E16/C16,"") | G16: =IFERROR(E16/E15-1,"") | H16: ='근거_NSA수량(IQVIA기준)'!E27 | I16: =IFERROR(H16/E16,"") | J16: =IFERROR(H16/H15-1,"")
A17: ='근거_전신마취환자수'!N17 | B17: 2022 | C17: ='근거_전신마취환자수'!N42 | D17: =IFERROR(C17/A17,"") | E17: ='근거_Ramosetron 시장 수량'!N27 | F17: =IFERROR(E17/C17,"") | G17: =IFERROR(E17/E16-1,"") | H17: ='근거_NSA수량(IQVIA기준)'!F27 | I17: =IFERROR(H17/E17,"") | J17: =IFERROR(H17/H16-1,"")
A18: ='근거_전신마취환자수'!O17 | B18: 2023 | C18: ='근거_전신마취환자수'!O42 | D18: =IFERROR(C18/A18,"") | E18: ='근거_Ramosetron 시장 수량'!O27 | F18: =IFERROR(E18/C18,"") | G18: =IFERROR(E18/E17-1,"") | H18: ='근거_NSA수량(IQVIA기준)'!G27 | I18: =IFERROR(H18/E18,"") | J18: =IFERROR(H18/H17-1,"")
A19: ='근거_전신마취환자수'!P17 | B19: 2024 | C19: ='근거_전신마취환자수'!P42 | D19: =IFERROR(C19/A19,"") | E19: ='근거_Ramosetron 시장 수량'!P27 | F19: =IFERROR(E19/C19,"") | G19: =IFERROR(E19/E18-1,"") | H19: ='근거_NSA수량(IQVIA기준)'!H27 | I19: =IFERROR(H19/E19,"") | J19: =IFERROR(H19/H18-1,"")
A20: ='근거_전신마취환자수'!Q17 | B20: 2025 | C20: ='근거_전신마취환자수'!Q42 | D20: =IFERROR(C20/A20,"") | E20: ='근거_Ramosetron 시장 수량'!Q27 | F20: =IFERROR(E20/C20,"") | G20: =IFERROR(E20/E19-1,"") | H20: ='근거_NSA수량(IQVIA기준)'!I27 | I20: =IFERROR(H20/E20,"") | J20: =IFERROR(H20/H19-1,"")
A21: ='근거_전신마취환자수'!R17 | B21: 2026 | C21: ='근거_전신마취환자수'!R42 | D21: =IFERROR(C21/A21,"") | E21: ='근거_Ramosetron 시장 수량'!R27 | F21: =IFERROR(E21/C21,"") | G21: =IFERROR(E21/E20-1,"") | H21: ='근거_NSA수량(IQVIA기준)'!J27 | I21: =IFERROR(H21/E21,"") | J21: =IFERROR(H21/H20-1,"")
A22: ='근거_전신마취환자수'!S17 | B22: 2027 | C22: ='근거_전신마취환자수'!S42 | D22: =IFERROR(C22/A22,"") | E22: ='근거_Ramosetron 시장 수량'!S27 | F22: =IFERROR(E22/C22,"") | G22: =IFERROR(E22/E21-1,"") | H22: ='근거_NSA수량(IQVIA기준)'!K27 | I22: =IFERROR(H22/E22,"") | J22: =IFERROR(H22/H21-1,"")
A23: ='근거_전신마취환자수'!T17 | B23: 2028 | C23: ='근거_전신마취환자수'!T42 | D23: =IFERROR(C23/A23,"") | E23: ='근거_Ramosetron 시장 수량'!T27 | F23: =IFERROR(E23/C23,"") | G23: =IFERROR(E23/E22-1,"") | H23: ='근거_NSA수량(IQVIA기준)'!L27 | I23: =IFERROR(H23/E23,"") | J23: =IFERROR(H23/H22-1,"")
A24: ='근거_전신마취환자수'!U17 | B24: 2029 | C24: ='근거_전신마취환자수'!U42 | D24: =IFERROR(C24/A24,"") | E24: ='근거_Ramosetron 시장 수량'!U27 | F24: =IFERROR(E24/C24,"") | G24: =IFERROR(E24/E23-1,"") | H24: ='근거_NSA수량(IQVIA기준)'!M27 | I24: =IFERROR(H24/E24,"") | J24: =IFERROR(H24/H23-1,"")
A25: ='근거_전신마취환자수'!V17 | B25: 2030 | C25: ='근거_전신마취환자수'!V42 | D25: =IFERROR(C25/A25,"") | E25: ='근거_Ramosetron 시장 수량'!V27 | F25: =IFERROR(E25/C25,"") | G25: =IFERROR(E25/E24-1,"") | H25: ='근거_NSA수량(IQVIA기준)'!N27 | I25: =IFERROR(H25/E25,"") | J25: =IFERROR(H25/H24-1,"")
B27: Part 2) NSA SAP매출 예측 [FY 기준 · 회계연도 4~3월] | K27: 확정FY(ACT) ▶
B28: 연도 | C28: NSA 수량 (IQVIA 기준) | E28: DSKR NSA SAP 매출 | G28: IQVIA vs.시장매출 | H28: DSKR NSA SAP매출금액 (FY2026 목표단가 반영) | K28: 2025 | N28: 탑다운 검증 (참고, 억원)
B29: 회계연도기준 | C29: 수량(A) | D29: YoY | E29: 수량(A) | F29: YoY | G29: 처방량÷시장매출 | H29: 백만원 | K29: ◀ 매년 실적확정 시 이 값을 +1 (예: FY2026 확정되면 2026). 표지 태그·EST/ACT 플래그가 자동 갱신. | L29: 상태 | N29: 억원(탑다운) | O29: ◀ 원본_NSA_연간예측(고정비율 k) 탑다운 트랙 — FY2026만 독립 대조
B30: FY2018 | E30: =IF(근거_매출!B10="","",근거_매출!B10) | G30: =IFERROR(C30/E30,"") | H30: =IF(근거_매출!B32="","",근거_매출!B32) | I30: =IFERROR(H30/E30,"") | L30: =IF(VALUE(MID(B30,3,4))<=$K$28,"ACT","EST")
B31: FY2019 | D31: =IFERROR(C31/C30-1,"") | E31: =IF(근거_매출!C10="","",근거_매출!C10) | F31: =IFERROR(E31/E30-1,"") | G31: =IFERROR(C31/E31,"") | H31: =IF(근거_매출!C32="","",근거_매출!C32) | I31: =IFERROR(H31/E31,"") | L31: =IF(VALUE(MID(B31,3,4))<=$K$28,"ACT","EST")
B32: FY2020 | C32: ='근거_NSA수량(IQVIA기준)'!D27 | D32: =IFERROR(C32/C31-1,"") | E32: =IF(근거_매출!D10="","",근거_매출!D10) | F32: =IFERROR(E32/E31-1,"") | G32: =IFERROR(C32/E32,"") | H32: =IF(근거_매출!D32="","",근거_매출!D32) | I32: =IFERROR(H32/E32,"") | L32: =IF(VALUE(MID(B32,3,4))<=$K$28,"ACT","EST")
B33: FY2021 | C33: ='근거_NSA수량(IQVIA기준)'!E27 | D33: =IFERROR(C33/C32-1,"") | E33: =IF(근거_매출!E10="","",근거_매출!E10) | F33: =IFERROR(E33/E32-1,"") | G33: =IFERROR(C33/E33,"") | H33: =IF(근거_매출!E32="","",근거_매출!E32) | I33: =IFERROR(H33/E33,"") | L33: =IF(VALUE(MID(B33,3,4))<=$K$28,"ACT","EST")
B34: FY2022 | C34: ='근거_NSA수량(IQVIA기준)'!F27 | D34: =IFERROR(C34/C33-1,"") | E34: =IF(근거_매출!F10="","",근거_매출!F10) | F34: =IFERROR(E34/E33-1,"") | G34: =IFERROR(C34/E34,"") | H34: =IF(근거_매출!F32="","",근거_매출!F32) | I34: =IFERROR(H34/E34,"") | L34: =IF(VALUE(MID(B34,3,4))<=$K$28,"ACT","EST")
B35: FY2023 | C35: ='근거_NSA수량(IQVIA기준)'!G27 | D35: =IFERROR(C35/C34-1,"") | E35: =IF(근거_매출!G10="","",근거_매출!G10) | F35: =IFERROR(E35/E34-1,"") | G35: =IFERROR(C35/E35,"") | H35: =IF(근거_매출!G32="","",근거_매출!G32) | I35: =IFERROR(H35/E35,"") | L35: =IF(VALUE(MID(B35,3,4))<=$K$28,"ACT","EST")
B36: FY2024 | C36: ='근거_NSA수량(IQVIA기준)'!H27 | D36: =IFERROR(C36/C35-1,"") | E36: =IF(근거_매출!H10="","",근거_매출!H10) | F36: =IFERROR(E36/E35-1,"") | G36: =IFERROR(C36/E36,"") | H36: =IF(근거_매출!H32="","",근거_매출!H32) | I36: =IFERROR(H36/E36,"") | L36: =IF(VALUE(MID(B36,3,4))<=$K$28,"ACT","EST")
B37: FY2025 | C37: ='근거_NSA수량(IQVIA기준)'!I27 | D37: =IFERROR(C37/C36-1,"") | E37: =IF(근거_매출!I10="","",근거_매출!I10) | F37: =IFERROR(E37/E36-1,"") | G37: =IFERROR(C37/E37,"") | H37: =IF(근거_매출!I32="","",근거_매출!I32) | I37: =IFERROR(H37/E37,"") | L37: =IF(VALUE(MID(B37,3,4))<=$K$28,"ACT","EST")
B38: FY2026 | C38: ='근거_NSA수량(IQVIA기준)'!J27 | D38: =IFERROR(C38/C37-1,"") | E38: =근거_매출!J10 | F38: =IFERROR(E38/E37-1,"") | G38: =IFERROR(C38/E38,"") | H38: =E38*I38 | I38: =근거_매출!J29/1000000 | J38: ◀ 단가(I열)는 근거_매출 연도별 단가행(29행) 참조 — 약가 배율 변경 시 자동 반영 | L38: =IF(VALUE(MID(B38,3,4))<=$K$28,"ACT","EST") | N38: =원본_NSA_연간예측!B25*근거_매출!J29/1000000/100 | O38: =IFERROR(N38/(H38/100)-1,"")
B39: FY2027 | C39: ='근거_NSA수량(IQVIA기준)'!K27 | D39: =IFERROR(C39/C38-1,"") | E39: =근거_매출!K10 | F39: =IFERROR(E39/E38-1,"") | G39: =IFERROR(C39/E39,"") | H39: =E39*I39 | I39: =근거_매출!K29/1000000 | L39: =IF(VALUE(MID(B39,3,4))<=$K$28,"ACT","EST")
B40: FY2028 | C40: ='근거_NSA수량(IQVIA기준)'!L27 | D40: =IFERROR(C40/C39-1,"") | E40: =근거_매출!L10 | F40: =IFERROR(E40/E39-1,"") | G40: =IFERROR(C40/E40,"") | H40: =E40*I40 | I40: =근거_매출!L29/1000000 | L40: =IF(VALUE(MID(B40,3,4))<=$K$28,"ACT","EST")
B41: FY2029 | C41: ='근거_NSA수량(IQVIA기준)'!M27 | D41: =IFERROR(C41/C40-1,"") | E41: =근거_매출!M10 | F41: =IFERROR(E41/E40-1,"") | G41: =IFERROR(C41/E41,"") | H41: =E41*I41 | I41: =근거_매출!M29/1000000 | L41: =IF(VALUE(MID(B41,3,4))<=$K$28,"ACT","EST")
B42: FY2030 | C42: ='근거_NSA수량(IQVIA기준)'!N27 | D42: =IFERROR(C42/C41-1,"") | E42: =근거_매출!N10 | F42: =IFERROR(E42/E41-1,"") | G42: =IFERROR(C42/E42,"") | H42: =E42*I42 | I42: =근거_매출!N29/1000000 | L42: =IF(VALUE(MID(B42,3,4))<=$K$28,"ACT","EST")

Sheet 원본_NSA_연간예측
A2: NSA SAP매출 연간 예측 모델 — 고정비율 기반 (SAP 수량 = IQVIA ÷ k)
A4: ① 고정비율 파라미터 (FY2020~FY2025, 6개년 평균)
A5: 항목 | B5: 값 | C5: 설명
A6: 고정비율 k (IQVIA/SAP) | B6: =AVERAGE(D14:D19) | C6: FY2020~FY2025 평균 IQVIA/SAP 비율 ← 산출 자동
A7: 예측 공식 | B7: SAP 매출 예측 수량 = FY2026 IQVIA 예측수량 ÷ k
A8: 검증 MAPE | B8: =TEXT(AVERAGE(ABS(G17),ABS(G18),ABS(G19)),"0.00%")&" (FY2023~FY2025 평균 절대오차)"
A10: ② 과거 실적 데이터 (FY2020~FY2025)
A11: 회계연도 | B11: IQVIA 수량 (A) | C11: SAP 매출수량 (A) | D11: IQVIA/SAP 비율 | E11: 평균 대비 | F11: 고정비율 예측 SAP | G11: 예측 오차 | H11: 비고
A12: FY2018 | B12: =근거_매출!B7 | C12: =근거_매출!B10 | D12: =IFERROR(B12/C12,"") | E12: =IFERROR(D12-$B$6,"") | F12: =IFERROR(B12/$B$6,"") | G12: =IFERROR(F12/C12-1,"")
A13: FY2019 | B13: =근거_매출!C7 | C13: =근거_매출!C10 | D13: =IFERROR(B13/C13,"") | E13: =IFERROR(D13-$B$6,"") | F13: =IFERROR(B13/$B$6,"") | G13: =IFERROR(F13/C13-1,"")
A14: FY2020 | B14: =근거_매출!D7 | C14: =근거_매출!D10 | D14: =IFERROR(B14/C14,"") | E14: =IFERROR(D14-$B$6,"") | F14: =IFERROR(B14/$B$6,"") | G14: =IFERROR(F14/C14-1,"")
A15: FY2021 | B15: =근거_매출!E7 | C15: =근거_매출!E10 | D15: =IFERROR(B15/C15,"") | E15: =IFERROR(D15-$B$6,"") | F15: =IFERROR(B15/$B$6,"") | G15: =IFERROR(F15/C15-1,"")
A16: FY2022 | B16: =근거_매출!F7 | C16: =근거_매출!F10 | D16: =IFERROR(B16/C16,"") | E16: =IFERROR(D16-$B$6,"") | F16: =IFERROR(B16/$B$6,"") | G16: =IFERROR(F16/C16-1,"") | H16: FY2022 비율 1.14 (SAP 대비 IQVIA 과대) — 재고 조정 영향 추정
A17: FY2023 | B17: =근거_매출!G7 | C17: =근거_매출!G10 | D17: =IFERROR(B17/C17,"") | E17: =IFERROR(D17-$B$6,"") | F17: =IFERROR(B17/$B$6,"") | G17: =IFERROR(F17/C17-1,"")
A18: FY2024 | B18: =근거_매출!H7 | C18: =근거_매출!H10 | D18: =IFERROR(B18/C18,"") | E18: =IFERROR(D18-$B$6,"") | F18: =IFERROR(B18/$B$6,"") | G18: =IFERROR(F18/C18-1,"")
A19: FY2025 | B19: =근거_매출!I7 | C19: =근거_매출!I10 | D19: =IFERROR(B19/C19,"") | E19: =IFERROR(D19-$B$6,"") | F19: =IFERROR(B19/$B$6,"") | G19: =IFERROR(F19/C19-1,"")
A20: 평균 | D20: =AVERAGE(D14:D19) | G20: =AVERAGE(G14:G19)
A22: ③ FY2026 연간 예측 — 유일한 수동 입력: IQVIA 예측 수량
A23: FY2026 IQVIA 예측수량 (A) | B23: ='근거_NSA수량(IQVIA기준)'!J27 | C23: ← 유일한 수동 입력 (현재 바텀업 모델 FY2026 수량 연동; 독립 대조 시 값으로 덮어쓰기)
A24: 고정비율 k | B24: =B6
A25: ★ FY2026 연간 예측 (A) | B25: =B23/B24
A26: 예측 성장률 (YoY) | B26: =B25/C19-1
A28: ④ 민감도 분석 — IQVIA 예측수량 시나리오별
A29: IQVIA 예측 (A) | B29: IQVIA YoY | C29: 예측 SAP 수량 (A) | D29: SAP YoY | E29: FY2025 대비 증감 | F29: 비고
A30: 2000000 | B30: =A30/B19-1 | C30: =A30/$B$6 | D30: =C30/C19-1 | E30: =C30-C19 | F30: ="보수: IQVIA "&TEXT(B30,"+0.0%;-0.0%")
A31: 2100000 | B31: =A31/B19-1 | C31: =A31/$B$6 | D31: =C31/C19-1 | E31: =C31-C19 | F31: ="보수: IQVIA "&TEXT(B31,"+0.0%;-0.0%")
A32: 2200000 | B32: =A32/B19-1 | C32: =A32/$B$6 | D32: =C32/C19-1 | E32: =C32-C19 | F32: 기준−
A33: =B23 | B33: =A33/B19-1 | C33: =A33/$B$6 | D33: =C33/C19-1 | E33: =C33-C19 | F33: ← 연초 입력값
A34: 2450000 | B34: =A34/B19-1 | C34: =A34/$B$6 | D34: =C34/C19-1 | E34: =C34-C19 | F34: 기준+
A35: 2600000 | B35: =A35/B19-1 | C35: =A35/$B$6 | D35: =C35/C19-1 | E35: =C35-C19 | F35: ="낙관: IQVIA "&TEXT(B35,"+0.0%;-0.0%")
A36: 2800000 | B36: =A36/B19-1 | C36: =A36/$B$6 | D36: =C36/C19-1 | E36: =C36-C19 | F36: ="낙관: IQVIA "&TEXT(B36,"+0.0%;-0.0%")
A38: ⑤ 모니터링 기준
A39: 고정비율 k 업데이트 | B39: 매 FY 종료 후 → 실적 추가하여 평균 재산출
A40: 비율 이상치 기준 | B40: IQVIA/SAP 비율이 k ± 0.05 초과 시 → 원인 파악 필요 (재고·입찰 시점)
A41: 검증 MAPE | B41: FY2023~FY2025 기준 평균 절대오차 (B8 참조)
A42: Rolling 갱신 | B42: 분기 실적 확정 시 원자료_분기실측 갱신 → 자동 재계산
A44: [ 범례 ] 파란 글씨/노랑: 수동 입력 │ 검정: 자동 계산 │ 초록: 예측 결과

Sheet 모니터링_분기별
A2: 모니터링_분기별 — 종별 NSA MS 이탈 감시
A3: 예측을 갱신하는 시트가 아닙니다. 분기 실측(원자료_분기실측)이 모델 예측(근거_NSA수량 43~46행)에서 벗어났는지 판정합니다. 경보가 뜰 때만 예측 가정을 손댑니다
A5: ■ 파라미터
A6: 상급종합 임계 (MAPE, %p) | B6: 0.029 | C6: 백테스트 MAPE 2.92%
A7: 종합병원 임계 | B7: 0.038 | C7: 백테스트 MAPE 3.83%
A8: 병원 임계 | B8: 0.089 | C8: 백테스트 MAPE 8.89%
A9: 의원 임계 | B9: 0.103 | C9: 백테스트 MAPE 10.30%
A10: 경보 임계 (배수) | B10: 1.5 | C10: 이탈률이 MAPE × 배수를 넘고
A11: 경보 연속 분기 | B11: 2 | C11: 연속 이 분기 이상이면 경보
A13: ■ 분기 감시표 (실측 열이 채워진 분기만 판정 · 원자료_분기실측 갱신 시 자동)
A14: CY분기 | B14: Ramo 시장 실측 | C14: NSA 실측 | D14: 전체 MS 실측 | E14: 전체 MS 모델 | F14: 이탈 | G14: 상급 MS 실측 | H14: 상급 모델 | I14: 이탈률 | J14: 신호 | K14: 종합 MS 실측 | L14: 종합 모델 | M14: 이탈률 | N14: 신호 | O14: 병원 MS 실측 | P14: 병원 모델 | Q14: 이탈률
A15: 2025Q1 | B15: =IF(원자료_분기실측!V41="","",원자료_분기실측!V41) | C15: =IF(원자료_분기실측!V42="","",원자료_분기실측!V42) | D15: =IFERROR(IF(OR(B15="",C15=""),"",C15/B15),"") | E15: =IFERROR('근거_NSA수량(IQVIA기준)'!V53/'근거_Ramosetron 시장 수량'!V51,"") | F15: =IF(OR(D15="",E15=""),"",D15-E15) | G15: =IFERROR(IF(원자료_분기실측!V46=0,"",원자료_분기실측!V46),"") | H15: =IFERROR('근거_NSA수량(IQVIA기준)'!V43,"") | I15: =IFERROR(IF(OR(G15="",H15=""),"",G15/H15-1),"") | J15: =IF(I15="","",IF(ABS(I15)>$B$6*$B$10,IF(IF(ISNUMBER(I14),ABS(I14)>$B$6*$B$10,FALSE),"경보","주의"),"정상")) | K15: =IFERROR(IF(원자료_분기실측!V47=0,"",원자료_분기실측!V47),"") | L15: =IFERROR('근거_NSA수량(IQVIA기준)'!V44,"") | M15: =IFERROR(IF(OR(K15="",L15=""),"",K15/L15-1),"") | N15: =IF(M15="","",IF(ABS(M15)>$B$7*$B$10,IF(IF(ISNUMBER(M14),ABS(M14)>$B$7*$B$10,FALSE),"경보","주의"),"정상")) | O15: =IFERROR(IF(원자료_분기실측!V48=0,"",원자료_분기실측!V48),"") | P15: =IFERROR('근거_NSA수량(IQVIA기준)'!V45,"") | Q15: =IFERROR(IF(OR(O15="",P15=""),"",O15/P15-1),"")
A16: 2025Q2 | B16: =IF(원자료_분기실측!W41="","",원자료_분기실측!W41) | C16: =IF(원자료_분기실측!W42="","",원자료_분기실측!W42) | D16: =IFERROR(IF(OR(B16="",C16=""),"",C16/B16),"") | E16: =IFERROR('근거_NSA수량(IQVIA기준)'!W53/'근거_Ramosetron 시장 수량'!W51,"") | F16: =IF(OR(D16="",E16=""),"",D16-E16) | G16: =IFERROR(IF(원자료_분기실측!W46=0,"",원자료_분기실측!W46),"") | H16: =IFERROR('근거_NSA수량(IQVIA기준)'!W43,"") | I16: =IFERROR(IF(OR(G16="",H16=""),"",G16/H16-1),"") | J16: =IF(I16="","",IF(ABS(I16)>$B$6*$B$10,IF(IF(ISNUMBER(I15),ABS(I15)>$B$6*$B$10,FALSE),"경보","주의"),"정상")) | K16: =IFERROR(IF(원자료_분기실측!W47=0,"",원자료_분기실측!W47),"") | L16: =IFERROR('근거_NSA수량(IQVIA기준)'!W44,"") | M16: =IFERROR(IF(OR(K16="",L16=""),"",K16/L16-1),"") | N16: =IF(M16="","",IF(ABS(M16)>$B$7*$B$10,IF(IF(ISNUMBER(M15),ABS(M15)>$B$7*$B$10,FALSE),"경보","주의"),"정상")) | O16: =IFERROR(IF(원자료_분기실측!W48=0,"",원자료_분기실측!W48),"") | P16: =IFERROR('근거_NSA수량(IQVIA기준)'!W45,"") | Q16: =IFERROR(IF(OR(O16="",P16=""),"",O16/P16-1),"")
A17: 2025Q3 | B17: =IF(원자료_분기실측!X41="","",원자료_분기실측!X41) | C17: =IF(원자료_분기실측!X42="","",원자료_분기실측!X42) | D17: =IFERROR(IF(OR(B17="",C17=""),"",C17/B17),"") | E17: =IFERROR('근거_NSA수량(IQVIA기준)'!X53/'근거_Ramosetron 시장 수량'!X51,"") | F17: =IF(OR(D17="",E17=""),"",D17-E17) | G17: =IFERROR(IF(원자료_분기실측!X46=0,"",원자료_분기실측!X46),"") | H17: =IFERROR('근거_NSA수량(IQVIA기준)'!X43,"") | I17: =IFERROR(IF(OR(G17="",H17=""),"",G17/H17-1),"") | J17: =IF(I17="","",IF(ABS(I17)>$B$6*$B$10,IF(IF(ISNUMBER(I16),ABS(I16)>$B$6*$B$10,FALSE),"경보","주의"),"정상")) | K17: =IFERROR(IF(원자료_분기실측!X47=0,"",원자료_분기실측!X47),"") | L17: =IFERROR('근거_NSA수량(IQVIA기준)'!X44,"") | M17: =IFERROR(IF(OR(K17="",L17=""),"",K17/L17-1),"") | N17: =IF(M17="","",IF(ABS(M17)>$B$7*$B$10,IF(IF(ISNUMBER(M16),ABS(M16)>$B$7*$B$10,FALSE),"경보","주의"),"정상")) | O17: =IFERROR(IF(원자료_분기실측!X48=0,"",원자료_분기실측!X48),"") | P17: =IFERROR('근거_NSA수량(IQVIA기준)'!X45,"") | Q17: =IFERROR(IF(OR(O17="",P17=""),"",O17/P17-1),"")
A18: 2025Q4 | B18: =IF(원자료_분기실측!Y41="","",원자료_분기실측!Y41) | C18: =IF(원자료_분기실측!Y42="","",원자료_분기실측!Y42) | D18: =IFERROR(IF(OR(B18="",C18=""),"",C18/B18),"") | E18: =IFERROR('근거_NSA수량(IQVIA기준)'!Y53/'근거_Ramosetron 시장 수량'!Y51,"") | F18: =IF(OR(D18="",E18=""),"",D18-E18) | G18: =IFERROR(IF(원자료_분기실측!Y46=0,"",원자료_분기실측!Y46),"") | H18: =IFERROR('근거_NSA수량(IQVIA기준)'!Y43,"") | I18: =IFERROR(IF(OR(G18="",H18=""),"",G18/H18-1),"") | J18: =IF(I18="","",IF(ABS(I18)>$B$6*$B$10,IF(IF(ISNUMBER(I17),ABS(I17)>$B$6*$B$10,FALSE),"경보","주의"),"정상")) | K18: =IFERROR(IF(원자료_분기실측!Y47=0,"",원자료_분기실측!Y47),"") | L18: =IFERROR('근거_NSA수량(IQVIA기준)'!Y44,"") | M18: =IFERROR(IF(OR(K18="",L18=""),"",K18/L18-1),"") | N18: =IF(M18="","",IF(ABS(M18)>$B$7*$B$10,IF(IF(ISNUMBER(M17),ABS(M17)>$B$7*$B$10,FALSE),"경보","주의"),"정상")) | O18: =IFERROR(IF(원자료_분기실측!Y48=0,"",원자료_분기실측!Y48),"") | P18: =IFERROR('근거_NSA수량(IQVIA기준)'!Y45,"") | Q18: =IFERROR(IF(OR(O18="",P18=""),"",O18/P18-1),"")
A19: 2026Q1 | B19: =IF(원자료_분기실측!Z41="","",원자료_분기실측!Z41) | C19: =IF(원자료_분기실측!Z42="","",원자료_분기실측!Z42) | D19: =IFERROR(IF(OR(B19="",C19=""),"",C19/B19),"") | E19: =IFERROR('근거_NSA수량(IQVIA기준)'!Z53/'근거_Ramosetron 시장 수량'!Z51,"") | F19: =IF(OR(D19="",E19=""),"",D19-E19) | G19: =IFERROR(IF(원자료_분기실측!Z46=0,"",원자료_분기실측!Z46),"") | H19: =IFERROR('근거_NSA수량(IQVIA기준)'!Z43,"") | I19: =IFERROR(IF(OR(G19="",H19=""),"",G19/H19-1),"") | J19: =IF(I19="","",IF(ABS(I19)>$B$6*$B$10,IF(IF(ISNUMBER(I18),ABS(I18)>$B$6*$B$10,FALSE),"경보","주의"),"정상")) | K19: =IFERROR(IF(원자료_분기실측!Z47=0,"",원자료_분기실측!Z47),"") | L19: =IFERROR('근거_NSA수량(IQVIA기준)'!Z44,"") | M19: =IFERROR(IF(OR(K19="",L19=""),"",K19/L19-1),"") | N19: =IF(M19="","",IF(ABS(M19)>$B$7*$B$10,IF(IF(ISNUMBER(M18),ABS(M18)>$B$7*$B$10,FALSE),"경보","주의"),"정상")) | O19: =IFERROR(IF(원자료_분기실측!Z48=0,"",원자료_분기실측!Z48),"") | P19: =IFERROR('근거_NSA수량(IQVIA기준)'!Z45,"") | Q19: =IFERROR(IF(OR(O19="",P19=""),"",O19/P19-1),"")
A20: 2026Q2 | B20: =IF(원자료_분기실측!AA41="","",원자료_분기실측!AA41) | C20: =IF(원자료_분기실측!AA42="","",원자료_분기실측!AA42) | D20: =IFERROR(IF(OR(B20="",C20=""),"",C20/B20),"") | E20: =IFERROR('근거_NSA수량(IQVIA기준)'!AA53/'근거_Ramosetron 시장 수량'!AA51,"") | F20: =IF(OR(D20="",E20=""),"",D20-E20) | G20: =IFERROR(IF(원자료_분기실측!AA46=0,"",원자료_분기실측!AA46),"") | H20: =IFERROR('근거_NSA수량(IQVIA기준)'!AA43,"") | I20: =IFERROR(IF(OR(G20="",H20=""),"",G20/H20-1),"") | J20: =IF(I20="","",IF(ABS(I20)>$B$6*$B$10,IF(IF(ISNUMBER(I19),ABS(I19)>$B$6*$B$10,FALSE),"경보","주의"),"정상")) | K20: =IFERROR(IF(원자료_분기실측!AA47=0,"",원자료_분기실측!AA47),"") | L20: =IFERROR('근거_NSA수량(IQVIA기준)'!AA44,"") | M20: =IFERROR(IF(OR(K20="",L20=""),"",K20/L20-1),"") | N20: =IF(M20="","",IF(ABS(M20)>$B$7*$B$10,IF(IF(ISNUMBER(M19),ABS(M19)>$B$7*$B$10,FALSE),"경보","주의"),"정상")) | O20: =IFERROR(IF(원자료_분기실측!AA48=0,"",원자료_분기실측!AA48),"") | P20: =IFERROR('근거_NSA수량(IQVIA기준)'!AA45,"") | Q20: =IFERROR(IF(OR(O20="",P20=""),"",O20/P20-1),"")
A21: 2026Q3 | B21: =IF(원자료_분기실측!AB41="","",원자료_분기실측!AB41) | C21: =IF(원자료_분기실측!AB42="","",원자료_분기실측!AB42) | D21: =IFERROR(IF(OR(B21="",C21=""),"",C21/B21),"") | E21: =IFERROR('근거_NSA수량(IQVIA기준)'!AB53/'근거_Ramosetron 시장 수량'!AB51,"") | F21: =IF(OR(D21="",E21=""),"",D21-E21) | G21: =IFERROR(IF(원자료_분기실측!AB46=0,"",원자료_분기실측!AB46),"") | H21: =IFERROR('근거_NSA수량(IQVIA기준)'!AB43,"") | I21: =IFERROR(IF(OR(G21="",H21=""),"",G21/H21-1),"") | J21: =IF(I21="","",IF(ABS(I21)>$B$6*$B$10,IF(IF(ISNUMBER(I20),ABS(I20)>$B$6*$B$10,FALSE),"경보","주의"),"정상")) | K21: =IFERROR(IF(원자료_분기실측!AB47=0,"",원자료_분기실측!AB47),"") | L21: =IFERROR('근거_NSA수량(IQVIA기준)'!AB44,"") | M21: =IFERROR(IF(OR(K21="",L21=""),"",K21/L21-1),"") | N21: =IF(M21="","",IF(ABS(M21)>$B$7*$B$10,IF(IF(ISNUMBER(M20),ABS(M20)>$B$7*$B$10,FALSE),"경보","주의"),"정상")) | O21: =IFERROR(IF(원자료_분기실측!AB48=0,"",원자료_분기실측!AB48),"") | P21: =IFERROR('근거_NSA수량(IQVIA기준)'!AB45,"") | Q21: =IFERROR(IF(OR(O21="",P21=""),"",O21/P21-1),"")
A22: 2026Q4 | B22: =IF(원자료_분기실측!AC41="","",원자료_분기실측!AC41) | C22: =IF(원자료_분기실측!AC42="","",원자료_분기실측!AC42) | D22: =IFERROR(IF(OR(B22="",C22=""),"",C22/B22),"") | E22: =IFERROR('근거_NSA수량(IQVIA기준)'!AC53/'근거_Ramosetron 시장 수량'!AC51,"") | F22: =IF(OR(D22="",E22=""),"",D22-E22) | G22: =IFERROR(IF(원자료_분기실측!AC46=0,"",원자료_분기실측!AC46),"") | H22: =IFERROR('근거_NSA수량(IQVIA기준)'!AC43,"") | I22: =IFERROR(IF(OR(G22="",H22=""),"",G22/H22-1),"") | J22: =IF(I22="","",IF(ABS(I22)>$B$6*$B$10,IF(IF(ISNUMBER(I21),ABS(I21)>$B$6*$B$10,FALSE),"경보","주의"),"정상")) | K22: =IFERROR(IF(원자료_분기실측!AC47=0,"",원자료_분기실측!AC47),"") | L22: =IFERROR('근거_NSA수량(IQVIA기준)'!AC44,"") | M22: =IFERROR(IF(OR(K22="",L22=""),"",K22/L22-1),"") | N22: =IF(M22="","",IF(ABS(M22)>$B$7*$B$10,IF(IF(ISNUMBER(M21),ABS(M21)>$B$7*$B$10,FALSE),"경보","주의"),"정상")) | O22: =IFERROR(IF(원자료_분기실측!AC48=0,"",원자료_분기실측!AC48),"") | P22: =IFERROR('근거_NSA수량(IQVIA기준)'!AC45,"") | Q22: =IFERROR(IF(OR(O22="",P22=""),"",O22/P22-1),"")
A23: 2027Q1 | B23: =IF(원자료_분기실측!AD41="","",원자료_분기실측!AD41) | C23: =IF(원자료_분기실측!AD42="","",원자료_분기실측!AD42) | D23: =IFERROR(IF(OR(B23="",C23=""),"",C23/B23),"") | E23: =IFERROR('근거_NSA수량(IQVIA기준)'!AD53/'근거_Ramosetron 시장 수량'!AD51,"") | F23: =IF(OR(D23="",E23=""),"",D23-E23) | G23: =IFERROR(IF(원자료_분기실측!AD46=0,"",원자료_분기실측!AD46),"") | H23: =IFERROR('근거_NSA수량(IQVIA기준)'!AD43,"") | I23: =IFERROR(IF(OR(G23="",H23=""),"",G23/H23-1),"") | J23: =IF(I23="","",IF(ABS(I23)>$B$6*$B$10,IF(IF(ISNUMBER(I22),ABS(I22)>$B$6*$B$10,FALSE),"경보","주의"),"정상")) | K23: =IFERROR(IF(원자료_분기실측!AD47=0,"",원자료_분기실측!AD47),"") | L23: =IFERROR('근거_NSA수량(IQVIA기준)'!AD44,"") | M23: =IFERROR(IF(OR(K23="",L23=""),"",K23/L23-1),"") | N23: =IF(M23="","",IF(ABS(M23)>$B$7*$B$10,IF(IF(ISNUMBER(M22),ABS(M22)>$B$7*$B$10,FALSE),"경보","주의"),"정상")) | O23: =IFERROR(IF(원자료_분기실측!AD48=0,"",원자료_분기실측!AD48),"") | P23: =IFERROR('근거_NSA수량(IQVIA기준)'!AD45,"") | Q23: =IFERROR(IF(OR(O23="",P23=""),"",O23/P23-1),"")
A24: 2027Q2 | B24: =IF(원자료_분기실측!AE41="","",원자료_분기실측!AE41) | C24: =IF(원자료_분기실측!AE42="","",원자료_분기실측!AE42) | D24: =IFERROR(IF(OR(B24="",C24=""),"",C24/B24),"") | E24: =IFERROR('근거_NSA수량(IQVIA기준)'!AE53/'근거_Ramosetron 시장 수량'!AE51,"") | F24: =IF(OR(D24="",E24=""),"",D24-E24) | G24: =IFERROR(IF(원자료_분기실측!AE46=0,"",원자료_분기실측!AE46),"") | H24: =IFERROR('근거_NSA수량(IQVIA기준)'!AE43,"") | I24: =IFERROR(IF(OR(G24="",H24=""),"",G24/H24-1),"") | J24: =IF(I24="","",IF(ABS(I24)>$B$6*$B$10,IF(IF(ISNUMBER(I23),ABS(I23)>$B$6*$B$10,FALSE),"경보","주의"),"정상")) | K24: =IFERROR(IF(원자료_분기실측!AE47=0,"",원자료_분기실측!AE47),"") | L24: =IFERROR('근거_NSA수량(IQVIA기준)'!AE44,"") | M24: =IFERROR(IF(OR(K24="",L24=""),"",K24/L24-1),"") | N24: =IF(M24="","",IF(ABS(M24)>$B$7*$B$10,IF(IF(ISNUMBER(M23),ABS(M23)>$B$7*$B$10,FALSE),"경보","주의"),"정상")) | O24: =IFERROR(IF(원자료_분기실측!AE48=0,"",원자료_분기실측!AE48),"") | P24: =IFERROR('근거_NSA수량(IQVIA기준)'!AE45,"") | Q24: =IFERROR(IF(OR(O24="",P24=""),"",O24/P24-1),"")
A25: 2027Q3 | B25: =IF(원자료_분기실측!AF41="","",원자료_분기실측!AF41) | C25: =IF(원자료_분기실측!AF42="","",원자료_분기실측!AF42) | D25: =IFERROR(IF(OR(B25="",C25=""),"",C25/B25),"") | E25: =IFERROR('근거_NSA수량(IQVIA기준)'!AF53/'근거_Ramosetron 시장 수량'!AF51,"") | F25: =IF(OR(D25="",E25=""),"",D25-E25) | G25: =IFERROR(IF(원자료_분기실측!AF46=0,"",원자료_분기실측!AF46),"") | H25: =IFERROR('근거_NSA수량(IQVIA기준)'!AF43,"") | I25: =IFERROR(IF(OR(G25="",H25=""),"",G25/H25-1),"") | J25: =IF(I25="","",IF(ABS(I25)>$B$6*$B$10,IF(IF(ISNUMBER(I24),ABS(I24)>$B$6*$B$10,FALSE),"경보","주의"),"정상")) | K25: =IFERROR(IF(원자료_분기실측!AF47=0,"",원자료_분기실측!AF47),"") | L25: =IFERROR('근거_NSA수량(IQVIA기준)'!AF44,"") | M25: =IFERROR(IF(OR(K25="",L25=""),"",K25/L25-1),"") | N25: =IF(M25="","",IF(ABS(M25)>$B$7*$B$10,IF(IF(ISNUMBER(M24),ABS(M24)>$B$7*$B$10,FALSE),"경보","주의"),"정상")) | O25: =IFERROR(IF(원자료_분기실측!AF48=0,"",원자료_분기실측!AF48),"") | P25: =IFERROR('근거_NSA수량(IQVIA기준)'!AF45,"") | Q25: =IFERROR(IF(OR(O25="",P25=""),"",O25/P25-1),"")
A26: 2027Q4 | B26: =IF(원자료_분기실측!AG41="","",원자료_분기실측!AG41) | C26: =IF(원자료_분기실측!AG42="","",원자료_분기실측!AG42) | D26: =IFERROR(IF(OR(B26="",C26=""),"",C26/B26),"") | E26: =IFERROR('근거_NSA수량(IQVIA기준)'!AG53/'근거_Ramosetron 시장 수량'!AG51,"") | F26: =IF(OR(D26="",E26=""),"",D26-E26) | G26: =IFERROR(IF(원자료_분기실측!AG46=0,"",원자료_분기실측!AG46),"") | H26: =IFERROR('근거_NSA수량(IQVIA기준)'!AG43,"") | I26: =IFERROR(IF(OR(G26="",H26=""),"",G26/H26-1),"") | J26: =IF(I26="","",IF(ABS(I26)>$B$6*$B$10,IF(IF(ISNUMBER(I25),ABS(I25)>$B$6*$B$10,FALSE),"경보","주의"),"정상")) | K26: =IFERROR(IF(원자료_분기실측!AG47=0,"",원자료_분기실측!AG47),"") | L26: =IFERROR('근거_NSA수량(IQVIA기준)'!AG44,"") | M26: =IFERROR(IF(OR(K26="",L26=""),"",K26/L26-1),"") | N26: =IF(M26="","",IF(ABS(M26)>$B$7*$B$10,IF(IF(ISNUMBER(M25),ABS(M25)>$B$7*$B$10,FALSE),"경보","주의"),"정상")) | O26: =IFERROR(IF(원자료_분기실측!AG48=0,"",원자료_분기실측!AG48),"") | P26: =IFERROR('근거_NSA수량(IQVIA기준)'!AG45,"") | Q26: =IFERROR(IF(OR(O26="",P26=""),"",O26/P26-1),"")
A28: ※ 읽는 법
A29: · 모델 = 근거_NSA수량 43~46행의 종별 MS 예측(실측 분기는 실측과 동일하므로 이탈 0). 새 분기 실측이 들어오면 그 분기의 예측식과 비교하려면 근거_NSA수량의 해당 분기 열 수식을 예측 수식으로 유지한 사본과 대조
A30: · 신호 = |이탈률| > 백테스트 MAPE × 임계배수 이면 '주의', 직전 분기도 초과하면 '경보'
A31: · 경보가 뜨면 해당 종별 MS 예측 방식(레벨보정 하한·S-curve 상한·롤링 구간)을 재검토합니다
A33: ※ 청구 범위 변화 점검 (포괄수가·신포괄수가 확대)
A34: · 근거_전신마취환자수의 환자수가 급감하는데 IQVIA Ramosetron 수량은 유지되면 → 실제 시장 축소가 아니라 행위별 청구 범위 변화(신포괄수가 참여기관 확대, 포괄수가 질병군 추가)를 먼저 의심합니다
A35: · 이 경우 환자수 시트를 수정하지 말고, 근거_Ramosetron 시장 수량 C(종별 환자당 사용량)를 변화 시점 이후 데이터로 재산정하여 환자수 × 사용량이 IQVIA 수량과 다시 일치하도록 보정합니다
A36: · 선례: 2012.7 / 2013.7 포괄수가 의무화로 2013~2014년 환자수 -14% (근거_전신마취환자수 하단 유의사항 ①~⑤)

Sheet 원자료_분기실측
A1: ■ 원자료 실측 통합 시트 (IQVIA / SS-Chart / 흡입마취제 / SAP), CY역년분기 기준 — 계산된 값으로 고정
A3: 구분 / CY분기 ▶ | B3: 2020Q1 | C3: 2020Q2 | D3: 2020Q3 | E3: 2020Q4 | F3: 2021Q1 | G3: 2021Q2 | H3: 2021Q3 | I3: 2021Q4 | J3: 2022Q1 | K3: 2022Q2 | L3: 2022Q3 | M3: 2022Q4 | N3: 2023Q1 | O3: 2023Q2 | P3: 2023Q3 | Q3: 2023Q4 | R3: 2024Q1 | S3: 2024Q2 | T3: 2024Q3 | U3: 2024Q4 | V3: 2025Q1 | W3: 2025Q2 | X3: 2025Q3 | Y3: 2025Q4 | Z3: 2026Q1 | AA3: 2026Q2 | AB3: 2026Q3 | AC3: 2026Q4 | AD3: 2027Q1 | AE3: 2027Q2 | AF3: 2027Q3 | AG3: 2027Q4 | AH3: 2028Q1 | AI3: 2028Q2 | AJ3: 2028Q3 | AK3: 2028Q4 | AL3: 2029Q1 | AM3: 2029Q2 | AN3: 2029Q3 | AO3: 2029Q4 | AP3: 2030Q1 | AQ3: 2030Q2 | AR3: 2030Q3 | AS3: 2030Q4 | AT3: 2031Q1
A4: ■ A. HIRA 기준 종별 전신마취환자수
A5: [HIRA] 상급종합병원 전신마취환자수(월별집계) | B5: 121507 | C5: 112359 | D5: 107807 | E5: 118209 | F5: 129569 | G5: 129001 | H5: 129209 | I5: 129391 | J5: 125360 | K5: 128630 | L5: 131431 | M5: 130441 | N5: 138940 | O5: 129917 | P5: 131225 | Q5: 129772 | R5: 114383 | S5: 88246 | T5: 97292 | U5: 98980 | V5: 104763 | W5: 105161 | X5: 119497 | Y5: 116712
A6: [HIRA] 종합병원 전신마취환자수(월별집계) | B6: 103896 | C6: 100040 | D6: 105905 | E6: 104829 | F6: 104324 | G6: 104109 | H6: 107883 | I6: 107619 | J6: 103354 | K6: 109928 | L6: 114627 | M6: 112868 | N6: 120284 | O6: 114749 | P6: 118829 | Q6: 116672 | R6: 120108 | S6: 118081 | T6: 124776 | U6: 124617 | V6: 129463 | W6: 125450 | X6: 137121 | Y6: 123702
A7: [HIRA] 병원급 전신마취환자수(월별집계) | B7: 61444 | C7: 60731 | D7: 61660 | E7: 62416 | F7: 66795 | G7: 62144 | H7: 60967 | I7: 63172 | J7: 61126 | K7: 61179 | L7: 59287 | M7: 61187 | N7: 66259 | O7: 60123 | P7: 58694 | Q7: 59386 | R7: 66016 | S7: 65517 | T7: 65429 | U7: 67114 | V7: 70846 | W7: 67736 | X7: 68514 | Y7: 64912
A8: [HIRA] 의원급 전신마취환자수(월별집계) | B8: 11210 | C8: 11118 | D8: 12076 | E8: 12920 | F8: 14274 | G8: 13577 | H8: 13403 | I8: 14203 | J8: 14514 | K8: 15038 | L8: 15648 | M8: 15929 | N8: 17218 | O8: 16789 | P8: 16833 | Q8: 17360 | R8: 19907 | S8: 19853 | T8: 20622 | U8: 22158 | V8: 23936 | W8: 24213 | X8: 25626 | Y8: 25008
A9: [HIRA] 의원급 전신마취환자수 합계 | B9: =SUM(B5:B8) | C9: =SUM(C5:C8) | D9: =SUM(D5:D8) | E9: =SUM(E5:E8) | F9: =SUM(F5:F8) | G9: =SUM(G5:G8) | H9: =SUM(H5:H8) | I9: =SUM(I5:I8) | ... Y9: =SUM(Y5:Y8)
A11: [전신마취환자수] 상급종합병원 비율 | B11: =B5/B$9 | C11: =C5/C$9 | D11: =D5/D$9 | E11: =E5/E$9 | F11: =F5/F$9 | G11: =G5/G$9 | H11: =H5/H$9 | I11: =I5/I$9 | ... Y11: =Y5/Y$9
A12: [전신마취환자수] 종합병원 비율 | B12: =B6/B$9 | C12: =C6/C$9 | D12: =D6/D$9 | E12: =E6/E$9 | F12: =F6/F$9 | G12: =G6/G$9 | H12: =H6/H$9 | I12: =I6/I$9 | ... Y12: =Y6/Y$9
A13: [전신마취환자수] 병원 비율 | B13: =B7/B$9 | C13: =C7/C$9 | D13: =D7/D$9 | E13: =E7/E$9 | F13: =F7/F$9 | G13: =G7/G$9 | H13: =H7/H$9 | I13: =I7/I$9 | ... Y13: =Y7/Y$9
A14: [전신마취환자수] 의원 비율 | B14: =B8/B$9 | C14: =C8/C$9 | D14: =D8/D$9 | E14: =E8/E$9 | F14: =F8/F$9 | G14: =G8/G$9 | H14: =H8/H$9 | I14: =I8/I$9 | ... Y14: =Y8/Y$9
A16: ■ B. HIRA 기준 흡입마취제 사용량의 종별 비율 (%)
A17: [흡입마취제] 상급종합병원 수량 | B17: 34272 | C17: 32171 | D17: 30099 | E17: 33777 | F17: 36985 | G17: 36942 | H17: 44976 | I17: 82973 | J17: 78885 | K17: 76764 | L17: 88250 | M17: 84781 | N17: 94417 | O17: 82526 | P17: 92689 | Q17: 84710 | R17: 71567 | S17: 43989 | T17: 55937 | U17: 56622 | V17: 60740 | W17: 61061 | X17: 67835 | Y17: 64936 | Z17: 71159
A18: [흡입마취제] 종합병원 수량 | B18: 28075 | C18: 26257 | D18: 28698 | E18: 29626 | F18: 28237 | G18: 28438 | H18: 29552 | I18: 46488 | J18: 50221 | K18: 50364 | L18: 50839 | M18: 49059 | N18: 64926 | O18: 47574 | P18: 52071 | Q18: 48638 | R18: 52754 | S18: 51020 | T18: 58229 | U18: 71947 | V18: 75218 | W18: 62076 | X18: 62046 | Y18: 53535 | Z18: 57750
A19: [흡입마취제] 병원 수량 | B19: 24265 | C19: 23810 | D19: 25033 | E19: 24165 | F19: 22666 | G19: 18347 | H19: 13231 | I19: 20347 | J19: 20924 | K19: 20399 | L19: 17642 | M19: 24013 | N19: 21472 | O19: 18740 | P19: 16493 | Q19: 15156 | R19: 16755 | S19: 17074 | T19: 21314 | U19: 17110 | V19: 17224 | W19: 19061 | X19: 18127 | Y19: 15414 | Z19: 15471
A20: [흡입마취제] 의원 수량 | B20: 2362 | C20: 1971 | D20: 2482 | E20: 2472 | F20: 3213 | G20: 1651 | H20: 1631 | I20: 3077 | J20: 2933 | K20: 2421 | L20: 2748 | M20: 2766 | N20: 3132 | O20: 2597 | P20: 2660 | Q20: 2730 | R20: 3104 | S20: 2627 | T20: 2841 | U20: 2909 | V20: 3106 | W20: 3053 | X20: 3138 | Y20: 3013 | Z20: 3209
A21: [흡입마취제] 합계 | B21: =SUM(B17:B20) | C21: =SUM(C17:C20) | D21: =SUM(D17:D20) | E21: =SUM(E17:E20) | F21: =SUM(F17:F20) | G21: =SUM(G17:G20) | H21: =SUM(H17:H20) | I21: =SUM(I17:I20) | ... Z21: =SUM(Z17:Z20)
A23: [흡입마취제] 상급종합병원 비율 | B23: =B17/B$21 | C23: =C17/C$21 | D23: =D17/D$21 | E23: =E17/E$21 | F23: =F17/F$21 | G23: =G17/G$21 | H23: =H17/H$21 | I23: =I17/I$21 | ... Z23: =Z17/Z$21 | AA23: =Z23
A24: [흡입마취제] 종합병원 비율 | B24: =B18/B$21 | C24: =C18/C$21 | D24: =D18/D$21 | E24: =E18/E$21 | F24: =F18/F$21 | G24: =G18/G$21 | H24: =H18/H$21 | I24: =I18/I$21 | ... Z24: =Z18/Z$21 | AA24: =Z24
A25: [흡입마취제] 병원 비율 | B25: =B19/B$21 | C25: =C19/C$21 | D25: =D19/D$21 | E25: =E19/E$21 | F25: =F19/F$21 | G25: =G19/G$21 | H25: =H19/H$21 | I25: =I19/I$21 | ... Z25: =Z19/Z$21 | AA25: =Z25
A26: [흡입마취제] 의원 비율 | B26: =B20/B$21 | C26: =C20/C$21 | D26: =D20/D$21 | E26: =E20/E$21 | F26: =F20/F$21 | G26: =G20/G$21 | H26: =H20/H$21 | I26: =I20/I$21 | ... Z26: =Z20/Z$21 | AA26: =Z26
A28: ■ C. SS-Chart 기준 종별 NSA 매출수량 비율
A29: [SS-Chart] 상급종합병원 (Unit: Box/5 Ampoules) | F29: 53761 | G29: 57551 | H29: 61584 | I29: 58494 | J29: 58146 | K29: 60066 | L29: 63237 | M29: 65485 | N29: 69169 | O29: 65704 | P29: 70292 | Q29: 63949 | R29: 53672 | S29: 38738 | T29: 46701 | U29: 47375 | V29: 45921 | W29: 48009 | X29: 54719 | Y29: 52733 | Z29: 59615 | AA29: 57727
A30: [SS-Chart] 종합병원 (Unit: Box/5 Ampoules) | F30: 24013 | G30: 25172 | H30: 29258 | I30: 28465 | J30: 27274 | K30: 29406 | L30: 30392 | M30: 33254 | N30: 32064 | O30: 31838 | P30: 34001 | Q30: 33028 | R30: 33581 | S30: 31638 | T30: 32809 | U30: 33178 | V30: 32281 | W30: 32481 | X30: 36415 | Y30: 35056 | Z30: 38294 | AA30: 37770
A31: [SS-Chart] 병원 (Unit: Box/5 Ampoules) | F31: 4775 | G31: 4645 | H31: 4810 | I31: 4857 | J31: 5006 | K31: 4156 | L31: 4030 | M31: 4200 | N31: 4629 | O31: 4611 | P31: 4568 | Q31: 4921 | R31: 4928 | S31: 4763 | T31: 4984 | U31: 4851 | V31: 5833 | W31: 5742 | X31: 5738 | Y31: 5191 | Z31: 5497 | AA31: 5514
A32: [SS-Chart] 의원 (Unit: Box/5 Ampoules) | F32: 330 | G32: 356 | H32: 232 | I32: 216 | J32: 285 | K32: 208 | L32: 241 | M32: 191 | N32: 288 | O32: 242 | P32: 284 | Q32: 307 | R32: 321 | S32: 368 | T32: 343 | U32: 452 | V32: 412 | W32: 395 | X32: 398 | Y32: 406 | Z32: 380 | AA32: 345
A33: [SS-Chart] 합계 | F33: =SUM(F29:F32) | G33: =SUM(G29:G32) | H33: =SUM(H29:H32) | I33: =SUM(I29:I32) | J33: =SUM(J29:J32) | K33: =SUM(K29:K32) | L33: =SUM(L29:L32) | M33: =SUM(M29:M32) | ... AA33: =SUM(AA29:AA32)
A35: [SS-Chart] 상급종합병원 비율 | F35: =F29/F$33 | G35: =G29/G$33 | H35: =H29/H$33 | I35: =I29/I$33 | J35: =J29/J$33 | K35: =K29/K$33 | L35: =L29/L$33 | M35: =M29/M$33 | ... AA35: =AA29/AA$33
A36: [SS-Chart] 종합병원 비율 | F36: =F30/F$33 | G36: =G30/G$33 | H36: =H30/H$33 | I36: =I30/I$33 | J36: =J30/J$33 | K36: =K30/K$33 | L36: =L30/L$33 | M36: =M30/M$33 | ... AA36: =AA30/AA$33
A37: [SS-Chart] 병원 비율 | F37: =F31/F$33 | G37: =G31/G$33 | H37: =H31/H$33 | I37: =I31/I$33 | J37: =J31/J$33 | K37: =K31/K$33 | L37: =L31/L$33 | M37: =M31/M$33 | ... AA37: =AA31/AA$33
A38: [SS-Chart] 의원 비율 | F38: =F32/F$33 | G38: =G32/G$33 | H38: =H32/H$33 | I38: =I32/I$33 | J38: =J32/J$33 | K38: =K32/K$33 | L38: =L32/L$33 | M38: =M32/M$33 | ... AA38: =AA32/AA$33
A40: ■ D. IQVIA 기준 시장 수량 및 NSA MS (Unit: Standard Unit (Ampoule))
A41: [IQVIA] Ramosetron 전체시장 수량 (총합계) | B41: 733500 | C41: 746566 | D41: 779837 | E41: 826421 | F41: 878111 | G41: 870933 | H41: 894287 | I41: 885936 | J41: 844791 | K41: 889333 | L41: 905458 | M41: 984361 | N41: 1100469 | O41: 996374 | P41: 1033475 | Q41: 1036222 | R41: 932897 | S41: 833833 | T41: 859399 | U41: 928178 | V41: 905292 | W41: 924499 | X41: 1014865 | Y41: 1029991 | Z41: 1089731 | AA41: 1086729 | AC41: =SUM(W41:Z41)
A42: [IQVIA] NASEA(자사) 수량 | B42: 350140 | C42: 351330 | D42: 385845 | E42: 421305 | F42: 443180 | G42: 464535 | H42: 481785 | I42: 490275 | J42: 470425 | K42: 483535 | L42: 511290 | M42: 522680 | N42: 583485 | O42: 531780 | P42: 547375 | Q42: 527610 | R42: 448785 | S42: 396330 | T42: 412335 | U42: 434000 | V42: 428205 | W42: 441845 | X42: 481510 | Y42: 506900 | Z42: 552970 | AA42: 547940 | AC42: =SUM(W42:Z42)
A43: [IQVIA] NASEA 전체시장 MS (%) | B43: =B42/B41 | C43: =C42/C41 | D43: =D42/D41 | E43: =E42/E41 | F43: =F42/F41 | G43: =G42/G41 | H43: =H42/H41 | I43: =I42/I41 | ... AA43: =AA42/AA41 | AC43: =AC42/AC41
A45: ■ E. 종별 NSA MS (추정)
A46: 상급종합병원 나제아 MS | B46: =(B$42*B35)/(B$41*B23) | C46: =(C$42*C35)/(C$41*C23) | D46: =(D$42*D35)/(D$41*D23) | E46: =(E$42*E35)/(E$41*E23) | F46: =(F$42*F35)/(F$41*F23) | G46: =(G$42*G35)/(G$41*G23) | H46: =(H$42*H35)/(H$41*H23) | I46: =(I$42*I35)/(I$41*I23) | ... AA46: =(AA$42*AA35)/(AA$41*AA23)
A47: 종합병원 나제아 MS | B47: =(B$42*B36)/(B$41*B24) | C47: =(C$42*C36)/(C$41*C24) | D47: =(D$42*D36)/(D$41*D24) | E47: =(E$42*E36)/(E$41*E24) | F47: =(F$42*F36)/(F$41*F24) | G47: =(G$42*G36)/(G$41*G24) | H47: =(H$42*H36)/(H$41*H24) | I47: =(I$42*I36)/(I$41*I24) | ... AA47: =(AA$42*AA36)/(AA$41*AA24)
A48: 병원 나제아 MS | B48: =(B$42*B37)/(B$41*B25) | C48: =(C$42*C37)/(C$41*C25) | D48: =(D$42*D37)/(D$41*D25) | E48: =(E$42*E37)/(E$41*E25) | F48: =(F$42*F37)/(F$41*F25) | G48: =(G$42*G37)/(G$41*G25) | H48: =(H$42*H37)/(H$41*H25) | I48: =(I$42*I37)/(I$41*I25) | ... AA48: =(AA$42*AA37)/(AA$41*AA25)
A49: 의원 나제아 MS | B49: =(B$42*B38)/(B$41*B26) | C49: =(C$42*C38)/(C$41*C26) | D49: =(D$42*D38)/(D$41*D26) | E49: =(E$42*E38)/(E$41*E26) | F49: =(F$42*F38)/(F$41*F26) | G49: =(G$42*G38)/(G$41*G26) | H49: =(H$42*H38)/(H$41*H26) | I49: =(I$42*I38)/(I$41*I26) | ... AA49: =(AA$42*AA38)/(AA$41*AA26)
A51: ■ F. 종별 환자당 Ramo 사용 수량 (추정)
A52: 상급종합병원 | B52: =IFERROR(B$41*B23/B5,"") | C52: =IFERROR(C$41*C23/C5,"") | D52: =IFERROR(D$41*D23/D5,"") | E52: =IFERROR(E$41*E23/E5,"") | F52: =IFERROR(F$41*F23/F5,"") | G52: =IFERROR(G$41*G23/G5,"") | H52: =IFERROR(H$41*H23/H5,"") | I52: =IFERROR(I$41*I23/I5,"") | ... AA52: =IFERROR(AA$41*AA23/AA5,"")
A53: 종합병원 | B53: =IFERROR(B$41*B24/B6,"") | C53: =IFERROR(C$41*C24/C6,"") | D53: =IFERROR(D$41*D24/D6,"") | E53: =IFERROR(E$41*E24/E6,"") | F53: =IFERROR(F$41*F24/F6,"") | G53: =IFERROR(G$41*G24/G6,"") | H53: =IFERROR(H$41*H24/H6,"") | I53: =IFERROR(I$41*I24/I6,"") | ... AA53: =IFERROR(AA$41*AA24/AA6,"")
A54: 병원 | B54: =IFERROR(B$41*B25/B7,"") | C54: =IFERROR(C$41*C25/C7,"") | D54: =IFERROR(D$41*D25/D7,"") | E54: =IFERROR(E$41*E25/E7,"") | F54: =IFERROR(F$41*F25/F7,"") | G54: =IFERROR(G$41*G25/G7,"") | H54: =IFERROR(H$41*H25/H7,"") | I54: =IFERROR(I$41*I25/I7,"") | ... AA54: =IFERROR(AA$41*AA25/AA7,"")
A55: 의원 | B55: =IFERROR(B$41*B26/B8,"") | C55: =IFERROR(C$41*C26/C8,"") | D55: =IFERROR(D$41*D26/D8,"") | E55: =IFERROR(E$41*E26/E8,"") | F55: =IFERROR(F$41*F26/F8,"") | G55: =IFERROR(G$41*G26/G8,"") | H55: =IFERROR(H$41*H26/H8,"") | I55: =IFERROR(I$41*I26/I8,"") | ... AA55: =IFERROR(AA$41*AA26/AA8,"")
A57: ■ G. SAP 기준 NSA 매출 수량 (Ampoule)
A58: [SAP] DSKR 매출수량 (Ampoule) | F58: 441780 | G58: 449075 | H58: 463895 | I58: 458475 | J58: 566970 | K58: 357650 | L58: 437980 | M58: 493135 | N58: 548050 | O58: 501855 | P58: 553440 | Q58: 480055 | R58: 500115 | S58: 366105 | T58: 413405 | U58: 394355 | V58: 422060 | W58: 435790 | X58: 496700 | Y58: 468920 | Z58: 503600 | AA58: 495025
A59: 전환비율 | F59: =F42/F58 | G59: =G42/G58 | H59: =H42/H58 | I59: =I42/I58 | J59: =J42/J58 | K59: =K42/K58 | L59: =L42/L58 | M59: =M42/M58 | ... AA59: =AA42/AA58
V60: =V58/R58-1 | W60: =W58/S58-1 | X60: =X58/T58-1 | Y60: =Y58/U58-1 | Z60: =Z58/V58-1 | AA60: =AA58/W58-1
