Workbook
Name 표시연도: 'FCST RESULT'!$P$4

Sheet 표지

Sheet FCST RESULT
B3: SVK HCT SALES FORECAST
P4: 2026
B6: 1. 매출수량 (백만 T)
B21: 구분 | C21: FY2026 | D21: FY2027 | E21: FY2028 | F21: FY2029 | G21: FY2030
B22: Model Base | C22: =근거_매출!J10/1000000 | D22: =근거_매출!K10/1000000 | E22: =근거_매출!L10/1000000 | F22: =근거_매출!M10/1000000 | G22: =근거_매출!N10/1000000
B23: MKT Base | C23: =IF(근거_매출!$J$12="",NA(),근거_매출!J12/1000000) | D23: =IF(근거_매출!$J$12="",NA(),근거_매출!K12/1000000) | E23: =IF(근거_매출!$J$12="",NA(),근거_매출!L12/1000000) | F23: =IF(근거_매출!$J$12="",NA(),근거_매출!M12/1000000) | G23: =IF(근거_매출!$J$12="",NA(),근거_매출!N12/1000000)
B24: Best (침투 -10%p) | C24: =근거_매출!J14/1000000 | D24: =근거_매출!K14/1000000 | E24: =근거_매출!L14/1000000 | F24: =근거_매출!M14/1000000 | G24: =근거_매출!N14/1000000
B25: Worst (침투 +10%p) | C25: =근거_매출!J16/1000000 | D25: =근거_매출!K16/1000000 | E25: =근거_매출!L16/1000000 | F25: =근거_매출!M16/1000000 | G25: =근거_매출!N16/1000000
B26: Best (침투 -5%p) | C26: =근거_매출!J18/1000000 | D26: =근거_매출!K18/1000000 | E26: =근거_매출!L18/1000000 | F26: =근거_매출!M18/1000000 | G26: =근거_매출!N18/1000000
B27: Worst (침투 +5%p) | C27: =근거_매출!J20/1000000 | D27: =근거_매출!K20/1000000 | E27: =근거_매출!L20/1000000 | F27: =근거_매출!M20/1000000 | G27: =근거_매출!N20/1000000
B29: 2. 매출액 (백만원)
B44: 구분 | C44: FY2026 | D44: FY2027 | E44: FY2028 | F44: FY2029 | G44: FY2030
B45: Model Base | C45: =근거_매출!J32 | D45: =근거_매출!K32 | E45: =근거_매출!L32 | F45: =근거_매출!M32 | G45: =근거_매출!N32
B46: MKT Base | C46: =IF(근거_매출!$J$12="",NA(),근거_매출!J34) | D46: =IF(근거_매출!$J$12="",NA(),근거_매출!K34) | E46: =IF(근거_매출!$J$12="",NA(),근거_매출!L34) | F46: =IF(근거_매출!$J$12="",NA(),근거_매출!M34) | G46: =IF(근거_매출!$J$12="",NA(),근거_매출!N34)
B47: Best (침투 -10%p) | C47: =근거_매출!J35 | D47: =근거_매출!K35 | E47: =근거_매출!L35 | F47: =근거_매출!M35 | G47: =근거_매출!N35
B48: Worst (침투 +10%p) | C48: =근거_매출!J36 | D48: =근거_매출!K36 | E48: =근거_매출!L36 | F48: =근거_매출!M36 | G48: =근거_매출!N36
B49: Best (침투 -5%p) | C49: =근거_매출!J37 | D49: =근거_매출!K37 | E49: =근거_매출!L37 | F49: =근거_매출!M37 | G49: =근거_매출!N37
B50: Worst (침투 +5%p) | C50: =근거_매출!J38 | D50: =근거_매출!K38 | E50: =근거_매출!L38 | F50: =근거_매출!M38 | G50: =근거_매출!N38

Sheet 변동요인분석
A2: SVK HCT FCST 변동 요인 분석과 시뮬레이션
A4: ① 변동 요인 분석
A5: - 핵심 변동 요인 : 제네릭 침투(성분 내 Original 비율) (매출 변동성 ±21.2%로, 타 요인 대비 압도적인 영향력을 행사함)
A6: - 기타 변동 요인: Olmesartan MS 하한(±8.7%), ARB+CCB+DU 비율 상한 L(±8.5%), 의료이용비율(±5.5%) 등 (구조 파라미터 성격, 실측 갱신 시 자동 재추정)
A7: - 예외 요인: 약가 인하 고시(현재 없음) 및 MKT 제출 수치와의 차이는 본 시뮬레이션 외 별도 리스크로 분류 · 환자 체인(L1~L4)은 VPP 역산 구조로 방향이 직관과 반대일 수 있어 해석 주의
A25: ② 시뮬레이션 : 제네릭 침투 방어의 재무적 가치
A26: - Best (침투 방어): 성분 내 Original 비율 +10%p 방어 시 → FY2030 매출 382억 (상단) · +5%p 시 349억
A27: - Worst (침투 확대): 성분 내 Original 비율 -10%p 잠식 시 → FY2030 매출 249억 (하단) · -5%p 시 282억
A28: (※ 기준선 Base: 315억 · 세일즈 포캐스트 밴드는 FY2027부터 적용)
A47: · 근거: 근거_민감도 참조

Sheet FCST FLOW
A2: SVK HCT Sales FCST FLOW
J3: 각 행의 [▶ 근거] 를 클릭하면 해당 백데이터 시트로 이동 (기준수치·예측수치는 백데이터 참조)
A5: 단계 | B5: 항목 | C5: 기준 수치 | D5: 모델 방법 | E5: FY2026E | F5: FY2027 | G5: FY2028 | H5: FY2029 | I5: FY2030 | J5: 근거
A6: ① 환자 현황 | B6: 고혈압 유병환자수 | C6: =CALC!C19 | D6: · 추계인구(통계청 중위) × 연령별 유병률 복합예측 | E6: =INDEX(CALC!$C$5:$C$25,MATCH(표시연도,CALC!$B$5:$B$25,0)) | F6: =INDEX(CALC!$C$5:$C$25,MATCH(2027,CALC!$B$5:$B$25,0)) | G6: =INDEX(CALC!$C$5:$C$25,MATCH(2028,CALC!$B$5:$B$25,0)) | H6: =INDEX(CALC!$C$5:$C$25,MATCH(2029,CALC!$B$5:$B$25,0)) | I6: =INDEX(CALC!$C$5:$C$25,MATCH(2030,CALC!$B$5:$B$25,0)) | J6: ▶ 근거
B7: 고혈압 의료이용환자수 | C7: =CALC!E19 | D7: · 고혈압 유병환자수 × 의료이용비율 (직전 4개년 평균비율) | E7: =INDEX(CALC!$E$5:$E$25,MATCH(표시연도,CALC!$B$5:$B$25,0)) | F7: =INDEX(CALC!$E$5:$E$25,MATCH(2027,CALC!$B$5:$B$25,0)) | G7: =INDEX(CALC!$E$5:$E$25,MATCH(2028,CALC!$B$5:$B$25,0)) | H7: =INDEX(CALC!$E$5:$E$25,MATCH(2029,CALC!$B$5:$B$25,0)) | I7: =INDEX(CALC!$E$5:$E$25,MATCH(2030,CALC!$B$5:$B$25,0)) | J7: ▶ 근거
B8: 고혈압 치료환자수 | C8: =CALC!G18 | D8: · 고혈압 의료이용환자수 × 치료비율 (2014~23 선형회귀) | E8: =INDEX(CALC!$G$5:$G$25,MATCH(표시연도,CALC!$B$5:$B$25,0)) | F8: =INDEX(CALC!$G$5:$G$25,MATCH(2027,CALC!$B$5:$B$25,0)) | G8: =INDEX(CALC!$G$5:$G$25,MATCH(2028,CALC!$B$5:$B$25,0)) | H8: =INDEX(CALC!$G$5:$G$25,MATCH(2029,CALC!$B$5:$B$25,0)) | I8: =INDEX(CALC!$G$5:$G$25,MATCH(2030,CALC!$B$5:$B$25,0)) | J8: ▶ 근거
B9: ARB 처방 환자수 | C9: =CALC!I18 | D9: · 고혈압 치료환자수 × ARB 처방률 (로지스틱 S-curve) | E9: =INDEX(CALC!$I$5:$I$25,MATCH(표시연도,CALC!$B$5:$B$25,0)) | F9: =INDEX(CALC!$I$5:$I$25,MATCH(2027,CALC!$B$5:$B$25,0)) | G9: =INDEX(CALC!$I$5:$I$25,MATCH(2028,CALC!$B$5:$B$25,0)) | H9: =INDEX(CALC!$I$5:$I$25,MATCH(2029,CALC!$B$5:$B$25,0)) | I9: =INDEX(CALC!$I$5:$I$25,MATCH(2030,CALC!$B$5:$B$25,0)) | J9: ▶ 근거
A10: ② 시장 구조 | B10: 환자당 처방량(VPP) | C10: =INDEX(CALC!$L$5:$L$25,MATCH(표시연도-1,CALC!$B$5:$B$25,0)) | D10: · FY2026 : 월별 롤링(실측 YTD × 가중 성장률) ÷ 환자수 / FY2027~ : 최근 3개년 증가 일수 평균 반영, 28년부터 고정 | E10: =INDEX(CALC!$L$5:$L$25,MATCH(표시연도,CALC!$B$5:$B$25,0)) | F10: =INDEX(CALC!$L$5:$L$25,MATCH(2027,CALC!$B$5:$B$25,0)) | G10: =INDEX(CALC!$L$5:$L$25,MATCH(2028,CALC!$B$5:$B$25,0)) | H10: =INDEX(CALC!$L$5:$L$25,MATCH(2029,CALC!$B$5:$B$25,0)) | I10: =INDEX(CALC!$L$5:$L$25,MATCH(2030,CALC!$B$5:$B$25,0)) | J10: ▶ 근거
B11: ARB 처방량 | C11: =INDEX(CALC!$M$5:$M$25,MATCH(표시연도-1,CALC!$B$5:$B$25,0)) | D11: · ARB 처방환자수 × VPP | E11: =INDEX(CALC!$M$5:$M$25,MATCH(표시연도,CALC!$B$5:$B$25,0)) | F11: =INDEX(CALC!$M$5:$M$25,MATCH(2027,CALC!$B$5:$B$25,0)) | G11: =INDEX(CALC!$M$5:$M$25,MATCH(2028,CALC!$B$5:$B$25,0)) | H11: =INDEX(CALC!$M$5:$M$25,MATCH(2029,CALC!$B$5:$B$25,0)) | I11: =INDEX(CALC!$M$5:$M$25,MATCH(2030,CALC!$B$5:$B$25,0)) | J11: ▶ 근거
B12: ARB+CCB+DU 복합제 처방량(시장 전체) | C12: =INDEX(CALC!$O$5:$O$25,MATCH(표시연도-1,CALC!$B$5:$B$25,0)) | D12: · ARB 처방량 × ARB 복합제 비율(하한형 S-curve) × ARB+CCB+DU 비율(상한형 S-curve) | E12: =INDEX(CALC!$O$5:$O$25,MATCH(표시연도,CALC!$B$5:$B$25,0)) | F12: =INDEX(CALC!$O$5:$O$25,MATCH(2027,CALC!$B$5:$B$25,0)) | G12: =INDEX(CALC!$O$5:$O$25,MATCH(2028,CALC!$B$5:$B$25,0)) | H12: =INDEX(CALC!$O$5:$O$25,MATCH(2029,CALC!$B$5:$B$25,0)) | I12: =INDEX(CALC!$O$5:$O$25,MATCH(2030,CALC!$B$5:$B$25,0)) | J12: ▶ 근거
B13: ARB+CCB+DU 복합제 처방량(HP) | C13: =INDEX(CALC!$Q$5:$Q$25,MATCH(표시연도-1,CALC!$B$5:$B$25,0)) | D13: · ARB+CCB+DU복합제 처방량 x HP:GP 비율 (로지스틱, 하한고정 22.0%, FY2024Q3 이후 분기회귀) | E13: =INDEX(CALC!$Q$5:$Q$25,MATCH(표시연도,CALC!$B$5:$B$25,0)) | F13: =INDEX(CALC!$Q$5:$Q$25,MATCH(2027,CALC!$B$5:$B$25,0)) | G13: =INDEX(CALC!$Q$5:$Q$25,MATCH(2028,CALC!$B$5:$B$25,0)) | H13: =INDEX(CALC!$Q$5:$Q$25,MATCH(2029,CALC!$B$5:$B$25,0)) | I13: =INDEX(CALC!$Q$5:$Q$25,MATCH(2030,CALC!$B$5:$B$25,0)) | J13: ▶ 근거
B14: ARB+CCB+DU 복합제 처방량(GP) | C14: =INDEX(CALC!$S$5:$S$25,MATCH(표시연도-1,CALC!$B$5:$B$25,0)) | D14: · ARB+CCB+DU복합제 처방량 x HP:GP 비율 (로지스틱, 하한고정 22.0%, FY2024Q3 이후 분기회귀) | E14: =INDEX(CALC!$S$5:$S$25,MATCH(표시연도,CALC!$B$5:$B$25,0)) | F14: =INDEX(CALC!$S$5:$S$25,MATCH(2027,CALC!$B$5:$B$25,0)) | G14: =INDEX(CALC!$S$5:$S$25,MATCH(2028,CALC!$B$5:$B$25,0)) | H14: =INDEX(CALC!$S$5:$S$25,MATCH(2029,CALC!$B$5:$B$25,0)) | I14: =INDEX(CALC!$S$5:$S$25,MATCH(2030,CALC!$B$5:$B$25,0)) | J14: ▶ 근거
A15: ③ 경쟁 현황 | B15: (HP 내) SVK HCT MS | C15: =INDEX(CALC!$V$5:$V$25,MATCH(표시연도-1,CALC!$B$5:$B$25,0)) | D15: · Olmesartan 비율=하한고정(로지스틱, 하한 47.0%), 성분 내 Original비율=직접 선형회귀 → 상세: 근거_SVK HCT처방량 시트 하단, 근거_제네릭벤치마크 시트 | E15: =INDEX(CALC!$V$5:$V$25,MATCH(표시연도,CALC!$B$5:$B$25,0)) | F15: =INDEX(CALC!$V$5:$V$25,MATCH(2027,CALC!$B$5:$B$25,0)) | G15: =INDEX(CALC!$V$5:$V$25,MATCH(2028,CALC!$B$5:$B$25,0)) | H15: =INDEX(CALC!$V$5:$V$25,MATCH(2029,CALC!$B$5:$B$25,0)) | I15: =INDEX(CALC!$V$5:$V$25,MATCH(2030,CALC!$B$5:$B$25,0)) | J15: ▶ 근거
B16: (GP 내) SVK HCT MS | C16: =INDEX(CALC!$Y$5:$Y$25,MATCH(표시연도-1,CALC!$B$5:$B$25,0)) | D16: · Olmesartan 비율=하한고정(로지스틱, 하한 37.9%), 최근5분기 자동연동 / 성분 내 Original비율=로짓 변환 회귀 | E16: =INDEX(CALC!$Y$5:$Y$25,MATCH(표시연도,CALC!$B$5:$B$25,0)) | F16: =INDEX(CALC!$Y$5:$Y$25,MATCH(2027,CALC!$B$5:$B$25,0)) | G16: =INDEX(CALC!$Y$5:$Y$25,MATCH(2028,CALC!$B$5:$B$25,0)) | H16: =INDEX(CALC!$Y$5:$Y$25,MATCH(2029,CALC!$B$5:$B$25,0)) | I16: =INDEX(CALC!$Y$5:$Y$25,MATCH(2030,CALC!$B$5:$B$25,0)) | J16: ▶ 근거
A17: ④ 시장매출 | B17: DSKR 매출수량 (T) | C17: =INDEX(근거_매출!$B$10:$N$10,표시연도-1-2017) | D17: · SVK HCT 처방량(UBIST, 정) ÷ 전환비율(FY22~25 평균 0.987) → 판매 수량 환산 | E17: =INDEX(근거_매출!$B$10:$N$10,표시연도-2017) | F17: =INDEX(근거_매출!$B$10:$N$10,2027-2017) | G17: =INDEX(근거_매출!$B$10:$N$10,2028-2017) | H17: =INDEX(근거_매출!$B$10:$N$10,2029-2017) | I17: =INDEX(근거_매출!$B$10:$N$10,2030-2017) | J17: ▶ 근거
B18: 연도별 단가 (원/T) | C18: =근거_매출!B27 | D18: · 기준단가 615.6원(FY26 목표단가 채널·용량 물량가중) × 약가 배율 (인하 고시 없음 → 100% 유지, 근거_매출 24행에서 조정) | E18: =INDEX(근거_매출!$B$29:$N$29,표시연도-2017) | F18: =INDEX(근거_매출!$B$29:$N$29,2027-2017) | G18: =INDEX(근거_매출!$B$29:$N$29,2028-2017) | H18: =INDEX(근거_매출!$B$29:$N$29,2029-2017) | I18: =INDEX(근거_매출!$B$29:$N$29,2030-2017) | J18: ▶ 근거
A20: ▶ 결과 | B20: ARB+CCB+DU 복합제 시장 (처방량) | C20: =INDEX(CALC!$O$5:$O$25,MATCH(표시연도-1,CALC!$B$5:$B$25,0)) | D20: ARB 처방량 × ARB 복합제 비율 × ARB+CCB+DU 비율 | E20: =INDEX(CALC!$O$5:$O$25,MATCH(표시연도,CALC!$B$5:$B$25,0)) | F20: =INDEX(CALC!$O$5:$O$25,MATCH(2027,CALC!$B$5:$B$25,0)) | G20: =INDEX(CALC!$O$5:$O$25,MATCH(2028,CALC!$B$5:$B$25,0)) | H20: =INDEX(CALC!$O$5:$O$25,MATCH(2029,CALC!$B$5:$B$25,0)) | I20: =INDEX(CALC!$O$5:$O$25,MATCH(2030,CALC!$B$5:$B$25,0)) | J20: ▶ 근거
B21: SVK HCT 처방 (UBIST) | C21: =INDEX(CALC!$AA$5:$AA$25,MATCH(표시연도-1,CALC!$B$5:$B$25,0)) | D21: ARB+CCB+DU 복합제 시장 × SVK HCT MS(성분별×성분내) | E21: =INDEX(CALC!$AA$5:$AA$25,MATCH(표시연도,CALC!$B$5:$B$25,0)) | F21: =INDEX(CALC!$AA$5:$AA$25,MATCH(2027,CALC!$B$5:$B$25,0)) | G21: =INDEX(CALC!$AA$5:$AA$25,MATCH(2028,CALC!$B$5:$B$25,0)) | H21: =INDEX(CALC!$AA$5:$AA$25,MATCH(2029,CALC!$B$5:$B$25,0)) | I21: =INDEX(CALC!$AA$5:$AA$25,MATCH(2030,CALC!$B$5:$B$25,0)) | J21: ▶ 근거
B22: SVK HCT 시장매출 (백만원) | C22: =INDEX(근거_매출!$B$32:$N$32,표시연도-1-2017) | D22: DSKR 매출수량 × 연도별 단가 | E22: =INDEX(근거_매출!$B$32:$N$32,표시연도-2017) | F22: =INDEX(근거_매출!$B$32:$N$32,2027-2017) | G22: =INDEX(근거_매출!$B$32:$N$32,2028-2017) | H22: =INDEX(근거_매출!$B$32:$N$32,2029-2017) | I22: =INDEX(근거_매출!$B$32:$N$32,2030-2017) | J22: ▶ 근거
H23: ="※ 시나리오 밴드(FY2030): "&TEXT(근거_매출!N36,"#,##0")&" ~ "&TEXT(근거_매출!N35,"#,##0")&" (침투 ±10%p) · "&TEXT(근거_매출!N38,"#,##0")&" ~ "&TEXT(근거_매출!N37,"#,##0")&" (±5%p) →" | I23: =HYPERLINK("#'FCST RESULT'!A1","상세: FCST RESULT ▶")
B25: ※ 기준 수치 - 출처 및 기준연도
B26: ① 환자 현황
B27: 1)고혈압 유병환자수: 국민건강영양조사 데이터, CY2024
B28: 2)고혈압 의료이용 환자수: HIRA 고혈압(ICD-10: I10) 주부상병, CY2024
B29: 3)고혈압 치료·ARB처방환자수: 건보공단 전수 데이터, CY2023
B30: ② 시장 구조(VPP·ARB 처방량·복합제 처방량): UBIST, FY2025
B31: ③ 경쟁 현황(성분별·성분 내 MS): UBIST, FY2025
B32: ④ 시장매출(수량·단가): 내부 시장매출 실측 FY2025 / 단가: FY2026 목표단가 (채널·용량별 물량가중)
B35: ■ 부록 — 백테스트 (rolling-origin 홀드아웃, 2026-09-14 수행)
B36: 시점(실측 월수) | C36: 그 시점의 FY2026E | D36: 최종(5개월) 대비 | E36: 판정
B37: 4월 마감 (1개월) | C37: 34685 | D37: -0.018697817 | E37: 정상
B38: 5월 마감 (2개월) | C38: 34272 | D38: -0.030373958 | E38: 가중치 전환 구간 — 참고용
B39: 6월 마감 (3개월) | C39: 34889 | D39: -0.012938624 | E39: 정상 — 이 시점부터 리비전 논의 유효
B40: 7월 마감 (4개월) | C40: 35170 | D40: -0.0049724934 | E40: 정상
B41: 8월 마감 (5개월) | C41: 35346 | D41: 기준 | E41: 현재
B42: · 방법: FY2026 실측 월(ARB 시장 Total, 원본_월별 ■A)을 시점별로 제한해 각 시점의 연간 추정을 재현(사본 시뮬레이션). 5개 시점 최대 오차 3.0%, 실측 3개월부터 ±1% 이내 수렴. 복합제·MS 측은 FY26Q1 분기 실측 고정이므로 월별 롤링은 ARB 시장 성장률에만 작용.
B43: · 결론: 월별 롤링 엔진 이상 없음 (검증 범위: FY2026 ARB 시장 실측 5개월 구간, 2026-04~08)

Sheet 근거_유병환자수
A1: 고혈압 유병환자수 산출 : KNHANES 기반 추정
B3: ◀ 실측 (국민건강영양조사, 2010~2024) | Q3: 예측 (회귀, 2025~2030) ▶
A4: 구분 / 연도 ▶ | B4: 2010 | C4: 2011 | D4: 2012 | E4: 2013 | F4: 2014 | G4: 2015 | H4: 2016 | I4: 2017 | J4: 2018 | K4: 2019 | L4: 2020 | M4: 2021 | N4: 2022 | O4: 2023 | P4: 2024 | Q4: 2025 | R4: 2026 | S4: 2027 | T4: 2028 | U4: 2029 | V4: 2030
A5: ■ A. 인구 (명) [통계청 장래인구추계, 중위]
A6: 20-29세 | B6: 6973154 | C6: 6840475 | D6: 6733813 | E6: 6686161 | F6: 6716535 | G6: 6781422 | H6: 6839660 | I6: 6897818 | J6: 6991259 | K6: 7026828 | L6: 7037893 | M6: 6953529 | N6: 6734021 | O6: 6548381 | P6: 6372432 | Q6: 6136764 | R6: 5887622 | S6: 5678166 | T6: 5510243 | U6: 5341561 | V6: 5157518
A7: 30-39세 | B7: 8264820 | C7: 8208754 | D7: 8146381 | E7: 8035971 | F7: 7899840 | G7: 7763702 | H7: 7652940 | I7: 7545842 | J7: 7456227 | K7: 7358231 | L7: 7174782 | M7: 6989477 | N7: 6872945 | O7: 6874383 | P7: 6913023 | Q7: 6975568 | R7: 7037580 | S7: 7096790 | T7: 7152255 | U7: 7158328 | V7: 7156565
A8: 40-49세 | B8: 8578079 | C8: 8600111 | D8: 8657375 | E8: 8653288 | F8: 8774714 | G8: 8752417 | H8: 8671799 | I8: 8585346 | J8: 8504579 | K8: 8335481 | L8: 8257903 | M8: 8158318 | N8: 8097011 | O8: 7993159 | P8: 7852297 | Q8: 7717016 | R8: 7624180 | S8: 7530657 | T8: 7417118 | U8: 7309393 | V8: 7147423
A9: 50-59세 | B9: 6751678 | C9: 7229163 | D9: 7504944 | E9: 7821975 | F9: 8033801 | G9: 8173256 | H9: 8305212 | I9: 8389739 | J9: 8462781 | K9: 8593283 | L9: 8575336 | M9: 8539374 | N9: 8603509 | O9: 8596363 | P9: 8705899 | Q9: 8660370 | R9: 8586606 | S9: 8508537 | T9: 8417195 | U9: 8247351 | V9: 8195954
A10: 60-69세 | B10: 4090354 | C10: 4149296 | D10: 4252495 | E10: 4358060 | F10: 4546950 | G10: 4856462 | H10: 5204346 | I10: 5456887 | J10: 5745656 | K10: 6076571 | L10: 6476602 | M10: 6959660 | N10: 7211963 | O10: 7532388 | P10: 7720341 | Q10: 7844071 | R10: 7980101 | S10: 8068291 | T10: 8139161 | U10: 8263910 | V10: 8262115
A11: 70세 이상 | B11: 3487795 | C11: 3668843 | D11: 3892038 | E11: 4108151 | F11: 4271397 | G11: 4435537 | H11: 4547079 | I11: 4779541 | J11: 5009497 | K11: 5240372 | L11: 5489635 | M11: 5674954 | N11: 5917283 | O11: 6161633 | P11: 6428985 | Q11: 6825302 | R11: 7187553 | S11: 7574606 | T11: 7991794 | U11: 8433421 | V11: 8943049
A12: 전체 (20세+) | B12: =SUM(B6:B11) | C12: =SUM(C6:C11) | D12: =SUM(D6:D11) | E12: =SUM(E6:E11) | F12: =SUM(F6:F11) | G12: =SUM(G6:G11) | H12: =SUM(H6:H11) | I12: =SUM(I6:I11) | ... V12: =SUM(V6:V11)
A14: ■ B. 연령별 유병률 (%) [2010~24 : 고혈압 유병비율 | 2025~30 : 연령대별 다른 방법으로 예측1]
A15: 20-29세 | B15: 2.5 | C15: 7 | D15: 4.8 | E15: 4.2 | F15: 2.2 | G15: 2.7 | H15: 3.5 | I15: 5.1 | J15: 5.4 | K15: 5.2 | L15: 4.4 | M15: 2.8 | N15: 4.3 | O15: 1.5 | P15: 3.1 | Q15: =$I43 | R15: =$I43 | S15: =$I43 | T15: =$I43 | U15: =$I43 | V15: =$I43
A16: 30-39세 | B16: 7.2 | C16: 9.1 | D16: 9.5 | E16: 9.7 | F16: 7.3 | G16: 8.7 | H16: 10.3 | I16: 11.3 | J16: 11.7 | K16: 9.5 | L16: 11.4 | M16: 10 | N16: 8.7 | O16: 6.2 | P16: 9.1 | Q16: =$I44 | R16: =$I44 | S16: =$I44 | T16: =$I44 | U16: =$I44 | V16: =$I44
A17: 40-49세 | B17: 17 | C17: 21.1 | D17: 22.6 | E17: 19.5 | F17: 17.7 | G17: 20.7 | H17: 21.7 | I17: 19.2 | J17: 20.6 | K17: 19 | L17: 20.8 | M17: 19.7 | N17: 20.1 | O17: 17.2 | P17: 20.4 | Q17: =$I45 | R17: =$I45 | S17: =$I45 | T17: =$I45 | U17: =$I45 | V17: =$I45
A18: 50-59세 | B18: 37.3 | C18: 33.8 | D18: 34.5 | E18: 35.9 | F18: 32 | G18: 33.9 | H18: 36.5 | I18: 32.1 | J18: 34.7 | K18: 32.3 | L18: 35.9 | M18: 31.2 | N18: 33.5 | O18: 33.7 | P18: 34.7 | Q18: =$I46 | R18: =$I46 | S18: =$I46 | T18: =$I46 | U18: =$I46 | V18: =$I46
A19: 60-69세 | B19: 55.6 | C19: 55.4 | D19: 54 | E19: 48.7 | F19: 48.5 | G19: 51.8 | H19: 50.9 | I19: 46.9 | J19: 46 | K19: 51.5 | L19: 48.1 | M19: 48 | N19: 48.9 | O19: 47.3 | P19: 51.4 | Q19: =$C$47*Q$4+$D$47 | R19: =$C$47*R$4+$D$47 | S19: =$C$47*S$4+$D$47 | T19: =$C$47*T$4+$D$47 | U19: =$C$47*U$4+$D$47 | V19: =$C$47*V$4+$D$47
A20: 70세 이상 | B20: 61.2 | C20: 66.6 | D20: 66.4 | E20: 62.3 | F20: 63.5 | G20: 67.5 | H20: 69.2 | I20: 64.7 | J20: 70.2 | K20: 67.2 | L20: 65.3 | M20: 66.4 | N20: 68.7 | O20: 68.4 | P20: 65.2 | Q20: =$I48 | R20: =$I48 | S20: =$I48 | T20: =$I48 | U20: =$I48 | V20: =$I48
A22: ■ C. 고혈압 유병환자수 (명) [2013~30 : 유병률(B) × 인구(A)]
A23: 20-29세 | B23: =B6*B15% | C23: =C6*C15% | D23: =D6*D15% | E23: =E6*E15% | F23: =F6*F15% | G23: =G6*G15% | H23: =H6*H15% | I23: =I6*I15% | ... V23: =V6*V15%
A24: 30-39세 | B24: =B7*B16% | C24: =C7*C16% | D24: =D7*D16% | E24: =E7*E16% | F24: =F7*F16% | G24: =G7*G16% | H24: =H7*H16% | I24: =I7*I16% | ... V24: =V7*V16%
A25: 40-49세 | B25: =B8*B17% | C25: =C8*C17% | D25: =D8*D17% | E25: =E8*E17% | F25: =F8*F17% | G25: =G8*G17% | H25: =H8*H17% | I25: =I8*I17% | ... V25: =V8*V17%
A26: 50-59세 | B26: =B9*B18% | C26: =C9*C18% | D26: =D9*D18% | E26: =E9*E18% | F26: =F9*F18% | G26: =G9*G18% | H26: =H9*H18% | I26: =I9*I18% | ... V26: =V9*V18%
A27: 60-69세 | B27: =B10*B19% | C27: =C10*C19% | D27: =D10*D19% | E27: =E10*E19% | F27: =F10*F19% | G27: =G10*G19% | H27: =H10*H19% | I27: =I10*I19% | ... V27: =V10*V19%
A28: 70세 이상 | B28: =B11*B20% | C28: =C11*C20% | D28: =D11*D20% | E28: =E11*E20% | F28: =F11*F20% | G28: =G11*G20% | H28: =H11*H20% | I28: =I11*I20% | ... V28: =V11*V20%
A29: ▶ 전체 유병환자수 | B29: =SUM(B23:B28) | C29: =SUM(C23:C28) | D29: =SUM(D23:D28) | E29: =SUM(E23:E28) | F29: =SUM(F23:F28) | G29: =SUM(G23:G28) | H29: =SUM(H23:H28) | I29: =SUM(I23:I28) | ... V29: =SUM(V23:V28)
B30: =B29/B12 | C30: =C29/C12 | D30: =D29/D12 | E30: =E29/E12 | F30: =F29/F12 | G30: =G29/G12 | H30: =H29/H12 | I30: =I29/I12 | ... V30: =V29/V12
A32: [참고] 유병환자수 산출 공식
A33: ① 고혈압 유병률1 정의 (KNHANES 정의) : 수축기혈압이 140mmHg 이상이거나 이완기혈압이 90mmHg 이상 또는 고혈압 약물을 복용한 분율
A34: ② 유병환자수(명) : 통계청 장래인구추계 x 해당 연도 고혈압 유병률
A37: [참고] 유병률 예측방식 : 선형회귀2 요약
A38: *2010-2024년 15개 연도 OLS 선형회귀로 그룹별 추세 유의성(p-value) 사전 검정
A39: *추세 유의(p<0.05) 그룹은 선형회귀 연장, 추세 비유의 그룹은 표본수 가중 5개년(2020-2024) 평균 적용
A40: *유의 그룹(60-69세, p=0.020): 예측값 = 기울기×연도+절편 (2010-2024 적합) *비유의 그룹(20-29,30-39,40-49,50-59,70+): 예측값 = 표본수(n) 가중 최근5개년(2020-2024) 평균
A41: ★ 주요 파라미터 (분석 구간: 2010~2024년)
B42: 연령대 | C42: 기울기(slope) | D42: 절편(intercept) | E42: R² | F42: p-value | G42: 적합구간 | H42: 적용방법 | I42: 적용값(%, 평균법만 해당)
B43: =A15 | C43: =SLOPE(B15:P15,$B$4:$P$4) | D43: =INTERCEPT(B15:P15,$B$4:$P$4) | E43: =RSQ(B15:P15,$B$4:$P$4) | F43: =_xlfn.T.DIST.2T(ABS(SLOPE($B$15:$P$15,$B$4:$P$4)/(STEYX($B$15:$P$15,$B$4:$P$4)/SQRT(DEVSQ($B$4:$P$4)))),COUNT($B$4:$P$4)-2) | G43: 2010-2024 (참고용, 추세 비유의로 미사용) | H43: 가중평균(2020-2024, 표본수 n 가중) | I43: =SUMPRODUCT(L15:P15,L53:P53)/SUM(L53:P53)
B44: =A16 | C44: =SLOPE(B16:P16,$B$4:$P$4) | D44: =INTERCEPT(B16:P16,$B$4:$P$4) | E44: =RSQ(B16:P16,$B$4:$P$4) | F44: =_xlfn.T.DIST.2T(ABS(SLOPE($B$16:$P$16,$B$4:$P$4)/(STEYX($B$16:$P$16,$B$4:$P$4)/SQRT(DEVSQ($B$4:$P$4)))),COUNT($B$4:$P$4)-2) | G44: 2010-2025 (참고용, 추세 비유의로 미사용) | H44: 가중평균(2020-2025, 표본수 n 가중) | I44: =SUMPRODUCT(L16:P16,L54:P54)/SUM(L54:P54)
B45: =A17 | C45: =SLOPE(B17:P17,$B$4:$P$4) | D45: =INTERCEPT(B17:P17,$B$4:$P$4) | E45: =RSQ(B17:P17,$B$4:$P$4) | F45: =_xlfn.T.DIST.2T(ABS(SLOPE($B$17:$P$17,$B$4:$P$4)/(STEYX($B$17:$P$17,$B$4:$P$4)/SQRT(DEVSQ($B$4:$P$4)))),COUNT($B$4:$P$4)-2) | G45: 2010-2026 (참고용, 추세 비유의로 미사용) | H45: 가중평균(2020-2026, 표본수 n 가중) | I45: =SUMPRODUCT(L17:P17,L55:P55)/SUM(L55:P55)
B46: =A18 | C46: =SLOPE(B18:P18,$B$4:$P$4) | D46: =INTERCEPT(B18:P18,$B$4:$P$4) | E46: =RSQ(B18:P18,$B$4:$P$4) | F46: =_xlfn.T.DIST.2T(ABS(SLOPE($B$18:$P$18,$B$4:$P$4)/(STEYX($B$18:$P$18,$B$4:$P$4)/SQRT(DEVSQ($B$4:$P$4)))),COUNT($B$4:$P$4)-2) | G46: 2010-2027 (참고용, 추세 비유의로 미사용) | H46: 가중평균(2020-2027, 표본수 n 가중) | I46: =SUMPRODUCT(L18:P18,L56:P56)/SUM(L56:P56)
B47: =A19 | C47: =SLOPE(B19:P19,$B$4:$P$4) | D47: =INTERCEPT(B19:P19,$B$4:$P$4) | E47: =RSQ(B19:P19,$B$4:$P$4) | F47: =_xlfn.T.DIST.2T(ABS(SLOPE($B$19:$P$19,$B$4:$P$4)/(STEYX($B$19:$P$19,$B$4:$P$4)/SQRT(DEVSQ($B$4:$P$4)))),COUNT($B$4:$P$4)-2) | G47: 2010-2024 (전체, OLS 선형회귀) | H47: 선형회귀(추세 유의)
B48: =A20 | C48: =SLOPE(B20:P20,$B$4:$P$4) | D48: =INTERCEPT(B20:P20,$B$4:$P$4) | E48: =RSQ(B20:P20,$B$4:$P$4) | F48: =_xlfn.T.DIST.2T(ABS(SLOPE($B$20:$P$20,$B$4:$P$4)/(STEYX($B$20:$P$20,$B$4:$P$4)/SQRT(DEVSQ($B$4:$P$4)))),COUNT($B$4:$P$4)-2) | G48: 2010-2029 (참고용, 추세 비유의로 미사용) | H48: 가중평균(2020-2029, 표본수 n 가중) | I48: =SUMPRODUCT(L20:P20,L58:P58)/SUM(L58:P58)
A52: ■ D. 표본수 n (가중평균 산출용, 원자료: 국민건강통계 2024)
A53: 20-29세 | B53: 764 | C53: 676 | D53: 633 | E53: 700 | F53: 578 | G53: 652 | H53: 699 | I53: 726 | J53: 757 | K53: 750 | L53: 788 | M53: 656 | N53: 598 | O53: 601 | P53: 704
A54: 30-39세 | B54: 1243 | C54: 1092 | D54: 948 | E54: 937 | F54: 859 | G54: 707 | H54: 1087 | I54: 911 | J54: 908 | K54: 925 | L54: 750 | M54: 636 | N54: 650 | O54: 660 | P54: 638
A55: 40-49세 | B55: 1161 | C55: 1052 | D55: 945 | E55: 1036 | F55: 853 | G55: 909 | H55: 1133 | I55: 1138 | J55: 1127 | K55: 1113 | L55: 957 | M55: 944 | N55: 834 | O55: 961 | P55: 915
A56: 50-59세 | B56: 1165 | C56: 1180 | D56: 1059 | E56: 1015 | F56: 963 | G56: 1083 | H56: 1107 | I56: 1210 | J56: 1194 | K56: 1175 | L56: 1043 | M56: 1016 | N56: 910 | O56: 1099 | P56: 1113
A57: 60-69세 | B57: 1023 | C57: 1028 | D57: 1005 | E57: 855 | F57: 896 | G57: 959 | H57: 1015 | I57: 1098 | J57: 1101 | K57: 1131 | L57: 1110 | M57: 1106 | N57: 1114 | O57: 1316 | P57: 1264
A58: 70세 이상 | B58: 872 | C58: 990 | D58: 975 | E58: 809 | F58: 882 | G58: 894 | H58: 1064 | I58: 1095 | J58: 1113 | K58: 1167 | L58: 1161 | M58: 1234 | N58: 1096 | O58: 1170 | P58: 1321
A60: ※ 출처 : 국민건강영양조사, 통계청
A61: ※ 범례
A62: · 외부 입력 데이터: 청색(Blue) 표기
A63: · 예측 변수(또는 예측치): 녹색(Green) 표기
A64: · 최종 산출 결과: 황색(Yellow) 음영 행

Sheet 근거_의료이용환자수
A1: 의료이용 환자수 산출 : HIRA 데이터 기반 추정
B3: ◀ 실측 (HIRA, 2014~2024) | Q3: 예측 (2025~2030) ▶
A4: 구분 / 연도 ▶ | B4: 2010 | C4: 2011 | D4: 2012 | E4: 2013 | F4: 2014 | G4: 2015 | H4: 2016 | I4: 2017 | J4: 2018 | K4: 2019 | L4: 2020 | M4: 2021 | N4: 2022 | O4: 2023 | P4: 2024 | Q4: 2025 | R4: 2026 | S4: 2027 | T4: 2028 | U4: 2029 | V4: 2030
A5: ■ A. 고혈압 유병환자수 (명) [근거_유병환자수 참조]
A6: 유병환자수 (전체) | B6: =근거_유병환자수!B29 | C6: =근거_유병환자수!C29 | D6: =근거_유병환자수!D29 | E6: =근거_유병환자수!E29 | F6: =근거_유병환자수!F29 | G6: =근거_유병환자수!G29 | H6: =근거_유병환자수!H29 | I6: =근거_유병환자수!I29 | ... V6: =근거_유병환자수!V29
A8: ■ B. 고혈압 의료이용 환자수 [2014~24 : HIRA I10 | 2025~30 : 고혈압 유병환자수(A) × 의료이용비율 고정값1]
A9: ▶ 의료이용 환자수 | F9: =8840086 | G9: =9131239 | H9: =9477565 | I9: 9967602 | J9: 10357002 | K9: 10870422 | L9: 11250720 | M9: 11820083 | N9: 12384955 | O9: 12693552 | P9: 13085573 | Q9: =Q6*Q12 | R9: =R6*R12 | S9: =S6*S12 | T9: =T6*T12 | U9: =U6*U12 | V9: =V6*V12
G10: =G9/F9-1 | H10: =H9/G9-1 | I10: =I9/H9-1 | J10: =J9/I9-1 | K10: =K9/J9-1 | L10: =L9/K9-1 | M10: =M9/L9-1 | N10: =N9/M9-1 | ... V10: =V9/U9-1
A11: ■ C. 의료이용비율 (%) [고혈압 의료이용 환자수(B) ÷ 고혈압 유병환자수(A)]
A12: 의료이용비율 | B12: =B9/B6 | C12: =C9/C6 | D12: =D9/D6 | E12: =E9/E6 | F12: =F9/F6 | G12: =G9/G6 | H12: =H9/H6 | I12: =I9/I6 | ... P12: =P9/P6 | Q12: =C16 | R12: =D16 | S12: =$E$16 | T12: =$E$16 | U12: =$E$16 | V12: =$E$16
A14: ★ 주요 파라미터 (분석 구간: 2014~2024년)
B15: 구분 | C15: 2025 | D15: 2026 | E15: 2027~
B16: 의료이용비율1 | C16: =AVERAGE(M12:P12) | D16: =AVERAGE(N12:Q12) | E16: =AVERAGE(O12:R12)
B17: (2023년 추정값이 101%로 100%를 초과함. 이에 따라 직전 4개년 평균 비율을 반영하여 의료이용비율을 추정)
A19: ※ 출처 : HIRA(2014~2024), BI 자체 추정
A20: ※ 고혈압 의료이용환자수: 고혈압(ICD-10: I10) 주부상병
A21: ※ 범례
A22: · 외부 입력 데이터: 청색(Blue) 표기
A23: · 예측 변수(또는 예측치): 녹색(Green) 표기
A24: · 최종 산출 결과: 황색(Yellow) 음영 행

Sheet 근거_고혈압치료환자수
A1: 의료이용 환자수 산출 : Hypertension Fact Sheet 2025 기반 산출
B3: ◀ 실측 (건보공단 전수, 2010~2023) | P3: 예측 (2024~2030) ▶
A4: 구분 / 연도 ▶ | B4: 2010 | C4: 2011 | D4: 2012 | E4: 2013 | F4: 2014 | G4: 2015 | H4: 2016 | I4: 2017 | J4: 2018 | K4: 2019 | L4: 2020 | M4: 2021 | N4: 2022 | O4: 2023 | P4: 2024 | Q4: 2025 | R4: 2026 | S4: 2027 | T4: 2028 | U4: 2029 | V4: 2030
A5: ■ A. 고혈압 의료이용환자수 (명) [근거_의료이용환자수 참조]
A6: 의료이용환자수 (전체) | F6: =근거_의료이용환자수!F9 | G6: =근거_의료이용환자수!G9 | H6: =근거_의료이용환자수!H9 | I6: =근거_의료이용환자수!I9 | J6: =근거_의료이용환자수!J9 | K6: =근거_의료이용환자수!K9 | L6: =근거_의료이용환자수!L9 | M6: =근거_의료이용환자수!M9 | ... V6: =근거_의료이용환자수!V9
A8: ■ B. 고혈압 치료(처방)환자수 [2010~23 : NHIS | 2024~30 : 고혈압 의료이용환자수(A) × 치료비율 (선형회귀 예측값)]
A9: ▶ 치료(처방) 환자수 | B9: 6538000 | C9: 6772000 | D9: 7220000 | E9: 7499000 | F9: 7696000 | G9: 7944000 | H9: 8297000 | I9: 8633000 | J9: 9027000 | K9: 9512000 | L9: 9916000 | M9: 10460000 | N9: 10891000 | O9: 11255000 | P9: =P6*P12 | Q9: =Q6*Q12 | R9: =R6*R12 | S9: =S6*S12 | T9: =T6*T12 | U9: =U6*U12 | V9: =V6*V12
A11: ■ C. 치료비율 (%) [고혈압 치료(처방) 환자수(B) ÷ 고혈압 의료이용환자수(A)]
A12: 의료치료비율 | F12: =F9/F6 | G12: =G9/G6 | H12: =H9/H6 | I12: =I9/I6 | J12: =J9/J6 | K12: =K9/K6 | L12: =L9/L6 | M12: =M9/M6 | ... O12: =O9/O6 | P12: =$B$16*P4+$C$16 | Q12: =$B$16*Q4+$C$16 | R12: =$B$16*R4+$C$16 | S12: =$B$16*S4+$C$16 | T12: =$B$16*T4+$C$16 | U12: =$B$16*U4+$C$16 | V12: =$B$16*V4+$C$16
A14: ★ 주요 파라미터 (분석 구간: 2014-2023, 선형회귀 전체기간 OLS)
B15: 기울기 | C15: 절편 | D15: R² | E15: 2024 환자수 (기준치)
B16: =SLOPE(F12:O12,F4:O4) | C16: =INTERCEPT(F12:O12,F4:O4) | D16: =RSQ(F12:O12,F4:O4) | E16: =$K$9
B17: [산출 공식] 예측 치료비율(연도) = 기울기×연도+절편
A19: ※ 출처 : NHIS(2014~2023), BI 자체 추정
A20: ※ 고혈압 치료 환자수: 고혈압을 진단명으로 연 1회 이상 고혈압 치료제 처방
A21: ※ 범례
A22: · 외부 입력 데이터: 청색(Blue) 표기
A23: · 예측 변수(또는 예측치): 녹색(Green) 표기
A24: · 최종 산출 결과: 황색(Yellow) 음영 행

Sheet 근거_ARB처방환자수
A1: ARB 처방환자수 산출 : Hypertension Fact Sheet 2025 기반 산출
J3: ◀ 실측 (건보공단 전수, 2018~2023) | P3: 예측 (로지스틱, 2024~2030) ▶
A4: 구분 / 연도 ▶ | B4: 2010 | C4: 2011 | D4: 2012 | E4: 2013 | F4: 2014 | G4: 2015 | H4: 2016 | I4: 2017 | J4: 2018 | K4: 2019 | L4: 2020 | M4: 2021 | N4: 2022 | O4: 2023 | P4: 2024 | Q4: 2025 | R4: 2026 | S4: 2027 | T4: 2028 | U4: 2029 | V4: 2030
A5: ■ A. 고혈압 치료환자수 (명) [근거_치료환자수 참조]
A6: 치료환자수 (전체) | B6: =근거_고혈압치료환자수!B9 | C6: =근거_고혈압치료환자수!C9 | D6: =근거_고혈압치료환자수!D9 | E6: =근거_고혈압치료환자수!E9 | F6: =근거_고혈압치료환자수!F9 | G6: =근거_고혈압치료환자수!G9 | H6: =근거_고혈압치료환자수!H9 | I6: =근거_고혈압치료환자수!I9 | ... V6: =근거_고혈압치료환자수!V9
A8: ■ B. ARB 처방률 (%) [2018~23 : 처방환자수(C)÷고혈압치료(A) | 2023~30 : 과거 처방률 추세를 로지스틱 S-curve1로 연장(상한88%)]
A9: ARB 처방률 | J9: =J12/J6 | K9: =K12/K6 | L9: =L12/L6 | M9: =M12/M6 | N9: =N12/N6 | O9: =O12/O6 | P9: =$E$20 + $B$20/(1+EXP(-$C$20*(P$4-$D$20))) | Q9: =$E$20 + $B$20/(1+EXP(-$C$20*(Q$4-$D$20))) | R9: =$E$20 + $B$20/(1+EXP(-$C$20*(R$4-$D$20))) | S9: =$E$20 + $B$20/(1+EXP(-$C$20*(S$4-$D$20))) | T9: =$E$20 + $B$20/(1+EXP(-$C$20*(T$4-$D$20))) | U9: =$E$20 + $B$20/(1+EXP(-$C$20*(U$4-$D$20))) | V9: =$E$20 + $B$20/(1+EXP(-$C$20*(V$4-$D$20)))
A11: ■ C. ARB 처방환자수 (명) [2018~23 : 건보공단 전수 | 2024~30 : 고혈압 치료환자수(A) × ARB 처방률(B)]
A12: ▶ ARB 처방환자수 | J12: 6439000 | K12: 6892000 | L12: 7317000 | M12: 7855000 | N12: 8290000 | O12: 8669000 | P12: =P6*P9 | Q12: =Q6*Q9 | R12: =R6*R9 | S12: =S6*S9 | T12: =T6*T9 | U12: =U6*U9 | V12: =V6*V9
P13: =P12/O12-1 | Q13: =Q12/P12-1 | R13: =R12/Q12-1 | S13: =S12/R12-1 | T13: =T12/S12-1 | U13: =U12/T12-1 | V13: =V12/U12-1
A16: [참고] ARB 처방률 예측방식 : 로지스틱 S-curve1
B17: 곡선식: p(t) = L / (1 + exp(−k·(t − x0))) + anchor
A18: ★ 주요 파라미터 | B18: (적합구간: 2018~2023; R2=0.9984, 전체 실측 6개년 사용)
B19: L (포화상한) | C19: k (성장속도) | D19: x0 (중심연도) | E19: anchor (2023 보정)
B20: 0.88 | C20: =-SLOPE($D$37:$D$42,$B$37:$B$42) | D20: =INTERCEPT($D$37:$D$42,$B$37:$B$42)/C20 | E20: =O9-($B$20/(1+EXP(-C20*(2023-D20))))
B22: 파라미터 | C22: 산출 근거
B23: L (포화상한) | C23: 2018-2023 실측 6개년에 대한 로지스틱 자유적합(curve_fit)으로 추정(표준오차 ±5%p, 95% CI 약 78~98%).
B24: k (성장속도) | C24: 곡선이 가팔라지는 빠르기 = -SLOPE(z,연도) [B38:D43 보조계산, L=0.88 고정]
B25: x0 (중심연도) | C25: 확산이 가장 빨랐던 해 = INTERCEPT(z,연도)/k [B38:D43 보조계산, L=0.88 고정]
B26: anchor (2023 보정) | C26: 곡선을 2023(최신 실측)에 정확히 맞추는 보정 = O9 - 로지스틱순수식(k,x0,L)
A29: ※ 출처 : NHIS(2018~2023), BI 자체 추정
A30: ※ 범례
A31: · 외부 입력 데이터: 청색(Blue) 표기
A32: · 예측 변수(또는 예측치): 녹색(Green) 표기
A33: · 최종 산출 결과: 황색(Yellow) 음영 행
A35: [참고] k, x0, anchor 선형화 보조계산 (L=0.88 고정, z = LN(L/p - 1))
B36: 연도 | C36: 실측 처방률(p) | D36: z = LN(L/p-1)
B37: =J4 | C37: =J9 | D37: =LN($B$20/J9-1)
B38: =K4 | C38: =K9 | D38: =LN($B$20/K9-1)
B39: =L4 | C39: =L9 | D39: =LN($B$20/L9-1)
B40: =M4 | C40: =M9 | D40: =LN($B$20/M9-1)
B41: =N4 | C41: =N9 | D41: =LN($B$20/N9-1)
B42: =O4 | C42: =O9 | D42: =LN($B$20/O9-1)

Sheet 근거_ARB처방량
A1: ARB 처방량(시장) 산출 : UBIST 기반 추정
G3: ◀ 처방량 실측 (UBIST, 2018~2025) | R3: 예측 (2026~2030) ▶ | Z3: 참고비율
A4: 구분 / 연도 ▶ | B4: 2010 | C4: 2011 | D4: 2012 | E4: 2013 | F4: 2014 | G4: 2015 | H4: 2016 | I4: 2017 | J4: 2018 | K4: 2019 | L4: 2020 | M4: 2021 | N4: 2022 | O4: 2023 | P4: 2024 | Q4: 2025 | R4: 2026 | S4: 2027 | T4: 2028 | U4: 2029 | V4: 2030 | X4: FY26 1분기 | Z4: 1Q | AA4: 2Q | AB4: 3Q | AC4: 4Q | AD4: Total
A5: ■ A. ARB 처방환자수 (명) [근거_ARB처방환자수 참조] | Y5: FY23 | Z5: =SUM(원본_월별!B22:D22) | AA5: =SUM(원본_월별!E22:G22) | AB5: =SUM(원본_월별!H22:J22) | AC5: =SUM(원본_월별!K22:M22) | AD5: =SUM(Z5:AC5)
A6: ARB 처방환자수 | B6: =근거_ARB처방환자수!B12 | C6: =근거_ARB처방환자수!C12 | D6: =근거_ARB처방환자수!D12 | E6: =근거_ARB처방환자수!E12 | F6: =근거_ARB처방환자수!F12 | G6: =근거_ARB처방환자수!G12 | H6: =근거_ARB처방환자수!H12 | I6: =근거_ARB처방환자수!I12 | ... V6: =근거_ARB처방환자수!V12 | Y6: FY24 | Z6: =SUM(원본_월별!B23:D23) | AA6: =SUM(원본_월별!E23:G23) | AB6: =SUM(원본_월별!H23:J23) | AC6: =SUM(원본_월별!K23:M23) | AD6: =SUM(Z6:AC6)
Y7: FY25 | Z7: =SUM(원본_월별!B24:D24) | AA7: =SUM(원본_월별!E24:G24) | AB7: =SUM(원본_월별!H24:J24) | AC7: =SUM(원본_월별!K24:M24) | AD7: =SUM(Z7:AC7)
A8: ■ B. ARB 처방량 [2018~25 : UBIST 실측 | 2026~30 : ARB 처방환자수(A) × VPP(C)] | Y8: FY26 | Z8: =SUM(원본_월별!B25:D25)
A9: ▶ ARB 처방량 | J9: 2.0609748e+09 | K9: 2.1970222e+09 | L9: 2.3315652e+09 | M9: =원본_월별!N20 | N9: =원본_월별!N21 | O9: =원본_월별!N22 | P9: =원본_월별!N23 | Q9: =원본_월별!N24 | R9: =R6*R12 | S9: =S6*S12 | T9: =T6*T12 | U9: =U6*U12 | V9: =V6*V12 | X9: =SUM(원본_월별!B25:D25)
K10: =K9/J9-1 | L10: =L9/K9-1 | M10: =M9/L9-1 | N10: =N9/M9-1 | O10: =O9/N9-1 | P10: =P9/O9-1 | Q10: =Q9/P9-1 | R10: =R9/Q9-1 | ... V10: =V9/U9-1 | X10: =X9/AVERAGE(Z10:Z12)*1 | Z10: =Z5/$AD5 | AA10: =AA5/$AD5 | AB10: =AB5/$AD5 | AC10: =AC5/$AD5
A11: ■ C. VPP 환자당 연간 처방일수 (일) [2018~25 : 처방량(B)÷환자수(A) | 2026~30 : 과거 VPP 평균 기반 고정1] | X11: =X10/Q9-1 | Z11: =Z6/$AD6 | AA11: =AA6/$AD6 | AB11: =AB6/$AD6 | AC11: =AC6/$AD6
A12: VPP (처방일/DOT) | J12: =J9/J6 | K12: =K9/K6 | L12: =L9/L6 | M12: =M9/M6 | N12: =N9/N6 | O12: =O9/O6 | P12: =P9/P6 | Q12: =Q9/Q6 | R12: =IF(N32>0,V32,Q12+C16) | S12: =IF(N33>0,V33,R12+D16) | T12: =IF(N34>0,V34,S12+E16) | U12: =IF(N35>0,V35,T12) | V12: =IF(N35>0,V35,U12) | Z12: =Z7/$AD7 | AA12: =AA7/$AD7 | AB12: =AB7/$AD7 | AC12: =AC7/$AD7
K13: =K12-J12 | L13: =L12-K12 | M13: =M12-L12 | N13: =N12-M12 | O13: =O12-N12 | P13: =P12-O12 | Q13: =Q12-P12
A14: ★ 주요 파라미터 (분석 구간: 2018~2025년)
B15: 구분 | C15: 2026 | D15: 2027 | E15: 2028
B16: VPP 증가 일수 | C16: =ROUND(AVERAGE(O13:Q13),0) | D16: =ROUND(C16*80%,0) | E16: =ROUND(D16*50%,0)
B17: (최근 3개년 증가 일수 평균 반영, 증가 점차 둔화 후유지 추정)
A19: ※ 출처 : UBIST(2018~2025), BI 자체 추정
A20: ※ 단위: 처방일(DOT).
A21: ※ 범례
A22: · 외부 입력 데이터: 청색(Blue) 표기
A23: · 예측 변수(또는 예측치): 녹색(Green) 표기
A24: · 최종 산출 결과: 황색(Yellow) 음영 행
A26: ■ D. 월별 ARB 처방량(FY기준) 실측 입력 & 롤링 VPP
A27: ※ 4월~3월=회계연도(FY) 월. 월별 실측은 「원본_월별」■A(ARB 시장 Total)에서 자동 연결 — 매달 UBIST 파일을 「원본_RAW」에 붙여넣으면 자동 갱신 (여기에 직접 입력하지 마십시오)
A28: 회계연도 | B28: 4월 | C28: 5월 | D28: 6월 | E28: 7월 | F28: 8월 | G28: 9월 | H28: 10월 | I28: 11월 | J28: 12월 | K28: 1월 | L28: 2월 | M28: 3월 | N28: 실측월수 | O28: YTD처방량 | P28: 전년동기YTD | Q28: YoY | R28: 장기평균prior(3개년) | S28: 가중치w | T28: 최종성장률 | U28: 연환산처방량 | V28: VPP예측
A29: FY2023 | B29: =IF(원본_월별!B22="","",원본_월별!B22) | C29: =IF(원본_월별!C22="","",원본_월별!C22) | D29: =IF(원본_월별!D22="","",원본_월별!D22) | E29: =IF(원본_월별!E22="","",원본_월별!E22) | F29: =IF(원본_월별!F22="","",원본_월별!F22) | G29: =IF(원본_월별!G22="","",원본_월별!G22) | H29: =IF(원본_월별!H22="","",원본_월별!H22) | I29: =IF(원본_월별!I22="","",원본_월별!I22) | ... M29: =IF(원본_월별!M22="","",원본_월별!M22) | N29: =COUNT(B29:M29) | O29: =SUM(B29:M29)
A30: FY2024 | B30: =IF(원본_월별!B23="","",원본_월별!B23) | C30: =IF(원본_월별!C23="","",원본_월별!C23) | D30: =IF(원본_월별!D23="","",원본_월별!D23) | E30: =IF(원본_월별!E23="","",원본_월별!E23) | F30: =IF(원본_월별!F23="","",원본_월별!F23) | G30: =IF(원본_월별!G23="","",원본_월별!G23) | H30: =IF(원본_월별!H23="","",원본_월별!H23) | I30: =IF(원본_월별!I23="","",원본_월별!I23) | ... M30: =IF(원본_월별!M23="","",원본_월별!M23) | N30: =COUNT(B30:M30) | O30: =SUM(B30:M30)
A31: FY2025 | B31: =IF(원본_월별!B24="","",원본_월별!B24) | C31: =IF(원본_월별!C24="","",원본_월별!C24) | D31: =IF(원본_월별!D24="","",원본_월별!D24) | E31: =IF(원본_월별!E24="","",원본_월별!E24) | F31: =IF(원본_월별!F24="","",원본_월별!F24) | G31: =IF(원본_월별!G24="","",원본_월별!G24) | H31: =IF(원본_월별!H24="","",원본_월별!H24) | I31: =IF(원본_월별!I24="","",원본_월별!I24) | ... M31: =IF(원본_월별!M24="","",원본_월별!M24) | N31: =COUNT(B31:M31) | O31: =SUM(B31:M31)
A32: FY2026 | B32: =IF(원본_월별!B25="","",원본_월별!B25) | C32: =IF(원본_월별!C25="","",원본_월별!C25) | D32: =IF(원본_월별!D25="","",원본_월별!D25) | E32: =IF(원본_월별!E25="","",원본_월별!E25) | F32: =IF(원본_월별!F25="","",원본_월별!F25) | G32: =IF(원본_월별!G25="","",원본_월별!G25) | H32: =IF(원본_월별!H25="","",원본_월별!H25) | I32: =IF(원본_월별!I25="","",원본_월별!I25) | ... M32: =IF(원본_월별!M25="","",원본_월별!M25) | N32: =COUNT(B32:M32) | O32: =SUM(B32:M32) | P32: =IF(N32=0,0,SUM($B31:INDEX($B31:$M31,N32))) | Q32: =IF(OR(N32=0,P32=0),"",O32/P32-1) | R32: =AVERAGE(O9/N9-1,P9/O9-1,Q9/P9-1) | S32: =IF(N32=0,"",IF(N32=1,0.3,IF(N32=2,0.7,0.9))) | T32: =IF(N32=0,"",S32*Q32+(1-S32)*R32) | U32: =IF(N32=0,"",Q9*(1+T32)) | V32: =IF(N32=0,"",U32/R6)
A33: FY2027 | B33: =IF(원본_월별!B26="","",원본_월별!B26) | C33: =IF(원본_월별!C26="","",원본_월별!C26) | D33: =IF(원본_월별!D26="","",원본_월별!D26) | E33: =IF(원본_월별!E26="","",원본_월별!E26) | F33: =IF(원본_월별!F26="","",원본_월별!F26) | G33: =IF(원본_월별!G26="","",원본_월별!G26) | H33: =IF(원본_월별!H26="","",원본_월별!H26) | I33: =IF(원본_월별!I26="","",원본_월별!I26) | ... M33: =IF(원본_월별!M26="","",원본_월별!M26) | N33: =COUNT(B33:M33) | O33: =SUM(B33:M33) | P33: =IF(N33=0,0,SUM($B32:INDEX($B32:$M32,N33))) | Q33: =IF(OR(N33=0,P33=0),"",O33/P33-1) | R33: =AVERAGE(P9/O9-1,Q9/P9-1,R9/Q9-1) | S33: =IF(N33=0,"",IF(N33=1,0.3,IF(N33=2,0.7,0.9))) | T33: =IF(N33=0,"",S33*Q33+(1-S33)*R33) | U33: =IF(N33=0,"",R9*(1+T33)) | V33: =IF(N33=0,"",U33/S6)
A34: FY2028 | B34: =IF(원본_월별!B27="","",원본_월별!B27) | C34: =IF(원본_월별!C27="","",원본_월별!C27) | D34: =IF(원본_월별!D27="","",원본_월별!D27) | E34: =IF(원본_월별!E27="","",원본_월별!E27) | F34: =IF(원본_월별!F27="","",원본_월별!F27) | G34: =IF(원본_월별!G27="","",원본_월별!G27) | H34: =IF(원본_월별!H27="","",원본_월별!H27) | I34: =IF(원본_월별!I27="","",원본_월별!I27) | ... M34: =IF(원본_월별!M27="","",원본_월별!M27) | N34: =COUNT(B34:M34) | O34: =SUM(B34:M34) | P34: =IF(N34=0,0,SUM($B33:INDEX($B33:$M33,N34))) | Q34: =IF(OR(N34=0,P34=0),"",O34/P34-1) | R34: =AVERAGE(Q9/P9-1,R9/Q9-1,S9/R9-1) | S34: =IF(N34=0,"",IF(N34=1,0.3,IF(N34=2,0.7,0.9))) | T34: =IF(N34=0,"",S34*Q34+(1-S34)*R34) | U34: =IF(N34=0,"",S9*(1+T34)) | V34: =IF(N34=0,"",U34/T6)
A35: FY2029 | B35: =IF(원본_월별!B28="","",원본_월별!B28) | C35: =IF(원본_월별!C28="","",원본_월별!C28) | D35: =IF(원본_월별!D28="","",원본_월별!D28) | E35: =IF(원본_월별!E28="","",원본_월별!E28) | F35: =IF(원본_월별!F28="","",원본_월별!F28) | G35: =IF(원본_월별!G28="","",원본_월별!G28) | H35: =IF(원본_월별!H28="","",원본_월별!H28) | I35: =IF(원본_월별!I28="","",원본_월별!I28) | ... M35: =IF(원본_월별!M28="","",원본_월별!M28) | N35: =COUNT(B35:M35) | O35: =SUM(B35:M35) | P35: =IF(N35=0,0,SUM($B34:INDEX($B34:$M34,N35))) | Q35: =IF(OR(N35=0,P35=0),"",O35/P35-1) | R35: =AVERAGE(R9/Q9-1,S9/R9-1,T9/S9-1) | S35: =IF(N35=0,"",IF(N35=1,0.3,IF(N35=2,0.7,0.9))) | T35: =IF(N35=0,"",S35*Q35+(1-S35)*R35) | U35: =IF(N35=0,"",T9*(1+T35)) | V35: =IF(N35=0,"",U35/U6)
A36: FY2030 | B36: =IF(원본_월별!B29="","",원본_월별!B29) | C36: =IF(원본_월별!C29="","",원본_월별!C29) | D36: =IF(원본_월별!D29="","",원본_월별!D29) | E36: =IF(원본_월별!E29="","",원본_월별!E29) | F36: =IF(원본_월별!F29="","",원본_월별!F29) | G36: =IF(원본_월별!G29="","",원본_월별!G29) | H36: =IF(원본_월별!H29="","",원본_월별!H29) | I36: =IF(원본_월별!I29="","",원본_월별!I29) | ... M36: =IF(원본_월별!M29="","",원본_월별!M29) | N36: =COUNT(B36:M36) | O36: =SUM(B36:M36) | P36: =IF(N36=0,0,SUM($B35:INDEX($B35:$M35,N36))) | Q36: =IF(OR(N36=0,P36=0),"",O36/P36-1) | R36: =AVERAGE(S9/R9-1,T9/S9-1,U9/T9-1) | S36: =IF(N36=0,"",IF(N36=1,0.3,IF(N36=2,0.7,0.9))) | T36: =IF(N36=0,"",S36*Q36+(1-S36)*R36) | U36: =IF(N36=0,"",U9*(1+T36)) | V36: =IF(N36=0,"",U36/V6)

Sheet 근거_ARB+CCB+DU복합제처방량
A1: ARB+CCB+DU 복합제 처방량 산출 : UBIST 기반 추정
B3: ◀ 실측 (UBIST MS, FY18~25) | J3: 예측 ▶
A4: 구분 / 회계연도 ▶ | B4: FY2018 | C4: FY2019 | D4: FY2020 | E4: FY2021 | F4: FY2022 | G4: FY2023 | H4: FY2024 | I4: FY2025 | J4: FY2026 | K4: FY2027 | L4: FY2028 | M4: FY2029 | N4: FY2030 | P4: FY26 1분기
A5: ■ A. ARB 처방량 [근거_ARB 처방량 참조]
A6: ARB 처방량 | B6: =근거_ARB처방량!J9 | C6: =근거_ARB처방량!K9 | D6: =근거_ARB처방량!L9 | E6: =근거_ARB처방량!M9 | F6: =근거_ARB처방량!N9 | G6: =근거_ARB처방량!O9 | H6: =근거_ARB처방량!P9 | I6: =근거_ARB처방량!Q9 | ... N6: =근거_ARB처방량!V9 | P6: =근거_ARB처방량!X9 | Q6: =P6*4/J6
A8: ■ B. ARB복합제 비율 [2018~25 : UBIST 실측 | 2026~30 : 하한고정(로지스틱, 하한 59.35%), 이미 정체 국면]
A9: ARB 복합제 비율 | B9: 0.60625872 | C9: 0.60219115 | D9: 0.60010228 | E9: 0.5985175 | F9: 0.5985093 | G9: 0.59688084 | H9: 0.59468021 | I9: 0.59517313 | J9: =$D$22+(1-$D$22)/(1+EXP(-$E$22*(VALUE(MID(J4,3,4))-$F$22)))+$G$22 | K9: =$D$22+(1-$D$22)/(1+EXP(-$E$22*(VALUE(MID(K4,3,4))-$F$22)))+$G$22 | L9: =$D$22+(1-$D$22)/(1+EXP(-$E$22*(VALUE(MID(L4,3,4))-$F$22)))+$G$22 | M9: =$D$22+(1-$D$22)/(1+EXP(-$E$22*(VALUE(MID(M4,3,4))-$F$22)))+$G$22 | N9: =$D$22+(1-$D$22)/(1+EXP(-$E$22*(VALUE(MID(N4,3,4))-$F$22)))+$G$22 | P9: 0.59826775 | Q9: =P9-J9
A11: ■ C. ARB 복합제 중 ARB+CCB+DU 비율 [2018~25 : UBIST 실측 | 2026~30 : 상한고정(로지스틱, 상한 11.5%)]
A12: ARB+CCB+DU 복합제 비율 | B12: 0.044854934 | C12: 0.057894343 | D12: 0.07271715 | E12: 0.081059308 | F12: 0.091581319 | G12: 0.098549952 | H12: 0.10175936 | I12: 0.10537134 | J12: =$D$23/(1+EXP(-$E$23*(VALUE(MID(J4,3,4))-$F$23)))+$G$23 | K12: =$D$23/(1+EXP(-$E$23*(VALUE(MID(K4,3,4))-$F$23)))+$G$23 | L12: =$D$23/(1+EXP(-$E$23*(VALUE(MID(L4,3,4))-$F$23)))+$G$23 | M12: =$D$23/(1+EXP(-$E$23*(VALUE(MID(M4,3,4))-$F$23)))+$G$23 | N12: =$D$23/(1+EXP(-$E$23*(VALUE(MID(N4,3,4))-$F$23)))+$G$23 | P12: 0.11408274 | Q12: =P12-J12
A14: ■ D. ARB+CCB+DU 복합제 처방량 : [ARB 처방량 (A) × ARB복합제비율 (B) x ARB+CCB+DU비율(C)]
A15: ▶ ARB+CCB+DU 복합제 처방량 | B15: 56045520 | C15: 76595800 | D15: 1.0174421e+08 | E15: =원본_월별!N36+원본_월별!N51 | F15: =원본_월별!N37+원본_월별!N52 | G15: =원본_월별!N38+원본_월별!N53 | H15: =원본_월별!N39+원본_월별!N54 | I15: =원본_월별!N40+원본_월별!N55 | J15: =J6*J9*J12 | K15: =K6*K9*K12 | L15: =L6*L9*L12 | M15: =M6*M9*M12 | N15: =N6*N9*N12 | P15: 52859760 | Q15: 1.1081194
I16: =I15/H15-1 | J16: =J15/I15-1 | K16: =K15/J15-1 | L16: =L15/K15-1 | M16: =M15/L15-1 | N16: =N15/M15-1
A17: [참고] 전체 ARB 시장 중 ARB+CCB+DU 복합제 비율: [ARB+CCB+DU 복합제 처방량 (D) ÷ ARB 처방량 (A)]
B18: =B15/B6 | C18: =C15/C6 | D18: =D15/D6 | E18: =E15/E6 | F18: =F15/F6 | G18: =G15/G6 | H18: =H15/H6 | I18: =I15/I6 | ... N18: =N15/N6 | P18: 320409135 | Q18: 1.028
B20: ★ 주요 파라미터 (분석 구간: 2018~2025년 실측 기준)
B21: 구분 | C21: 유형 | D21: floor / L | E21: k | F21: x0 | G21: anchor | H21: 설명 및 비고
B22: ARB 복합제 비율 | C22: 하한형 | D22: 0.5935 | E22: -0.2979 | F22: 2006.4 | G22: 7e-05 | H22: 2018-2025 실측치에 하한 있는 S자 곡선(로지스틱)을 맞춰 산출, 자동 산출값 그대로 사용(고정값). ※ floor 조정 시 anchor 재검토 필요
B23: ARB+CCB+DU 복합제 비율 | C23: 상한형 | D23: 0.115 | E23: 0.489 | F23: 2018.8 | G23: 0.0024035 | H23: 2018-2025 실측치에 상한 있는 S자 곡선(로지스틱)을 맞춰 산출, anchor는 FY26 1분기 실측(11.41%)에 맞춰 수동 재보정(고정값). ※ L 조정 시 anchor 재검토 필요
B25: ★ 추정 산출 흐름 (① curve_fit 모수 추정 → ② S-curve 곡선식 적용 → ③ anchor 보정)
B26: 단계 | C26: 연산 과정 | E26: 개념 및 설명
B27: S1. 모수 추정 (curve_fit) | C27: floor(또는 L), k, x0 동시 추정 (비선형 최소자승) | E27: 실측 데이터에 가장 잘 맞는 곡선의 하한(또는 상한)·기울기·중심연도를 컴퓨터가 한 번에 자동 산출
B28: S2. 곡선식 적용 (상한형) | C28: p(t) = L ÷ (1+EXP(−k×(t−x0))) | E28: t(연도)가 커질수록 상한(L)에 아래에서 위로 수렴
B29: S2. 곡선식 적용 (하한형) | C29: p(t) = floor + (1−floor)÷(1+EXP(−k×(t−x0))) | E29: t(연도)가 커질수록 하한(floor)에 위에서 아래로 수렴
B30: S3. anchor 보정 | C30: 최종 p(t) = ②값 + anchor | E30: ②에서 산출한 곡선값을 최신 실측 시점에 정확히 맞도록 미세 보정
B31: [예시] FY2026 ARB+CCB+DU 비율(상한형): 0.115÷(1+EXP(−0.489×(2026−2018.8)))+0.00240 = 11.41% | FY2026 ARB 복합제 비율(하한형): 0.5935+(1−0.5935)÷(1+EXP(−(−0.2979)×(2026−2006.4)))+0.00007 = 59.48%
A33: ※ 출처 : UBIST(2018~2025), BI 자체 추정
A34: ※ 범례
A35: · 외부 입력 데이터: 청색(Blue) 표기
A36: · 예측 변수(또는 예측치): 녹색(Green) 표기
A37: · 최종 산출 결과: 황색(Yellow) 음영 행

Sheet 근거_SVK HCT처방량
A1: SVK HCT 처방량 산출 : UBIST 데이터 기반 추정
B3: ◀ 실측 (UBIST MS, FY18~25) | J3: 예측 ▶
A4: 구분 / 회계연도 ▶ | B4: FY2018 | C4: FY2019 | D4: FY2020 | E4: FY2021 | F4: FY2022 | G4: FY2023 | H4: FY2024 | I4: FY2025 | J4: FY2026 | K4: FY2027 | L4: FY2028 | M4: FY2029 | N4: FY2030 | P4: FY26 1분기
A5: ■ A. ARB+CCB+DU복합제 처방량 [근거_ARB+CCB+DU복합제 처방량 참조]
A6: ARB+CCB+DU복합제 처방량 (시장) | B6: ='근거_ARB+CCB+DU복합제처방량'!B15 | C6: ='근거_ARB+CCB+DU복합제처방량'!C15 | D6: ='근거_ARB+CCB+DU복합제처방량'!D15 | E6: ='근거_ARB+CCB+DU복합제처방량'!E15 | F6: ='근거_ARB+CCB+DU복합제처방량'!F15 | G6: ='근거_ARB+CCB+DU복합제처방량'!G15 | H6: ='근거_ARB+CCB+DU복합제처방량'!H15 | I6: ='근거_ARB+CCB+DU복합제처방량'!I15 | ... N6: ='근거_ARB+CCB+DU복합제처방량'!N15
A8: ■ B. ARB+CCB+DU복합제 HP:GP 비율 : [2018~25 : UBIST 실측 | 2026~30 : FY2024Q3(peak) 이후 분기 기반 로지스틱 회귀, 하한 고정(22.0%)]
A9: HP비율 | B9: 0.35033633 | C9: 0.30655767 | D9: 0.25695488 | E9: =원본_월별!N36/(원본_월별!N36+원본_월별!N51) | F9: =원본_월별!N37/(원본_월별!N37+원본_월별!N52) | G9: =원본_월별!N38/(원본_월별!N38+원본_월별!N53) | H9: =원본_월별!N39/(원본_월별!N39+원본_월별!N54) | I9: =원본_월별!N40/(원본_월별!N40+원본_월별!N55) | J9: =AVERAGE(B66:E66) | K9: =AVERAGE(F66:I66) | L9: =AVERAGE(J66:M66) | M9: =AVERAGE(N66:Q66) | N9: =AVERAGE(R66:U66) | P9: =원본_월별!V289 | Q9: =P9-J9
A10: GP비율 | B10: 0.64966367 | C10: 0.69344233 | D10: 0.74304512 | E10: =1-E9 | F10: =1-F9 | G10: =1-G9 | H10: =1-H9 | I10: =1-I9 | J10: =1-J9 | K10: =1-K9 | L10: =1-L9 | ... N10: =1-N9 | P10: =1-P9 | Q10: =P10-J10
A11: HP성장률 | C11: =(C$6*C9)/(B$6*B9)-1 | D11: =(D$6*D9)/(C$6*C9)-1 | E11: =(E$6*E9)/(D$6*D9)-1 | F11: =(F$6*F9)/(E$6*E9)-1 | G11: =(G$6*G9)/(F$6*F9)-1 | H11: =(H$6*H9)/(G$6*G9)-1 | I11: =(I$6*I9)/(H$6*H9)-1 | J11: =(J$6*J9)/(I$6*I9)-1 | ... N11: =(N$6*N9)/(M$6*M9)-1
A12: GP성장률 | C12: =(C$6*C10)/(B$6*B10)-1 | D12: =(D$6*D10)/(C$6*C10)-1 | E12: =(E$6*E10)/(D$6*D10)-1 | F12: =(F$6*F10)/(E$6*E10)-1 | G12: =(G$6*G10)/(F$6*F10)-1 | H12: =(H$6*H10)/(G$6*G10)-1 | I12: =(I$6*I10)/(H$6*H10)-1 | J12: =(J$6*J10)/(I$6*I10)-1 | ... N12: =(N$6*N10)/(M$6*M10)-1
A14: ■ C. HP내 SVK HCT MS : [2018~25 : UBIST 실측 | 2026~30 : Olmesartan 비율=하한고정(로지스틱, 하한 47.0%), Original 비율=분기실측 기반 FY2020Q1~ 자동확장 직접선형회귀]
A15: Olmesartan MS | B15: 0.88632325 | C15: 0.79044332 | D15: 0.69758354 | E15: =원본_월별!N67/원본_월별!N36 | F15: =원본_월별!N68/원본_월별!N37 | G15: =원본_월별!N69/원본_월별!N38 | H15: =원본_월별!N70/원본_월별!N39 | I15: =원본_월별!N71/원본_월별!N40 | J15: =AVERAGE(B67:E67) | K15: =AVERAGE(F67:I67) | L15: =AVERAGE(J67:M67) | M15: =AVERAGE(N67:Q67) | N15: =AVERAGE(R67:U67) | P15: =원본_월별!V290 | Q15: =P15-J15
A16: Original 비율 | B16: 1 | C16: 0.99651363 | D16: 0.98969879 | E16: =원본_월별!N98/원본_월별!N67 | F16: =원본_월별!N99/원본_월별!N68 | G16: =원본_월별!N100/원본_월별!N69 | H16: =원본_월별!N101/원본_월별!N70 | I16: =원본_월별!N102/원본_월별!N71 | J16: =AVERAGE(B68:E68) | K16: =AVERAGE(F68:I68) | L16: =AVERAGE(J68:M68) | M16: =AVERAGE(N68:Q68) | N16: =AVERAGE(R68:U68) | P16: =원본_월별!V291 | Q16: =P16-J16
A17: HP내 SVK HCT MS | B17: =B15*B16 | C17: =C15*C16 | D17: =D15*D16 | E17: =E15*E16 | F17: =F15*F16 | G17: =G15*G16 | H17: =H15*H16 | I17: =I15*I16 | ... N17: =N15*N16 | P17: =P15*P16 | Q17: =P17-J17
A19: ■ D. GP내 SVK HCT MS : [2018~25 : UBIST 실측 | 2026~30 : Olmesartan=분기실측 기반 floor고정(37.9%, 판단치) 로지스틱회귀(자동연동), Original=분기실측 기반 FY2019Q1~ 자동확장 로짓 변환 회귀]
A20: Olmesartan MS | B20: 0.57609307 | C20: 0.50089694 | D20: 0.45280893 | E20: =원본_월별!N82/원본_월별!N51 | F20: =원본_월별!N83/원본_월별!N52 | G20: =원본_월별!N84/원본_월별!N53 | H20: =원본_월별!N85/원본_월별!N54 | I20: =원본_월별!N86/원본_월별!N55 | J20: =AVERAGE(B69:E69) | K20: =AVERAGE(F69:I69) | L20: =AVERAGE(J69:M69) | M20: =AVERAGE(N69:Q69) | N20: =AVERAGE(R69:U69) | P20: =원본_월별!V292
A21: Original 비율 | B21: 0.99975943 | C21: 0.86151369 | D21: 0.74299527 | E21: =원본_월별!N113/원본_월별!N82 | F21: =원본_월별!N114/원본_월별!N83 | G21: =원본_월별!N115/원본_월별!N84 | H21: =원본_월별!N116/원본_월별!N85 | I21: =원본_월별!N117/원본_월별!N86 | J21: =AVERAGE(B70:E70) | K21: =AVERAGE(F70:I70) | L21: =AVERAGE(J70:M70) | M21: =AVERAGE(N70:Q70) | N21: =AVERAGE(R70:U70) | P21: =원본_월별!V293
A22: GP내 SVK HCT MS | B22: =B20*B21 | C22: =C20*C21 | D22: =D20*D21 | E22: =E20*E21 | F22: =F20*F21 | G22: =G20*G21 | H22: =H20*H21 | I22: =I20*I21 | ... N22: =N20*N21 | P22: =P20*P21 | Q22: =P22-J22
A24: (전체 시장 내) Olmesartan MS | B24: =((B$6*B$9*B15)+(B$6*B$10*B20))/B$6 | C24: =((C$6*C$9*C15)+(C$6*C$10*C20))/C$6 | D24: =((D$6*D$9*D15)+(D$6*D$10*D20))/D$6 | E24: =((E$6*E$9*E15)+(E$6*E$10*E20))/E$6 | F24: =((F$6*F$9*F15)+(F$6*F$10*F20))/F$6 | G24: =((G$6*G$9*G15)+(G$6*G$10*G20))/G$6 | H24: =((H$6*H$9*H15)+(H$6*H$10*H20))/H$6 | I24: =((I$6*I$9*I15)+(I$6*I$10*I20))/I$6 | ... N24: =((N$6*N$9*N15)+(N$6*N$10*N20))/N$6
A25: (전체 시장 내) Olmesartan 中 Original MS | B25: =((B$6*B$9*B15*B16)+(B$6*B$10*B20*B21))/((B$6*B$9*B15)+(B$6*B$10*B20)) | C25: =((C$6*C$9*C15*C16)+(C$6*C$10*C20*C21))/((C$6*C$9*C15)+(C$6*C$10*C20)) | D25: =((D$6*D$9*D15*D16)+(D$6*D$10*D20*D21))/((D$6*D$9*D15)+(D$6*D$10*D20)) | E25: =((E$6*E$9*E15*E16)+(E$6*E$10*E20*E21))/((E$6*E$9*E15)+(E$6*E$10*E20)) | F25: =((F$6*F$9*F15*F16)+(F$6*F$10*F20*F21))/((F$6*F$9*F15)+(F$6*F$10*F20)) | G25: =((G$6*G$9*G15*G16)+(G$6*G$10*G20*G21))/((G$6*G$9*G15)+(G$6*G$10*G20)) | H25: =((H$6*H$9*H15*H16)+(H$6*H$10*H20*H21))/((H$6*H$9*H15)+(H$6*H$10*H20)) | I25: =((I$6*I$9*I15*I16)+(I$6*I$10*I20*I21))/((I$6*I$9*I15)+(I$6*I$10*I20)) | ... N25: =((N$6*N$9*N15*N16)+(N$6*N$10*N20*N21))/((N$6*N$9*N15)+(N$6*N$10*N20))
A26: (전체 시장 내) SVK HCT MS | B26: =B31/B6 | C26: =C31/C6 | D26: =D31/D6 | E26: =E31/E6 | F26: =F31/F6 | G26: =G31/G6 | H26: =H31/H6 | I26: =I31/I6 | ... N26: =N31/N6
A28: ■ E. SVK HCT 처방량 : [ARB+CCB+DU 복합제 처방량 (A) × HPorGP비율(B) x SVK HCT MS(C or D)]
A29: SVK HCT HP 처방량 | B29: 17402764 | C29: 18495715 | D29: 18049527 | E29: =원본_월별!N98 | F29: =원본_월별!N99 | G29: =원본_월별!N100 | H29: =원본_월별!N101 | I29: =원본_월별!N102 | J29: =J6*J9*J17 | K29: =K6*K9*K17 | L29: =L6*L9*L17 | M29: =M6*M9*M17 | N29: =N6*N9*N17 | P29: =원본_월별!V287
A30: SVK HCT GP 처방량 | B30: 20970928 | C30: 22920594 | D30: 25434659 | E30: =원본_월별!N113 | F30: =원본_월별!N114 | G30: =원본_월별!N115 | H30: =원본_월별!N116 | I30: =원본_월별!N117 | J30: =J6*J10*J22 | K30: =K6*K10*K22 | L30: =L6*L10*L22 | M30: =M6*M10*M22 | N30: =N6*N10*N22 | P30: =원본_월별!V288
A31: ▶ SVK HCT 처방량 | B31: =B29+B30 | C31: =C29+C30 | D31: =D29+D30 | E31: =E29+E30 | F31: =F29+F30 | G31: =G29+G30 | H31: =H29+H30 | I31: =I29+I30 | ... N31: =N29+N30 | P31: =P29+P30 | Q31: 1.0156681
B33: ★ 주요 파라미터 (분석 구간: 2018~2025년 실측 기준, 계열별 방식 상이) — 분기 원자료·FY26 1분기는 원본_월별 ■I 분기 집계에 자동 연동
B34: 구분 | C34: 산출 방식 | D34: floor | E34: slope(k) | F34: intercept(x0) | G34: anchor | H34: 예측 로직 | J34: 비고
B35: HP:GP 비율 | C35: 로지스틱(하한 판단고정 22.0%) + 분기회귀 | D35: 0.22 | E35: =SLOPE($R$59:INDEX($R$59:$CZ$59,COUNTA($R$59:$CZ$59)),$R$57:INDEX($R$57:$CZ$57,COUNTA($R$57:$CZ$57))) | F35: =INTERCEPT($R$59:INDEX($R$59:$CZ$59,COUNTA($R$59:$CZ$59)),$R$57:INDEX($R$57:$CZ$57,COUNTA($R$57:$CZ$57))) | G35: =INDEX($C$59:$CZ$59,COUNTA($C$59:$CZ$59))-(E35*INDEX($C$57:$CZ$57,COUNTA($C$57:$CZ$57))+F35) | H35: FY26=실측 1분기+예측 3분기 평균, FY27-30=예측 4분기 평균 | J35: FY2024Q3(peak) 이후 7분기, p=0.00017·R²=0.953
B36: Olmesartan MS (HP) | C36: 로지스틱(하한 47.03%) curve_fit | D36: 0.4703 | E36: -0.5269 | F36: 2019.9 | G36: -0.0030596296 | H36: FY26=실측 1분기+예측 3분기 평균, FY27-30=예측 4분기 평균 | J36: 2018-2025 실측 자유적합, SE(floor)=±4.00%p
B37: Original 비율 (HP) | C37: 직접선형회귀 (로짓변환 미사용) | E37: =SLOPE($J$60:INDEX($J$60:$CZ$60,COUNTA($J$60:$CZ$60)),$J$54:INDEX($J$54:$CZ$54,COUNTA($J$54:$CZ$54))) | F37: =INTERCEPT($J$60:INDEX($J$60:$CZ$60,COUNTA($J$60:$CZ$60)),$J$54:INDEX($J$54:$CZ$54,COUNTA($J$54:$CZ$54))) | G37: =INDEX($B$60:$CZ$60,COUNTA($B$60:$CZ$60))-(E37*INDEX($B$54:$CZ$54,COUNTA($B$54:$CZ$54))+F37) | H37: FY26=실측 1분기+예측 3분기 평균, FY27-30=예측 4분기 평균 | J37: 로짓변환 시 인위적 가속 확인되어 직접선형 유지, 장기외삽 주의
B38: Olmesartan MS (GP) | C38: 로지스틱(하한 판단고정 37.9%) + 최근5분기 회귀 | D38: 0.379 | E38: =SLOPE(INDEX($B$61:$CZ$61,COUNTA($B$61:$CZ$61)-4):INDEX($B$61:$CZ$61,COUNTA($B$61:$CZ$61)),INDEX($B$54:$CZ$54,COUNTA($B$54:$CZ$54)-4):INDEX($B$54:$CZ$54,COUNTA($B$54:$CZ$54))) | F38: =INTERCEPT(INDEX($B$61:$CZ$61,COUNTA($B$61:$CZ$61)-4):INDEX($B$61:$CZ$61,COUNTA($B$61:$CZ$61)),INDEX($B$54:$CZ$54,COUNTA($B$54:$CZ$54)-4):INDEX($B$54:$CZ$54,COUNTA($B$54:$CZ$54))) | H38: FY26=실측 1분기+예측 3분기 평균, FY27-30=FY26 4분기 예측값 고정(flat) | J38: 무기한 하락 비현실적이라 FY26 Q4 수준에서 고정
B39: Original 비율 (GP) | C39: 로짓 변환 회귀 (최근구간만 사용) | E39: =SLOPE($V$62:INDEX($V$62:$CZ$62,COUNTA($V$62:$CZ$62)),$V$54:INDEX($V$54:$CZ$54,COUNTA($V$54:$CZ$54))) | F39: =INTERCEPT($V$62:INDEX($V$62:$CZ$62,COUNTA($V$62:$CZ$62)),$V$54:INDEX($V$54:$CZ$54,COUNTA($V$54:$CZ$54))) | G39: =INDEX($B$62:$CZ$62,COUNTA($B$62:$CZ$62))-(E39*INDEX($B$54:$CZ$54,COUNTA($B$54:$CZ$54))+F39) | H39: FY26=실측 1분기+예측 3분기 평균, FY27-30=예측 4분기 평균 | J39: FY2023Q1~ 자동확장, 전체기간 사용시 초기급락 왜곡 확인되어 최근구간만 사용
A41: ★ 추정 산출 흐름 — 계열마다 곡선식이 달라 아래 3가지 유형으로 구분
B42: 유형 | C42: 적용 계열 | D42: 곡선식 | E42: 설명
B43: ① 로지스틱(하한) | C43: HP:GP비율, Olmesartan MS(HP,GP) | D43: p(t) = floor + (1−floor)÷(1+EXP(−(slope×t+intercept[+anchor]))) | E43: floor는 판단 고정값 또는 curve_fit 산출값, slope·intercept는 분기 회귀로 산출
B44: ② 직접선형회귀 | C44: Original 비율(HP) | D44: p(t) = (slope×t + intercept + anchor) ÷ 100 | E44: 로짓변환 없이 %p 단위로 바로 선형회귀 (로짓변환 시 왜곡 발생 확인되어 미사용)
B45: ③ 로짓 변환 회귀 | C45: Original 비율(GP) | D45: p(t) = EXP(slope×t+intercept+anchor) ÷ (1+EXP(slope×t+intercept+anchor)) | E45: 표준 로짓변환 회귀 + anchor는 로짓(z) 공간에서 최신 실측에 보정
B46: [분기평균] 모든 계열이 회귀식 하나로 연도값을 바로 내지 않고, 4개 분기(FY+0/0.25/0.5/0.75)를 각각 계산해 평균 — FY26은 1분기 실측을 그대로 쓰고 2~4분기만 예측해서 평균, FY27~30은 4개 분기 모두 예측해서 평균 (Olmesartan MS(GP)만 FY27 이후 4분기째 예측값에서 고정)
A48: ★ [부록] 분기 원자료 (5개 계열 자동확장 회귀용, FY2018Q1~FY2026Q1)
A49: 항목 / FY분기 ▶ | B49: FY2018Q1 | C49: FY2018Q2 | D49: FY2018Q3 | E49: FY2018Q4 | F49: FY2019Q1 | G49: FY2019Q2 | H49: FY2019Q3 | I49: FY2019Q4 | J49: FY2020Q1 | K49: FY2020Q2 | L49: FY2020Q3 | M49: FY2020Q4 | N49: FY2021Q1 | O49: FY2021Q2 | P49: FY2021Q3 | Q49: FY2021Q4 | R49: FY2022Q1 | S49: FY2022Q2 | T49: FY2022Q3 | U49: FY2022Q4 | V49: FY2023Q1 | W49: FY2023Q2 | X49: FY2023Q3 | Y49: FY2023Q4 | Z49: FY2024Q1 | AA49: FY2024Q2 | AB49: FY2024Q3 | AC49: FY2024Q4 | AD49: FY2025Q1 | AE49: FY2025Q2 | AF49: FY2025Q3 | AG49: FY2025Q4 | AH49: FY2026Q1
A50: HP olmesartan | B50: 0.94102192 | C50: 0.90297096 | D50: 0.87470474 | E50: 0.83460627 | F50: 0.82615329 | G50: 0.81388947 | H50: 0.77237559 | I50: 0.75161463 | J50: 0.71388032 | K50: 0.70569863 | L50: 0.68628645 | M50: 0.68616615 | N50: =원본_월별!B290 | O50: =원본_월별!C290 | P50: =원본_월별!D290 | Q50: =원본_월별!E290 | R50: =원본_월별!F290 | S50: =원본_월별!G290 | T50: =원본_월별!H290 | U50: =원본_월별!I290 | ... AH50: =원본_월별!V290
A51: HP olmesartan 내 Original 비율 | B51: 1 | C51: 1 | D51: 1 | E51: 1 | F51: 0.99824773 | G51: 0.99716411 | H51: 0.99550769 | I51: 0.99504076 | J51: 0.99555519 | K51: 0.99486389 | L51: 0.98629669 | M51: 0.9825649 | N51: =원본_월별!B291 | O51: =원본_월별!C291 | P51: =원본_월별!D291 | Q51: =원본_월별!E291 | R51: =원본_월별!F291 | S51: =원본_월별!G291 | T51: =원본_월별!H291 | U51: =원본_월별!I291 | ... AH51: =원본_월별!V291
A52: GP olmesartan | B52: 0.62159812 | C52: 0.59076911 | D52: 0.56968974 | E52: 0.53429174 | F52: 0.53351028 | G52: 0.53414821 | H52: 0.49747405 | I52: 0.4559287 | J52: 0.45292475 | K52: 0.45517302 | L52: 0.45133453 | M52: 0.45189929 | N52: =원본_월별!B292 | O52: =원본_월별!C292 | P52: =원본_월별!D292 | Q52: =원본_월별!E292 | R52: =원본_월별!F292 | S52: =원본_월별!G292 | T52: =원본_월별!H292 | U52: =원본_월별!I292 | ... AH52: =원본_월별!V292
A53: GP olmesartan 내 Original 비율 | B53: 1 | C53: 1 | D53: 1 | E53: 0.99907793 | F53: 0.93664151 | G53: 0.887213 | H53: 0.83862895 | I53: 0.79758706 | J53: 0.76647353 | K53: 0.75135051 | L53: 0.73726387 | M53: 0.71985987 | N53: =원본_월별!B293 | O53: =원본_월별!C293 | P53: =원본_월별!D293 | Q53: =원본_월별!E293 | R53: =원본_월별!F293 | S53: =원본_월별!G293 | T53: =원본_월별!H293 | U53: =원본_월별!I293 | ... AH53: =원본_월별!V293
A54: 분기 index(회귀용, FY+0.00/0.25/0.50/0.75) | B54: 2018 | C54: 2018.25 | D54: 2018.5 | E54: 2018.75 | F54: 2019 | G54: 2019.25 | H54: 2019.5 | I54: 2019.75 | J54: 2020 | K54: 2020.25 | L54: 2020.5 | M54: 2020.75 | N54: 2021 | O54: 2021.25 | P54: 2021.5 | Q54: 2021.75 | R54: 2022 | S54: 2022.25 | T54: 2022.5 | U54: 2022.75 | V54: 2023 | W54: 2023.25 | X54: 2023.5 | Y54: 2023.75 | Z54: 2024 | AA54: 2024.25 | AB54: 2024.5 | AC54: 2024.75 | AD54: 2025 | AE54: 2025.25 | AF54: 2025.5 | AG54: 2025.75 | AH54: 2026
A56: (참고) FY분기 라벨 | C56: FY2020Q4 | D56: FY2021Q1 | E56: FY2021Q2 | F56: FY2021Q3 | G56: FY2021Q4 | H56: FY2022Q1 | I56: FY2022Q2 | J56: FY2022Q3 | K56: FY2022Q4 | L56: FY2023Q1 | M56: FY2023Q2 | N56: FY2023Q3 | O56: FY2023Q4 | P56: FY2024Q1 | Q56: FY2024Q2 | R56: FY2024Q3 | S56: FY2024Q4 | T56: FY2025Q1 | U56: FY2025Q2 | V56: FY2025Q3 | W56: FY2025Q4 | X56: FY2026Q1
A57: FY분기 index(HP:GP 비율용) | C57: 2020.75 | D57: 2021 | E57: 2021.25 | F57: 2021.5 | G57: 2021.75 | H57: 2022 | I57: 2022.25 | J57: 2022.5 | K57: 2022.75 | L57: 2023 | M57: 2023.25 | N57: 2023.5 | O57: 2023.75 | P57: 2024 | Q57: 2024.25 | R57: 2024.5 | S57: 2024.75 | T57: 2025 | U57: 2025.25 | V57: 2025.5 | W57: 2025.75 | X57: 2026
A58: HP:GP 비율(HP) 분기실측 | C58: 0.253304 | D58: =원본_월별!B289 | E58: =원본_월별!C289 | F58: =원본_월별!D289 | G58: =원본_월별!E289 | H58: =원본_월별!F289 | I58: =원본_월별!G289 | J58: =원본_월별!H289 | K58: =원본_월별!I289 | ... X58: =원본_월별!V289
A59: logit(floor=0.22 고정) 변환값 = LN((y-floor)/(1-y)) | C59: =IFERROR(LN((C58-$D$35)/(1-C58)),"") | D59: =IFERROR(LN((D58-$D$35)/(1-D58)),"") | E59: =IFERROR(LN((E58-$D$35)/(1-E58)),"") | F59: =IFERROR(LN((F58-$D$35)/(1-F58)),"") | G59: =IFERROR(LN((G58-$D$35)/(1-G58)),"") | H59: =IFERROR(LN((H58-$D$35)/(1-H58)),"") | I59: =IFERROR(LN((I58-$D$35)/(1-I58)),"") | J59: =IFERROR(LN((J58-$D$35)/(1-J58)),"") | ... X59: =IFERROR(LN((X58-$D$35)/(1-X58)),"")
A60: Original비율(HP) x100 (직접선형회귀용) | B60: =B51*100 | C60: =C51*100 | D60: =D51*100 | E60: =E51*100 | F60: =F51*100 | G60: =G51*100 | H60: =H51*100 | I60: =I51*100 | ... AH60: =AH51*100
A61: Olmesartan(GP) logit(floor=0.379 고정) 변환값 = LN((y-floor)/(1-y)) | B61: =LN((B52-0.379)/(1-B52)) | C61: =LN((C52-0.379)/(1-C52)) | D61: =LN((D52-0.379)/(1-D52)) | E61: =LN((E52-0.379)/(1-E52)) | F61: =LN((F52-0.379)/(1-F52)) | G61: =LN((G52-0.379)/(1-G52)) | H61: =LN((H52-0.379)/(1-H52)) | I61: =LN((I52-0.379)/(1-I52)) | ... AH61: =LN((AH52-0.379)/(1-AH52))
A62: Original비율(GP) logit 변환값 = LN(y/(1-y)) | B62: =IFERROR(LN(B53/(1-B53)),"") | C62: =IFERROR(LN(C53/(1-C53)),"") | D62: =IFERROR(LN(D53/(1-D53)),"") | E62: =IFERROR(LN(E53/(1-E53)),"") | F62: =IFERROR(LN(F53/(1-F53)),"") | G62: =IFERROR(LN(G53/(1-G53)),"") | H62: =IFERROR(LN(H53/(1-H53)),"") | I62: =IFERROR(LN(I53/(1-I53)),"") | ... AH62: =IFERROR(LN(AH53/(1-AH53)),"")
A64: ★ [부록] 분기별 예측 스테이징 (FY2026~2030, 각 4분기 — J:N 예측셀은 이 4개 평균)
A65: 구분 / 분기 ▶ | B65: FY2026Q1 | C65: FY2026Q2 | D65: FY2026Q3 | E65: FY2026Q4 | F65: FY2027Q1 | G65: FY2027Q2 | H65: FY2027Q3 | I65: FY2027Q4 | J65: FY2028Q1 | K65: FY2028Q2 | L65: FY2028Q3 | M65: FY2028Q4 | N65: FY2029Q1 | O65: FY2029Q2 | P65: FY2029Q3 | Q65: FY2029Q4 | R65: FY2030Q1 | S65: FY2030Q2 | T65: FY2030Q3 | U65: FY2030Q4
A66: HP:GP 비율 | B66: =원본_월별!V289 | C66: =($D$35+EXP(($E$35*(2026+0.25)+$F$35+$G$35)))/(1+EXP(($E$35*(2026+0.25)+$F$35+$G$35))) | D66: =($D$35+EXP(($E$35*(2026+0.5)+$F$35+$G$35)))/(1+EXP(($E$35*(2026+0.5)+$F$35+$G$35))) | E66: =($D$35+EXP(($E$35*(2026+0.75)+$F$35+$G$35)))/(1+EXP(($E$35*(2026+0.75)+$F$35+$G$35))) | F66: =($D$35+EXP(($E$35*(2027+0)+$F$35+$G$35)))/(1+EXP(($E$35*(2027+0)+$F$35+$G$35))) | G66: =($D$35+EXP(($E$35*(2027+0.25)+$F$35+$G$35)))/(1+EXP(($E$35*(2027+0.25)+$F$35+$G$35))) | H66: =($D$35+EXP(($E$35*(2027+0.5)+$F$35+$G$35)))/(1+EXP(($E$35*(2027+0.5)+$F$35+$G$35))) | I66: =($D$35+EXP(($E$35*(2027+0.75)+$F$35+$G$35)))/(1+EXP(($E$35*(2027+0.75)+$F$35+$G$35))) | J66: =($D$35+EXP(($E$35*(2028+0)+$F$35+$G$35)))/(1+EXP(($E$35*(2028+0)+$F$35+$G$35))) | K66: =($D$35+EXP(($E$35*(2028+0.25)+$F$35+$G$35)))/(1+EXP(($E$35*(2028+0.25)+$F$35+$G$35))) | L66: =($D$35+EXP(($E$35*(2028+0.5)+$F$35+$G$35)))/(1+EXP(($E$35*(2028+0.5)+$F$35+$G$35))) | M66: =($D$35+EXP(($E$35*(2028+0.75)+$F$35+$G$35)))/(1+EXP(($E$35*(2028+0.75)+$F$35+$G$35))) | N66: =($D$35+EXP(($E$35*(2029+0)+$F$35+$G$35)))/(1+EXP(($E$35*(2029+0)+$F$35+$G$35))) | O66: =($D$35+EXP(($E$35*(2029+0.25)+$F$35+$G$35)))/(1+EXP(($E$35*(2029+0.25)+$F$35+$G$35))) | P66: =($D$35+EXP(($E$35*(2029+0.5)+$F$35+$G$35)))/(1+EXP(($E$35*(2029+0.5)+$F$35+$G$35))) | Q66: =($D$35+EXP(($E$35*(2029+0.75)+$F$35+$G$35)))/(1+EXP(($E$35*(2029+0.75)+$F$35+$G$35))) | R66: =($D$35+EXP(($E$35*(2030+0)+$F$35+$G$35)))/(1+EXP(($E$35*(2030+0)+$F$35+$G$35))) | S66: =($D$35+EXP(($E$35*(2030+0.25)+$F$35+$G$35)))/(1+EXP(($E$35*(2030+0.25)+$F$35+$G$35))) | T66: =($D$35+EXP(($E$35*(2030+0.5)+$F$35+$G$35)))/(1+EXP(($E$35*(2030+0.5)+$F$35+$G$35))) | U66: =($D$35+EXP(($E$35*(2030+0.75)+$F$35+$G$35)))/(1+EXP(($E$35*(2030+0.75)+$F$35+$G$35)))
A67: Olmesartan MS (HP) | B67: =원본_월별!V290 | C67: =$D$36+(1-$D$36)/(1+EXP(-$E$36*((2026+0.25)-$F$36)))+$G$36 | D67: =$D$36+(1-$D$36)/(1+EXP(-$E$36*((2026+0.5)-$F$36)))+$G$36 | E67: =$D$36+(1-$D$36)/(1+EXP(-$E$36*((2026+0.75)-$F$36)))+$G$36 | F67: =$D$36+(1-$D$36)/(1+EXP(-$E$36*((2027+0)-$F$36)))+$G$36 | G67: =$D$36+(1-$D$36)/(1+EXP(-$E$36*((2027+0.25)-$F$36)))+$G$36 | H67: =$D$36+(1-$D$36)/(1+EXP(-$E$36*((2027+0.5)-$F$36)))+$G$36 | I67: =$D$36+(1-$D$36)/(1+EXP(-$E$36*((2027+0.75)-$F$36)))+$G$36 | J67: =$D$36+(1-$D$36)/(1+EXP(-$E$36*((2028+0)-$F$36)))+$G$36 | K67: =$D$36+(1-$D$36)/(1+EXP(-$E$36*((2028+0.25)-$F$36)))+$G$36 | L67: =$D$36+(1-$D$36)/(1+EXP(-$E$36*((2028+0.5)-$F$36)))+$G$36 | M67: =$D$36+(1-$D$36)/(1+EXP(-$E$36*((2028+0.75)-$F$36)))+$G$36 | N67: =$D$36+(1-$D$36)/(1+EXP(-$E$36*((2029+0)-$F$36)))+$G$36 | O67: =$D$36+(1-$D$36)/(1+EXP(-$E$36*((2029+0.25)-$F$36)))+$G$36 | P67: =$D$36+(1-$D$36)/(1+EXP(-$E$36*((2029+0.5)-$F$36)))+$G$36 | Q67: =$D$36+(1-$D$36)/(1+EXP(-$E$36*((2029+0.75)-$F$36)))+$G$36 | R67: =$D$36+(1-$D$36)/(1+EXP(-$E$36*((2030+0)-$F$36)))+$G$36 | S67: =$D$36+(1-$D$36)/(1+EXP(-$E$36*((2030+0.25)-$F$36)))+$G$36 | T67: =$D$36+(1-$D$36)/(1+EXP(-$E$36*((2030+0.5)-$F$36)))+$G$36 | U67: =$D$36+(1-$D$36)/(1+EXP(-$E$36*((2030+0.75)-$F$36)))+$G$36
A68: Original 비율 (HP) | B68: =원본_월별!V291 | C68: =($E$37*(2026+0.25)+$F$37+$G$37)/100 | D68: =($E$37*(2026+0.5)+$F$37+$G$37)/100 | E68: =($E$37*(2026+0.75)+$F$37+$G$37)/100 | F68: =($E$37*(2027+0)+$F$37+$G$37)/100 | G68: =($E$37*(2027+0.25)+$F$37+$G$37)/100 | H68: =($E$37*(2027+0.5)+$F$37+$G$37)/100 | I68: =($E$37*(2027+0.75)+$F$37+$G$37)/100 | J68: =($E$37*(2028+0)+$F$37+$G$37)/100 | K68: =($E$37*(2028+0.25)+$F$37+$G$37)/100 | L68: =($E$37*(2028+0.5)+$F$37+$G$37)/100 | M68: =($E$37*(2028+0.75)+$F$37+$G$37)/100 | N68: =($E$37*(2029+0)+$F$37+$G$37)/100 | O68: =($E$37*(2029+0.25)+$F$37+$G$37)/100 | P68: =($E$37*(2029+0.5)+$F$37+$G$37)/100 | Q68: =($E$37*(2029+0.75)+$F$37+$G$37)/100 | R68: =($E$37*(2030+0)+$F$37+$G$37)/100 | S68: =($E$37*(2030+0.25)+$F$37+$G$37)/100 | T68: =($E$37*(2030+0.5)+$F$37+$G$37)/100 | U68: =($E$37*(2030+0.75)+$F$37+$G$37)/100
A69: Olmesartan MS (GP) | B69: =원본_월별!V292 | C69: =$D$38+(1-$D$38)/(1+EXP(-($E$38*(2026+0.25)+$F$38))) | D69: =$D$38+(1-$D$38)/(1+EXP(-($E$38*(2026+0.5)+$F$38))) | E69: =$D$38+(1-$D$38)/(1+EXP(-($E$38*(2026+0.75)+$F$38))) | F69: =E69 | G69: =F69 | H69: =G69 | I69: =H69 | J69: =I69 | K69: =J69 | L69: =K69 | M69: =L69 | ... U69: =T69
A70: Original 비율 (GP) | B70: =원본_월별!V293 | C70: =EXP(($E$39*(2026+0.25)+$F$39+$G$39))/(1+EXP(($E$39*(2026+0.25)+$F$39+$G$39))) | D70: =EXP(($E$39*(2026+0.5)+$F$39+$G$39))/(1+EXP(($E$39*(2026+0.5)+$F$39+$G$39))) | E70: =EXP(($E$39*(2026+0.75)+$F$39+$G$39))/(1+EXP(($E$39*(2026+0.75)+$F$39+$G$39))) | F70: =EXP(($E$39*(2027+0)+$F$39+$G$39))/(1+EXP(($E$39*(2027+0)+$F$39+$G$39))) | G70: =EXP(($E$39*(2027+0.25)+$F$39+$G$39))/(1+EXP(($E$39*(2027+0.25)+$F$39+$G$39))) | H70: =EXP(($E$39*(2027+0.5)+$F$39+$G$39))/(1+EXP(($E$39*(2027+0.5)+$F$39+$G$39))) | I70: =EXP(($E$39*(2027+0.75)+$F$39+$G$39))/(1+EXP(($E$39*(2027+0.75)+$F$39+$G$39))) | J70: =EXP(($E$39*(2028+0)+$F$39+$G$39))/(1+EXP(($E$39*(2028+0)+$F$39+$G$39))) | K70: =EXP(($E$39*(2028+0.25)+$F$39+$G$39))/(1+EXP(($E$39*(2028+0.25)+$F$39+$G$39))) | L70: =EXP(($E$39*(2028+0.5)+$F$39+$G$39))/(1+EXP(($E$39*(2028+0.5)+$F$39+$G$39))) | M70: =EXP(($E$39*(2028+0.75)+$F$39+$G$39))/(1+EXP(($E$39*(2028+0.75)+$F$39+$G$39))) | N70: =EXP(($E$39*(2029+0)+$F$39+$G$39))/(1+EXP(($E$39*(2029+0)+$F$39+$G$39))) | O70: =EXP(($E$39*(2029+0.25)+$F$39+$G$39))/(1+EXP(($E$39*(2029+0.25)+$F$39+$G$39))) | P70: =EXP(($E$39*(2029+0.5)+$F$39+$G$39))/(1+EXP(($E$39*(2029+0.5)+$F$39+$G$39))) | Q70: =EXP(($E$39*(2029+0.75)+$F$39+$G$39))/(1+EXP(($E$39*(2029+0.75)+$F$39+$G$39))) | R70: =EXP(($E$39*(2030+0)+$F$39+$G$39))/(1+EXP(($E$39*(2030+0)+$F$39+$G$39))) | S70: =EXP(($E$39*(2030+0.25)+$F$39+$G$39))/(1+EXP(($E$39*(2030+0.25)+$F$39+$G$39))) | T70: =EXP(($E$39*(2030+0.5)+$F$39+$G$39))/(1+EXP(($E$39*(2030+0.5)+$F$39+$G$39))) | U70: =EXP(($E$39*(2030+0.75)+$F$39+$G$39))/(1+EXP(($E$39*(2030+0.75)+$F$39+$G$39)))
A72: ※ 출처 : UBIST(2018~2025), BI 자체 추정
A73: ※ 범례
A74: · 외부 입력 데이터: 청색(Blue) 표기
A75: · 예측 변수(또는 예측치): 녹색(Green) 표기
A76: · 최종 산출 결과: 황색(Yellow) 음영 행

Sheet SVK HCT_MS_예측
A1: ARB 시장 구조 예측 모델 | 파라미터·예측 통합 | C1: FY기준
A2: 항목 | B2: 단위 | C2: 2018 | D2: 2019 | E2: 2020 | F2: 2021 | G2: 2022 | H2: 2023 | I2: 2024 | J2: 2025 | K2: 2026 | L2: 2027 | M2: 2028 | N2: 2029 | O2: 2030
A3: A. 전체 ARB 시장
A4: 전체 시장 | B4: 처방량 | C4: 2.0609748e+09 | D4: 2.1970222e+09 | E4: 2.3315652e+09 | F4: 2.4932969e+09 | G4: 2.6410482e+09 | H4: 2.7780287e+09 | I4: 2.9182679e+09 | J4: 3.0036776e+09 | K4: =근거_ARB처방량!R9 | L4: =근거_ARB처방량!S9 | M4: =근거_ARB처방량!T9 | N4: =근거_ARB처방량!U9 | O4: =근거_ARB처방량!V9
A6: B. ARB 처방중 단일제/복합제 비율 | 예측(2026-30): 복합제(비다중, MAIN)는 로지스틱(하한) 개별 자유적합, 단일제는 추세 비유의(p=0.337)로 8년 평균 고정, 복합제(다중)는 100%-나머지2개 잔여값. 근거: 하단 [참고] 표
A7: 단일제 | B7: % | C7: 0.35107131 | D7: 0.35163699 | E7: 0.34666846 | F7: 0.3439211 | G7: 0.34500165 | H7: 0.34828624 | I7: 0.35318282 | J7: 0.35821684 | K7: =$C$60 | L7: =$C$60 | M7: =$C$60 | N7: =$C$60 | O7: =$C$60
A8: 복합제 (심혈관 질환 다중요법 목적의 복합제제 제외) | B8: % | C8: 0.60625872 | D8: 0.60219115 | E8: 0.60010228 | F8: 0.5985175 | G8: 0.5985093 | H8: 0.59688084 | I8: 0.59468021 | J8: 0.59517313 | K8: =$C$59+(1-$C$59)/(1+EXP(-$D$59*(K$2-$E$59)))+$F$59 | L8: =$C$59+(1-$C$59)/(1+EXP(-$D$59*(L$2-$E$59)))+$F$59 | M8: =$C$59+(1-$C$59)/(1+EXP(-$D$59*(M$2-$E$59)))+$F$59 | N8: =$C$59+(1-$C$59)/(1+EXP(-$D$59*(N$2-$E$59)))+$F$59 | O8: =$C$59+(1-$C$59)/(1+EXP(-$D$59*(O$2-$E$59)))+$F$59
A9: 복합제 (심혈관 질환 다중요법 목적의 복합제제) | B9: % | C9: 0.042669966 | D9: 0.046171855 | E9: 0.053229265 | F9: 0.057561401 | G9: 0.056489055 | H9: 0.054832926 | I9: 0.052136974 | J9: 0.046610027 | K9: =1-(K7+K8) | L9: =1-(L7+L8) | M9: =1-(M7+M8) | N9: =1-(N7+N8) | O9: =1-(O7+O8)
A11: C. ARB 복합제 중 특정 조합 비율 | 예측(2026-30): ARB+CCB·ARB+CCB+DU·ARB+DU는 로지스틱(S-curve) 개별 자유적합, 기타는 100%-나머지3개 잔여값으로 산출(잔여값이 실측 기타와 최대오차 0.2%p로 근접해 타당성 확인). 근거: 하단 [참고] 표
A12: ARB+DU 복합제 | B12: % | C12: 0.32525431 | D12: 0.29403023 | E12: 0.26881837 | F12: 0.24294782 | G12: 0.21980297 | H12: 0.20416795 | I12: 0.1887998 | J12: 0.17352958 | K12: =$C$66+(1-$C$66)/(1+EXP(-$D$66*(K$2-$E$66)))+$F$66 | L12: =$C$66+(1-$C$66)/(1+EXP(-$D$66*(L$2-$E$66)))+$F$66 | M12: =$C$66+(1-$C$66)/(1+EXP(-$D$66*(M$2-$E$66)))+$F$66 | N12: =$C$66+(1-$C$66)/(1+EXP(-$D$66*(N$2-$E$66)))+$F$66 | O12: =$C$66+(1-$C$66)/(1+EXP(-$D$66*(O$2-$E$66)))+$F$66
A13: ARB+CCB 복합제 | B13: % | C13: 0.62712655 | D13: 0.64246772 | E13: 0.65001638 | F13: 0.66447148 | G13: 0.67299871 | H13: 0.67661484 | I13: 0.68380199 | J13: 0.69246354 | K13: =$C$64/(1+EXP(-$D$64*(K$2-$E$64)))+$F$64 | L13: =$C$64/(1+EXP(-$D$64*(L$2-$E$64)))+$F$64 | M13: =$C$64/(1+EXP(-$D$64*(M$2-$E$64)))+$F$64 | N13: =$C$64/(1+EXP(-$D$64*(N$2-$E$64)))+$F$64 | O13: =$C$64/(1+EXP(-$D$64*(O$2-$E$64)))+$F$64
A14: ARB+CCB+DU 복합제 | B14: % | C14: 0.044854934 | D14: 0.057894343 | E14: 0.07271715 | F14: 0.081059308 | G14: 0.091581319 | H14: 0.098549952 | I14: 0.10175936 | J14: 0.10537134 | K14: =$C$65/(1+EXP(-$D$65*(K$2-$E$65)))+$F$65 | L14: =$C$65/(1+EXP(-$D$65*(L$2-$E$65)))+$F$65 | M14: =$C$65/(1+EXP(-$D$65*(M$2-$E$65)))+$F$65 | N14: =$C$65/(1+EXP(-$D$65*(N$2-$E$65)))+$F$65 | O14: =$C$65/(1+EXP(-$D$65*(O$2-$E$65)))+$F$65
A15: 기타 복합제 | B15: % | C15: 0.0027642119 | D15: 0.0056077067 | E15: 0.0084480964 | F15: 0.011521388 | G15: 0.015617 | H15: 0.020667259 | I15: 0.025638846 | J15: 0.028635539 | K15: =1-(K12+K13+K14) | L15: =1-(L12+L13+L14) | M15: =1-(M12+M13+M14) | N15: =1-(N12+N13+N14) | O15: =1-(O12+O13+O14)
A16: 합계 확인 | B16: % | C16: =SUM(C12:C15) | D16: =SUM(D12:D15) | E16: =SUM(E12:E15) | F16: =SUM(F12:F15) | G16: =SUM(G12:G15) | H16: =SUM(H12:H15) | I16: =SUM(I12:I15) | J16: =SUM(J12:J15) | ... O16: =SUM(O12:O15)
A18: D. ARB+CCB+DU 복합제: HP/GP 비율 | 예측(2026-30): 최근5년(2021-25) 평균고정(사실상 정체). 근거: 하단 [참고] 표
A19: HP | B19: % | C19: 0.35033633 | D19: 0.30655767 | E19: 0.25695488 | F19: 0.24505992 | G19: 0.2354529 | H19: 0.24609997 | I19: 0.2474314 | J19: 0.23597099 | K19: =(INDEX($C$118:$CZ$118,COUNTA($C$118:$CZ$118))+($G$70+(1-$G$70)/(1+EXP(-($C$70*2026.25+$D$70+$F$70))))+($G$70+(1-$G$70)/(1+EXP(-($C$70*2026.5+$D$70+$F$70))))+($G$70+(1-$G$70)/(1+EXP(-($C$70*2026.75+$D$70+$F$70)))))/4 | L19: =(($G$70+(1-$G$70)/(1+EXP(-($C$70*2027+$D$70+$F$70))))+($G$70+(1-$G$70)/(1+EXP(-($C$70*2027.25+$D$70+$F$70))))+($G$70+(1-$G$70)/(1+EXP(-($C$70*2027.5+$D$70+$F$70))))+($G$70+(1-$G$70)/(1+EXP(-($C$70*2027.75+$D$70+$F$70)))))/4 | M19: =(($G$70+(1-$G$70)/(1+EXP(-($C$70*2028+$D$70+$F$70))))+($G$70+(1-$G$70)/(1+EXP(-($C$70*2028.25+$D$70+$F$70))))+($G$70+(1-$G$70)/(1+EXP(-($C$70*2028.5+$D$70+$F$70))))+($G$70+(1-$G$70)/(1+EXP(-($C$70*2028.75+$D$70+$F$70)))))/4 | N19: =(($G$70+(1-$G$70)/(1+EXP(-($C$70*2029+$D$70+$F$70))))+($G$70+(1-$G$70)/(1+EXP(-($C$70*2029.25+$D$70+$F$70))))+($G$70+(1-$G$70)/(1+EXP(-($C$70*2029.5+$D$70+$F$70))))+($G$70+(1-$G$70)/(1+EXP(-($C$70*2029.75+$D$70+$F$70)))))/4 | O19: =(($G$70+(1-$G$70)/(1+EXP(-($C$70*2030+$D$70+$F$70))))+($G$70+(1-$G$70)/(1+EXP(-($C$70*2030.25+$D$70+$F$70))))+($G$70+(1-$G$70)/(1+EXP(-($C$70*2030.5+$D$70+$F$70))))+($G$70+(1-$G$70)/(1+EXP(-($C$70*2030.75+$D$70+$F$70)))))/4
A20: GP | B20: % | C20: 0.64966367 | D20: 0.69344233 | E20: 0.74304512 | F20: 0.75494008 | G20: 0.7645471 | H20: 0.75390003 | I20: 0.7525686 | J20: 0.76402901 | K20: =1-K19 | L20: =1-L19 | M20: =1-M19 | N20: =1-N19 | O20: =1-O19
A22: E. ARB+CCB+DU 복합제 / HP/ 성분별 비율 | 예측(2026-30): olmesartan[MAIN]=로지스틱(하한), FY2026은 1분기 실측+분기 추세 블렌드로 계산방식 통일(기존 단일점 대입 방식 폐기), fimasartan=로지스틱(상한), telmisartan=선형회귀, valsartan=가정치, losartan=잔여값. 근거: 하단 [참고] 표
A23: olmesartan | B23: % | C23: 0.88632325 | D23: 0.79044332 | E23: 0.69758354 | F23: 0.6674126 | G23: 0.63582451 | H23: 0.55685985 | I23: 0.51850922 | J23: 0.50099706 | K23: =(INDEX($B$98:$CZ$98,COUNTA($B$98:$CZ$98))+($C$73+(1-$C$73)/(1+EXP(-$D$73*(K$2+0.25-$E$73)))+$F$73)+($C$73+(1-$C$73)/(1+EXP(-$D$73*(K$2+0.5-$E$73)))+$F$73)+($C$73+(1-$C$73)/(1+EXP(-$D$73*(K$2+0.75-$E$73)))+$F$73))/4 | L23: =(($C$73+(1-$C$73)/(1+EXP(-$D$73*(L$2-$E$73)))+$F$73)+($C$73+(1-$C$73)/(1+EXP(-$D$73*(L$2+0.25-$E$73)))+$F$73)+($C$73+(1-$C$73)/(1+EXP(-$D$73*(L$2+0.5-$E$73)))+$F$73)+($C$73+(1-$C$73)/(1+EXP(-$D$73*(L$2+0.75-$E$73)))+$F$73))/4 | M23: =(($C$73+(1-$C$73)/(1+EXP(-$D$73*(M$2-$E$73)))+$F$73)+($C$73+(1-$C$73)/(1+EXP(-$D$73*(M$2+0.25-$E$73)))+$F$73)+($C$73+(1-$C$73)/(1+EXP(-$D$73*(M$2+0.5-$E$73)))+$F$73)+($C$73+(1-$C$73)/(1+EXP(-$D$73*(M$2+0.75-$E$73)))+$F$73))/4 | N23: =(($C$73+(1-$C$73)/(1+EXP(-$D$73*(N$2-$E$73)))+$F$73)+($C$73+(1-$C$73)/(1+EXP(-$D$73*(N$2+0.25-$E$73)))+$F$73)+($C$73+(1-$C$73)/(1+EXP(-$D$73*(N$2+0.5-$E$73)))+$F$73)+($C$73+(1-$C$73)/(1+EXP(-$D$73*(N$2+0.75-$E$73)))+$F$73))/4 | O23: =(($C$73+(1-$C$73)/(1+EXP(-$D$73*(O$2-$E$73)))+$F$73)+($C$73+(1-$C$73)/(1+EXP(-$D$73*(O$2+0.25-$E$73)))+$F$73)+($C$73+(1-$C$73)/(1+EXP(-$D$73*(O$2+0.5-$E$73)))+$F$73)+($C$73+(1-$C$73)/(1+EXP(-$D$73*(O$2+0.75-$E$73)))+$F$73))/4 | P23: [MAIN][26~30: 로지스틱(하한 47.0%)]
A24: fimasartan | B24: % | C24: 0 | D24: 0 | E24: 0 | F24: 0 | G24: 0.045000642 | H24: 0.1501385 | I24: 0.20136216 | J24: 0.21602565 | K24: =$C$74/(1+EXP(-$D$74*(K$2-$E$74)))+$F$74 | L24: =$C$74/(1+EXP(-$D$74*(L$2-$E$74)))+$F$74 | M24: =$C$74/(1+EXP(-$D$74*(M$2-$E$74)))+$F$74 | N24: =$C$74/(1+EXP(-$D$74*(N$2-$E$74)))+$F$74 | O24: =$C$74/(1+EXP(-$D$74*(O$2-$E$74)))+$F$74 | P24: [26~30: 로지스틱(상한 21.6%)]
A25: losartan | B25: % | C25: 0.086876825 | D25: 0.16529931 | E25: 0.20288256 | F25: 0.19742301 | G25: 0.18126101 | H25: 0.16076669 | I25: 0.14956588 | J25: 0.15713461 | K25: =1-(K23+K24+K26+K27) | L25: =1-(L23+L24+L26+L27) | M25: =1-(M23+M24+M26+M27) | N25: =1-(N23+N24+N26+N27) | O25: =1-(O23+O24+O26+O27) | P25: [26~30: 잔여값]
A26: telmisartan | B26: % | C26: 0.026799926 | D26: 0.044257373 | E26: 0.099533907 | F26: 0.13516439 | G26: 0.13791384 | H26: 0.13223497 | I26: 0.13056273 | J26: 0.1258065 | K26: =$C$75*K$2+$D$75 | L26: =$C$75*L$2+$D$75 | M26: =$C$75*M$2+$D$75 | N26: =$C$75*N$2+$D$75 | O26: =$C$75*O$2+$D$75 | P26: [26~30: 선형회귀]
A27: valsartan | B27: % | C27: 0 | D27: 0 | E27: 0 | F27: 0 | G27: 0 | H27: 0 | I27: 0 | J27: 3.6178805e-05 | K27: =$C$76 | L27: =$C$76 | M27: =$C$76 | N27: =$C$76 | O27: =$C$76 | P27: [26~30: 가정치·고정]
A29: F. ARB+CCB+DU 복합제 / HP/ Olmesartan / Original:generic 비율 | 예측(2026-30): Original[MAIN]=분기실측 기반 FY2020Q1~ 자동확장 직접선형회귀 (연간(2020-25) 방식 폐기, 로짓변환 시 인위적 가속 재확인되어 직접선형 유지). 근거: 하단 [참고] 표
A30: Original | B30: % | C30: 1 | D30: 0.99651363 | E30: 0.98969879 | F30: 0.97943735 | G30: 0.97481446 | H30: 0.96902683 | I30: 0.95857066 | J30: 0.95268942 | K30: =(INDEX($B$99:$CZ$99,COUNTA($B$99:$CZ$99))+(($C$81*2026.25+$D$81+$F$81)/100)+(($C$81*2026.5+$D$81+$F$81)/100)+(($C$81*2026.75+$D$81+$F$81)/100))/4 | L30: =((($C$81*2027+$D$81+$F$81)/100)+(($C$81*2027.25+$D$81+$F$81)/100)+(($C$81*2027.5+$D$81+$F$81)/100)+(($C$81*2027.75+$D$81+$F$81)/100))/4 | M30: =((($C$81*2028+$D$81+$F$81)/100)+(($C$81*2028.25+$D$81+$F$81)/100)+(($C$81*2028.5+$D$81+$F$81)/100)+(($C$81*2028.75+$D$81+$F$81)/100))/4 | N30: =((($C$81*2029+$D$81+$F$81)/100)+(($C$81*2029.25+$D$81+$F$81)/100)+(($C$81*2029.5+$D$81+$F$81)/100)+(($C$81*2029.75+$D$81+$F$81)/100))/4 | O30: =((($C$81*2030+$D$81+$F$81)/100)+(($C$81*2030.25+$D$81+$F$81)/100)+(($C$81*2030.5+$D$81+$F$81)/100)+(($C$81*2030.75+$D$81+$F$81)/100))/4 | P30: [MAIN][26~30: 직접 선형회귀]
A31: Generic | B31: % | C31: 0 | D31: 0.0034863731 | E31: 0.010301212 | F31: 0.020562647 | G31: 0.025185544 | H31: 0.03097317 | I31: 0.041429341 | J31: 0.047310584 | K31: =1-K30 | L31: =1-L30 | M31: =1-M30 | N31: =1-N30 | O31: =1-O30 | P31: [26~30: Original과 대칭]
A33: G. ARB+CCB+DU 복합제 / GP/ 성분별 비율 | 예측(2026-30): olmesartan[MAIN]=FY26 1분기까지 분기 실측 기준 로짓 추세 3분기 연장 후 flat(잠정), losartan=선형회귀(최근5년) 폐기 — 분기 실측상 FY25Q1(20.4%, 역대 최저) 저점 찍고 4분기 연속 반등 확인되어 최근 저점권 평균 flat 고정, fimasartan=로지스틱(상한), valsartan=가정치, telmisartan=잔여값(olmesartan·losartan 재조정으로 30% 상한 이내 안착 확인). 근거: 하단 [참고] 표
A34: olmesartan | B34: % | C34: 0.57609307 | D34: 0.50089694 | E34: 0.45280893 | F34: 0.46322065 | G34: 0.4490182 | H34: 0.4455954 | I34: 0.45725159 | J34: 0.44699716 | K34: =(INDEX($B$104:$CZ$104,COUNTA($B$104:$CZ$104))+($C$84+(1-$C$84)/(1+EXP(-($D$84*2026.25+$E$84))))+($C$84+(1-$C$84)/(1+EXP(-($D$84*2026.5+$E$84))))+($C$84+(1-$C$84)/(1+EXP(-($D$84*2026.75+$E$84)))))/4 | L34: =($C$84+(1-$C$84)/(1+EXP(-($D$84*2026.75+$E$84)))) | M34: =($C$84+(1-$C$84)/(1+EXP(-($D$84*2026.75+$E$84)))) | N34: =($C$84+(1-$C$84)/(1+EXP(-($D$84*2026.75+$E$84)))) | O34: =($C$84+(1-$C$84)/(1+EXP(-($D$84*2026.75+$E$84)))) | P34: [MAIN][26~30: 20-25년 평균고정]
A35: losartan | B35: % | C35: 0.33914297 | D35: 0.35648864 | E35: 0.30440269 | F35: 0.28488359 | G35: 0.24532403 | H35: 0.22973399 | I35: 0.21396793 | J35: 0.21216939 | K35: =$C$86 | L35: =$C$86 | M35: =$C$86 | N35: =$C$86 | O35: =$C$86 | P35: [26~30: 선형회귀(최근5년)]
A36: telmisartan | B36: % | C36: 0.084763953 | D36: 0.14261442 | E36: 0.24278838 | F36: 0.25189576 | G36: 0.22923486 | H36: 0.2137816 | I36: 0.20485878 | J36: 0.20816594 | K36: =1-(K34+K35+K37+K38) | L36: =1-(L34+L35+L37+L38) | M36: =1-(M34+M35+M37+M38) | N36: =1-(N34+N35+N37+N38) | O36: =1-(O34+O35+O37+O38) | P36: [26~30: 잔여값]
A37: fimasartan | B37: % | C37: 0 | D37: 0 | E37: 0 | F37: 0 | G37: 0.07642292 | H37: 0.110889 | I37: 0.12392171 | J37: 0.13082815 | K37: =$C$85/(1+EXP(-$D$85*(K$2-$E$85)))+$F$85 | L37: =$C$85/(1+EXP(-$D$85*(L$2-$E$85)))+$F$85 | M37: =$C$85/(1+EXP(-$D$85*(M$2-$E$85)))+$F$85 | N37: =$C$85/(1+EXP(-$D$85*(N$2-$E$85)))+$F$85 | O37: =$C$85/(1+EXP(-$D$85*(O$2-$E$85)))+$F$85 | P37: [26~30: 로지스틱(상한 13.2%)]
A38: valsartan | B38: % | C38: 0 | D38: 0 | E38: 0 | F38: 0 | G38: 0 | H38: 0 | I38: 0 | J38: 0.0018393659 | K38: =$C$87 | L38: =$C$87 | M38: =$C$87 | N38: =$C$87 | O38: =$C$87 | P38: [26~30: 가정치·고정]
K39: =SUM(K34:K38) | L39: =SUM(L34:L38) | M39: =SUM(M34:M38) | N39: =SUM(N34:N38) | O39: =SUM(O34:O38)
A40: H. ARB+CCB+DU 복합제 / GP/ Olmesartan / Original:generic 비율 | 예측(2026-30): Original[MAIN]=분기실측 기반 FY2019Q1~ 자동확장 로짓 변환 회귀 (연간(최근5년) 방식 폐기). 근거: 하단 [참고] 표
A41: Original | B41: % | C41: 0.99975943 | D41: 0.86151369 | E41: 0.74299527 | F41: 0.68150221 | G41: 0.63428134 | H41: 0.59868405 | I41: 0.56135371 | J41: 0.52326942 | K41: =(INDEX($B$105:$CZ$105,COUNTA($B$105:$CZ$105))+(EXP($C$92*2026.25+$D$92+$F$92)/(1+EXP($C$92*2026.25+$D$92+$F$92)))+(EXP($C$92*2026.5+$D$92+$F$92)/(1+EXP($C$92*2026.5+$D$92+$F$92)))+(EXP($C$92*2026.75+$D$92+$F$92)/(1+EXP($C$92*2026.75+$D$92+$F$92))))/4 | L41: =((EXP($C$92*2027+$D$92+$F$92)/(1+EXP($C$92*2027+$D$92+$F$92)))+(EXP($C$92*2027.25+$D$92+$F$92)/(1+EXP($C$92*2027.25+$D$92+$F$92)))+(EXP($C$92*2027.5+$D$92+$F$92)/(1+EXP($C$92*2027.5+$D$92+$F$92)))+(EXP($C$92*2027.75+$D$92+$F$92)/(1+EXP($C$92*2027.75+$D$92+$F$92))))/4 | M41: =((EXP($C$92*2028+$D$92+$F$92)/(1+EXP($C$92*2028+$D$92+$F$92)))+(EXP($C$92*2028.25+$D$92+$F$92)/(1+EXP($C$92*2028.25+$D$92+$F$92)))+(EXP($C$92*2028.5+$D$92+$F$92)/(1+EXP($C$92*2028.5+$D$92+$F$92)))+(EXP($C$92*2028.75+$D$92+$F$92)/(1+EXP($C$92*2028.75+$D$92+$F$92))))/4 | N41: =((EXP($C$92*2029+$D$92+$F$92)/(1+EXP($C$92*2029+$D$92+$F$92)))+(EXP($C$92*2029.25+$D$92+$F$92)/(1+EXP($C$92*2029.25+$D$92+$F$92)))+(EXP($C$92*2029.5+$D$92+$F$92)/(1+EXP($C$92*2029.5+$D$92+$F$92)))+(EXP($C$92*2029.75+$D$92+$F$92)/(1+EXP($C$92*2029.75+$D$92+$F$92))))/4 | O41: =((EXP($C$92*2030+$D$92+$F$92)/(1+EXP($C$92*2030+$D$92+$F$92)))+(EXP($C$92*2030.25+$D$92+$F$92)/(1+EXP($C$92*2030.25+$D$92+$F$92)))+(EXP($C$92*2030.5+$D$92+$F$92)/(1+EXP($C$92*2030.5+$D$92+$F$92)))+(EXP($C$92*2030.75+$D$92+$F$92)/(1+EXP($C$92*2030.75+$D$92+$F$92))))/4 | P41: [MAIN][26~30: 로짓 변환 회귀(최근5년)]
A42: Generic | B42: % | C42: 0.00024056571 | D42: 0.13848631 | E42: 0.25700473 | F42: 0.31849779 | G42: 0.36571866 | H42: 0.40131595 | I42: 0.43864629 | J42: 0.47673058 | K42: =1-K41 | L42: =1-L41 | M42: =1-M41 | N42: =1-N41 | O42: =1-O41 | P42: [26~30: Original과 대칭]
A44: I. SVK HCT 처방량 실측 및 Forecast (시장 × MS)
A45: SVK HCT HP | B45: 처방량 | C45: 17402764 | D45: 18495715 | E45: 18049527 | F45: 19377471 | G45: 21126006 | H45: 21700715 | I45: 21717930 | J45: 21216037 | K45: =K4*K8*K14*K19*K23*K30 | L45: =L4*L8*L14*L19*L23*L30 | M45: =M4*M8*M14*M19*M23*M30 | N45: =N4*N8*N14*N19*N23*N30 | O45: =O4*O8*O14*O19*O23*O30
A46: SVK HCT GP | C46: 20970928 | D46: 22920594 | E46: 25434659 | F46: 28828457 | G46: 31521309 | H46: 32864947 | I46: 34113078 | J46: 33663487 | K46: =K4*K8*K14*K20*K34*K41 | L46: =L4*L8*L14*L20*L34*L41 | M46: =M4*M8*M14*M20*M34*M41 | N46: =N4*N8*N14*N20*N34*N41 | O46: =O4*O8*O14*O20*O34*O41
A47: SVK HCT Total | C47: =C45+C46 | D47: =D45+D46 | E47: =E45+E46 | F47: =F45+F46 | G47: =G45+G46 | H47: =H45+H46 | I47: =I45+I46 | J47: =J45+J46 | ... O47: =O45+O46
A57: ════════ [참고] 구성비 예측방법 상세 (로그비율/다항로짓 회귀, 2018-2025 실측 기준) ════════
A58: ▶ B. 단일제/복합제 구성비 — 복합제(비다중) 중심 재설계(로지스틱 개별적합 + 단일제=평균 + 복합제다중=잔여)
A59: 복합제(비다중): floor(하한)/k/x0/anchor(2025보정) | C59: 0.5935 | D59: -0.2979 | E59: 2006.4 | F59: 7e-05 | H59: 2018-2025 실측 자유적합(curve_fit), SE(floor)=±0.16%p (매우 안정적, 이미 하한 근접)
A60: 단일제: 2018-2025 평균(추세 비유의, p=0.337) | C60: =AVERAGE(C7:J7)
A61: ※ 복합제(다중)는 개별모델 없이 100%-(단일제+복합제비다중) 잔여값으로 산출 (참고: 잔여값이 2021년 실측 피크를 완만화해서 반영, 최대오차 약 0.9%p)
A63: ▶ C. ARB 복합제 조합 구성비 — ARB+CCB·ARB+CCB+DU 중심 재설계(로지스틱 개별적합 + 기타=잔여)
A64: ARB+CCB: L(상한)/k/x0/anchor(2025보정) | C64: 0.718 | D64: 0.1721 | E64: 2007 | F64: 0.00166 | H64: C64는 curve_fit 자유적합 결과(약 0.7203)가 아니라 FY26 1분기 실측과의 정합성을 우선해 수동 보정한 값. 이로 인해 anchor(F64)는 2025 실측점과 약 -0.38%p 어긋남(2025 정합성보다 FY26 예측 정합성을 우선한 트레이드오프)
A65: ARB+CCB+DU: L(상한)/k/x0/anchor(FY26Q1 실측 재보정, ★2025→26Q1로 변경) — FY25Q3~26Q1 3분기 재가속(정체기 대비) 확인되어 근시일 정합 우선, L/k/x0는 22분기 검증값 유지 | C65: 0.115 | D65: 0.489 | E65: 2018.8 | F65: 0.0024035092 | H65: C65는 curve_fit 자유적합 결과가 아니라 FY26 1분기 실측과의 정합성을 우선해 수동 보정한 값. 이로 인해 anchor(F65)는 2025 실측점과 약 +0.48%p 어긋남(2025 정합성보다 FY26 예측 정합성을 우선한 트레이드오프)
A66: ARB+DU: floor(하한)/k/x0/anchor(2025보정) | C66: 0.1045 | D66: -0.1937 | E66: 2012.2 | F66: -0.00017 | H66: 2018-2025 실측 자유적합(curve_fit), SE(floor)=±0.80%p
A67: ※ 기타 복합제는 개별모델 없이 100%-(ARB+CCB+ARB+CCB+DU+ARB+DU) 잔여값으로 산출 (검증: 잔여값이 2018-2025 실측 기타값과 매우 근접, 최대오차 0.2%p)
A69: ▶ D. HP/GP 비율 — FY2024Q3(peak) 이후 분기 자동확장 로지스틱(floor=22.0%, ARB+CCB 자체 HP:GP 22.1%가 이미 flat인 것을 하한 근거로 판단 고정) (기존 21-25 평균고정 폐기: 8년 전체 p=0.782 비유의, FY24Q3~26Q1 7분기 p=0.00017·R²=0.953로 하락 확인됐으나 무기한 직선하락은 비현실적)
A70: floor(하한, G62=판단고정) / 기울기·절편·R²(C62:E62, FY2024Q3~ 자동확장) / anchor(F62) | C70: =SLOPE($R$120:INDEX($R$120:$CZ$120,COUNTA($R$120:$CZ$120)),$R$116:INDEX($R$116:$CZ$116,COUNTA($R$116:$CZ$116))) | D70: =INTERCEPT($R$120:INDEX($R$120:$CZ$120,COUNTA($R$120:$CZ$120)),$R$116:INDEX($R$116:$CZ$116,COUNTA($R$116:$CZ$116))) | E70: =RSQ($R$120:INDEX($R$120:$CZ$120,COUNTA($R$120:$CZ$120)),$R$116:INDEX($R$116:$CZ$116,COUNTA($R$116:$CZ$116))) | F70: =LN((INDEX($C$118:$CZ$118,COUNTA($C$118:$CZ$118))-$G$70)/(1-INDEX($C$118:$CZ$118,COUNTA($C$118:$CZ$118))))-($C$70*INDEX($C$116:$CZ$116,COUNTA($C$118:$CZ$118))+$D$70) | G70: 0.22 | H70: =LN(H19/H20) | I70: =LN(I19/I20) | J70: =LN(J19/J20)
A72: ▶ E. HP내 성분별 비율 — olmesartan[MAIN]=로지스틱(하한), fimasartan=로지스틱(상한), telmisartan=선형회귀(직접), valsartan=가정치(신규진입), losartan=잔여값
A73: olmesartan: floor(하한)/k/x0/anchor(2025보정) | C73: 0.4703 | D73: -0.5269 | E73: 2019.9 | F73: -0.0030596296 | H73: 2018-2025 실측 자유적합(curve_fit), SE(floor)=±4.00%p
A74: fimasartan: L(상한)/k/x0/anchor(2025보정, 2022년 진입) | C74: 0.216 | D74: 2.1039 | E74: 2022.6 | F74: 0.0013764744 | H74: 2022-2025 실측 자유적합(curve_fit), SE(L)=±0.36%p (매우 안정적)
A75: telmisartan: 기울기/절편/R² (선형회귀, 직접) | C75: =SLOPE(C26:J26,$C$2:$J$2) | D75: =INTERCEPT(C26:J26,$C$2:$J$2) | E75: =RSQ(C26:J26,$C$2:$J$2)
A76: valsartan: 가정치 (2025년 1개 실측뿐, 값 고정) | C76: =J27
A77: ※ losartan은 개별모델 없이 100%-(olmesartan+fimasartan+telmisartan+valsartan) 잔여값 (최근3년 실측과 오차 1%p 이내로 근접 확인)
A79: ▶ F. HP Original/Generic 비율 — Original[MAIN]=로지스틱(하한)
A80: Original: 분기실측(row91) 참조, FY2020Q1~ 자동확장 — 직접선형회귀용 (제네릭 출시 이후만 사용, 기존 방식 유지) | C80: 0.9469 | D80: -0.6769 | E80: =E30*100 | F80: =F30*100 | G80: =G30*100 | I80: =I30*100 | J80: =J30*100
A81: Original 기울기(%p/분기)/절편/R² (직접선형, FY2020Q1~ 자동확장, 연간(2020-25) 방식 폐기) — 분기검증: 로짓변환 시 인위적 가속(2030년 75.8% vs 91.0%) 재확인되어 직접선형 유지 | F73=anchor(최근분기 실측에 정확히 맞춤) | C81: =SLOPE($J$99:INDEX($J$99:$CZ$99,COUNTA($J$99:$CZ$99)),$J$111:INDEX($J$111:$CZ$111,COUNTA($J$111:$CZ$111)))*100 | D81: =INTERCEPT($J$99:INDEX($J$99:$CZ$99,COUNTA($J$99:$CZ$99)),$J$111:INDEX($J$111:$CZ$111,COUNTA($J$111:$CZ$111)))*100 | E81: =RSQ($J$99:INDEX($J$99:$CZ$99,COUNTA($J$99:$CZ$99)),$J$111:INDEX($J$111:$CZ$111,COUNTA($J$111:$CZ$111))) | F81: =INDEX($B$99:$CZ$99,COUNTA($B$99:$CZ$99))*100-($C$81*INDEX($B$111:$CZ$111,COUNTA($B$99:$CZ$99))+$D$81) | H81: 2026-27 실측 확보되면 재검증 필요 (직접선형은 장기 외삽 시 0% 하회 가능성 있어 단기(~2030)에만 적용 권장)
A83: ▶ G. GP내 성분별 비율 — olmesartan[MAIN]=평균고정(2020-25), fimasartan=로지스틱(상한), losartan=선형회귀(최근5년), valsartan=가정치, telmisartan=잔여값
A84: olmesartan: 2020-25년 평균고정 폐기 — 분기 실측 기준 floor(하한, C76)는 판단 고정치, k·절편은 최근5분기 로짓회귀로 자동연동(D76:F76). 실측 분기 추가되면 로그비율 변환행(104행)·index행(103행)에 값만 채우면 자동 재계산됨. floor 자체는 반등/추가하락 확인되면 수동 재검토 필요 | C84: 0.379 | D84: =SLOPE(INDEX($B$112:$CZ$112,COUNTA($B$112:$CZ$112)-4):INDEX($B$112:$CZ$112,COUNTA($B$112:$CZ$112)),INDEX($B$111:$CZ$111,COUNTA($B$111:$CZ$111)-4):INDEX($B$111:$CZ$111,COUNTA($B$111:$CZ$111))) | E84: =INTERCEPT(INDEX($B$112:$CZ$112,COUNTA($B$112:$CZ$112)-4):INDEX($B$112:$CZ$112,COUNTA($B$112:$CZ$112)),INDEX($B$111:$CZ$111,COUNTA($B$111:$CZ$111)-4):INDEX($B$111:$CZ$111,COUNTA($B$111:$CZ$111))) | F84: =RSQ(INDEX($B$112:$CZ$112,COUNTA($B$112:$CZ$112)-4):INDEX($B$112:$CZ$112,COUNTA($B$112:$CZ$112)),INDEX($B$111:$CZ$111,COUNTA($B$111:$CZ$111)-4):INDEX($B$111:$CZ$111,COUNTA($B$111:$CZ$111)))
A85: fimasartan: L(상한)/k/x0/anchor(2025보정, 2022년 진입) | C85: 0.1319 | D85: 1.3013 | E85: 2021.8 | F85: 0.00091871435 | H85: 2022-2025 실측 자유적합(curve_fit), SE(L)=±0.21%p
A86: losartan: 선형회귀(최근5년) 폐기 — FY25Q1(20.43%, 역대 최저) 저점 확인 후 최근 4분기 롤링평균으로 flat 고정(C78, 자동연동). 실측 분기 추가되면 100행에 값만 채우면 평균창이 자동으로 최신 4분기로 이동함. 재하락/추가반등 뚜렷해지면 판단 재검토 필요 | C86: =AVERAGE(INDEX($B$108:$CZ$108,COUNTA($B$108:$CZ$108)-3):INDEX($B$108:$CZ$108,COUNTA($B$108:$CZ$108)))
A87: valsartan: 가정치 (2025년 1개 실측뿐, 값 고정) | C87: =J38
A88: ※ telmisartan은 개별모델 없이 100%-(olmesartan+fimasartan+losartan+valsartan) 잔여값 (최근3년 실측과 오차 0.7%p 이내로 근접 확인)
A90: ▶ H. GP Original/Generic 비율 — Original[MAIN]=로짓 변환 회귀(최근5년, 로지스틱 적합 불안정하여 미채택)
A91: ln(Original/Generic), 분기 변환행(106행) 참조 — FY2023Q1~ 자동확장(전체기간 대비 감속 확인되어 최근구간만 사용) | C91: =LN(C41/C42) | D91: =LN(D41/D42) | E91: =LN(E41/E42) | F91: =LN(F41/F42) | G91: =LN(G41/G42) | H91: =LN(H41/H42) | I91: =LN(I41/I42) | J91: =LN(J41/J42)
A92: Original 기울기/절편/R² — 분기실측 기반(FY2023Q1~ 자동확장). 전체33분기(2019~)는 초기 급락(2019년 -4.6%p/분기)이 평균을 왜곡해 기울기 과대(-0.27, R²=0.81) → 최근구간(2023~)만 사용시 -0.15, R²=0.98로 훨씬 안정적. anchor(F84)로 최근분기 실측에 정확히 맞춤 | C92: =SLOPE($V$114:INDEX($V$114:$CZ$114,COUNTA($V$114:$CZ$114)),$V$111:INDEX($V$111:$CZ$111,COUNTA($V$111:$CZ$111))) | D92: =INTERCEPT($V$114:INDEX($V$114:$CZ$114,COUNTA($V$114:$CZ$114)),$V$111:INDEX($V$111:$CZ$111,COUNTA($V$111:$CZ$111))) | E92: =RSQ($V$114:INDEX($V$114:$CZ$114,COUNTA($V$114:$CZ$114)),$V$111:INDEX($V$111:$CZ$111,COUNTA($V$111:$CZ$111))) | F92: =LN(INDEX($B$105:$CZ$105,COUNTA($B$105:$CZ$105))/(1-INDEX($B$105:$CZ$105,COUNTA($B$105:$CZ$105))))-($C$92*INDEX($B$111:$CZ$111,COUNTA($B$105:$CZ$105))+$D$92)
A95: ════════ [분기 모니터링] GP/HP 성분별 비율 · Olmesartan Original 비율 분기 원자료 (UBIST, CY→FY 환산) ════════
A96: ※ CY(역년) 데이터를 FY(회계연도, 4~3월)로 환산: FY(Y) Q1=CY(Y) Q2, Q2=CY(Y) Q3, Q3=CY(Y) Q4, Q4=CY(Y+1) Q1 (예: CY26 Q2 = FY26 Q1)
A97: 항목 / FY분기 ▶ | B97: FY2018Q1 | C97: FY2018Q2 | D97: FY2018Q3 | E97: FY2018Q4 | F97: FY2019Q1 | G97: FY2019Q2 | H97: FY2019Q3 | I97: FY2019Q4 | J97: FY2020Q1 | K97: FY2020Q2 | L97: FY2020Q3 | M97: FY2020Q4 | N97: FY2021Q1 | O97: FY2021Q2 | P97: FY2021Q3 | Q97: FY2021Q4 | R97: FY2022Q1 | S97: FY2022Q2 | T97: FY2022Q3 | U97: FY2022Q4 | V97: FY2023Q1 | W97: FY2023Q2 | X97: FY2023Q3 | Y97: FY2023Q4 | Z97: FY2024Q1 | AA97: FY2024Q2 | AB97: FY2024Q3 | AC97: FY2024Q4 | AD97: FY2025Q1 | AE97: FY2025Q2 | AF97: FY2025Q3 | AG97: FY2025Q4 | AH97: FY2026Q1
A98: HP olmesartan | B98: 0.94102192 | C98: 0.90297096 | D98: 0.87470474 | E98: 0.83460627 | F98: 0.82615329 | G98: 0.81388947 | H98: 0.77237559 | I98: 0.75161463 | J98: 0.71388032 | K98: 0.70569863 | L98: 0.68628645 | M98: 0.68616615 | N98: 0.65775277 | O98: 0.66714923 | P98: 0.67818177 | Q98: 0.66565157 | R98: 0.67418134 | S98: 0.66191024 | T98: 0.61712244 | U98: 0.59760881 | V98: 0.58497409 | W98: 0.55674254 | X98: 0.54930389 | Y98: 0.53838907 | Z98: 0.52645587 | AA98: 0.52996655 | AB98: 0.51327847 | AC98: 0.50482755 | AD98: 0.50646135 | AE98: 0.50682393 | AF98: 0.50619411 | AG98: 0.48502319 | AH98: 0.47840219
A99: HP olmesartan 내 Original 비율 | B99: 1 | C99: 1 | D99: 1 | E99: 1 | F99: 0.99824773 | G99: 0.99716411 | H99: 0.99550769 | I99: 0.99504076 | J99: 0.99555519 | K99: 0.99486389 | L99: 0.98629669 | M99: 0.9825649 | N99: 0.98029136 | O99: 0.97808436 | P99: 0.9798352 | Q99: 0.97953562 | R99: 0.97385472 | S99: 0.97548032 | T99: 0.97742194 | U99: 0.97243201 | V99: 0.96970965 | W99: 0.96884492 | X99: 0.97147331 | Y99: 0.96603116 | Z99: 0.95800196 | AA99: 0.95971953 | AB99: 0.95982479 | AC99: 0.95659802 | AD99: 0.95584995 | AE99: 0.95584411 | AF99: 0.94924936 | AG99: 0.94976545 | AH99: 0.93588795
A100: HP fimasartan | B100: 0 | C100: 0 | D100: 0 | E100: 0 | F100: 0 | G100: 0 | H100: 0 | I100: 0 | J100: 0 | K100: 0 | L100: 0 | M100: 0 | N100: 0 | O100: 0 | P100: 0 | Q100: 0 | R100: 0.0012428395 | S100: 0.011149966 | T100: 0.063140344 | U100: 0.095436485 | V100: 0.11912329 | W100: 0.1435367 | X100: 0.15780022 | Y100: 0.17738322 | Z100: 0.18333961 | AA100: 0.19633367 | AB100: 0.21090992 | AC100: 0.21390967 | AD100: 0.22096016 | AE100: 0.21493912 | AF100: 0.2134944 | AG100: 0.21472478 | AH100: 0.20703926
A101: HP telmisartan | B101: 0.010810301 | C101: 0.019442819 | D101: 0.03253945 | E101: 0.041788163 | F101: 0.036451418 | G101: 0.036255234 | H101: 0.044837342 | I101: 0.059084578 | J101: 0.082414452 | K101: 0.086330025 | L101: 0.10854272 | M101: 0.11855912 | N101: 0.13133609 | O101: 0.13262087 | P101: 0.13822287 | Q101: 0.138061 | R101: 0.13865076 | S101: 0.14049087 | T101: 0.14111785 | U101: 0.13179829 | V101: 0.13242656 | W101: 0.13380851 | X101: 0.13347485 | Y101: 0.12937609 | Z101: 0.13324185 | AA101: 0.12794919 | AB101: 0.12915043 | AC101: 0.1320468 | AD101: 0.12732814 | AE101: 0.12550419 | AF101: 0.12587308 | AG101: 0.12455434 | AH101: 0.12860903
A102: HP losartan | B102: 0.04816778 | C102: 0.077586219 | D102: 0.092755814 | E102: 0.12360557 | F102: 0.1373953 | G102: 0.1498553 | H102: 0.18278707 | I102: 0.1893008 | J102: 0.20370523 | K102: 0.20797134 | L102: 0.20517084 | M102: 0.19527473 | N102: 0.21091113 | O102: 0.20022989 | P102: 0.18359536 | Q102: 0.19628743 | R102: 0.18592506 | S102: 0.18644892 | T102: 0.17861936 | U102: 0.17515641 | V102: 0.16347606 | W102: 0.16591225 | X102: 0.15942104 | Y102: 0.15485162 | Z102: 0.15696267 | AA102: 0.14575059 | AB102: 0.14666117 | AC102: 0.14921598 | AD102: 0.14525035 | AE102: 0.15273276 | AF102: 0.15443841 | AG102: 0.17555636 | AH102: 0.18437777
A103: HP valsartan | B103: 0 | C103: 0 | D103: 0 | E103: 0 | F103: 0 | G103: 0 | H103: 0 | I103: 0 | J103: 0 | K103: 0 | L103: 0 | M103: 0 | N103: 0 | O103: 0 | P103: 0 | Q103: 0 | R103: 0 | S103: 0 | T103: 0 | U103: 0 | V103: 0 | W103: 0 | X103: 0 | Y103: 0 | Z103: 0 | AA103: 0 | AB103: 0 | AC103: 0 | AD103: 0 | AE103: 0 | AF103: 0 | AG103: 0.00014133194 | AH103: 0.0015717501
A104: GP olmesartan | B104: 0.62159812 | C104: 0.59076911 | D104: 0.56968974 | E104: 0.53429174 | F104: 0.53351028 | G104: 0.53414821 | H104: 0.49747405 | I104: 0.4559287 | J104: 0.45292475 | K104: 0.45517302 | L104: 0.45133453 | M104: 0.45189929 | N104: 0.45357065 | O104: 0.45796871 | P104: 0.46353866 | Q104: 0.47659388 | R104: 0.47408733 | S104: 0.44844577 | T104: 0.4383764 | U104: 0.43852495 | V104: 0.44040941 | W104: 0.44361012 | X104: 0.44639793 | Y104: 0.45168104 | Z104: 0.45466672 | AA104: 0.45614673 | AB104: 0.45828055 | AC104: 0.45980245 | AD104: 0.46245376 | AE104: 0.45527458 | AF104: 0.4449519 | AG104: 0.42741793 | AH104: 0.41337603
A105: GP olmesartan 내 Original 비율 | B105: 1 | C105: 1 | D105: 1 | E105: 0.99907793 | F105: 0.93664151 | G105: 0.887213 | H105: 0.83862895 | I105: 0.79758706 | J105: 0.76647353 | K105: 0.75135051 | L105: 0.73726387 | M105: 0.71985987 | N105: 0.70324467 | O105: 0.69342553 | P105: 0.67725296 | Q105: 0.65607746 | R105: 0.64985383 | S105: 0.64295496 | T105: 0.63287132 | U105: 0.6131506 | V105: 0.60124532 | W105: 0.60705656 | X105: 0.60040314 | Y105: 0.58689471 | Z105: 0.57210167 | AA105: 0.56798967 | AB105: 0.55481605 | AC105: 0.55118304 | AD105: 0.53614081 | AE105: 0.52320141 | AF105: 0.52258558 | AG105: 0.51152703 | AH105: 0.49651758
A106: GP fimasartan | B106: 0 | C106: 0 | D106: 0 | E106: 0 | F106: 0 | G106: 0 | H106: 0 | I106: 0 | J106: 0 | K106: 0 | L106: 0 | M106: 0 | N106: 0 | O106: 0 | P106: 0 | Q106: 0 | R106: 0.015743636 | S106: 0.074404695 | T106: 0.099604266 | U106: 0.10746187 | V106: 0.10876707 | W106: 0.10927961 | X106: 0.11105518 | Y106: 0.11428593 | Z106: 0.12031685 | AA106: 0.12339808 | AB106: 0.12478582 | AC106: 0.12705784 | AD106: 0.12967506 | AE106: 0.13297475 | AF106: 0.13138141 | AG106: 0.12936661 | AH106: 0.12543494
A107: GP telmisartan | B107: 0.06880228 | C107: 0.078143054 | D107: 0.092136051 | E107: 0.095860515 | F107: 0.093117041 | G107: 0.091579344 | H107: 0.14465879 | I107: 0.21394646 | J107: 0.23204591 | K107: 0.23746015 | L107: 0.24984282 | M107: 0.25057463 | N107: 0.25279079 | O107: 0.25224328 | P107: 0.25290247 | Q107: 0.24975457 | R107: 0.24586134 | S107: 0.23072539 | T107: 0.22334629 | U107: 0.21941947 | V107: 0.21779914 | W107: 0.21551423 | X107: 0.21314763 | Y107: 0.20889614 | Z107: 0.20630194 | AA107: 0.20495091 | AB107: 0.2047857 | AC107: 0.20344097 | AD107: 0.20355584 | AE107: 0.20606153 | AF107: 0.20513701 | AG107: 0.21704638 | AH107: 0.22316854
A108: GP losartan | B108: 0.3095996 | C108: 0.33108783 | D108: 0.33817421 | E108: 0.36984775 | F108: 0.37337268 | G108: 0.37427244 | H108: 0.35786716 | I108: 0.33012484 | J108: 0.31502934 | K108: 0.30736683 | L108: 0.29882265 | M108: 0.29752608 | N108: 0.29363855 | O108: 0.28978801 | P108: 0.28355887 | Q108: 0.27365155 | R108: 0.26430769 | S108: 0.24642415 | T108: 0.23867304 | U108: 0.23459372 | V108: 0.23302438 | W108: 0.23159603 | X108: 0.22939926 | Y108: 0.22513688 | Z108: 0.2187145 | AA108: 0.21550428 | AB108: 0.21214793 | AC108: 0.20969874 | AD108: 0.20431535 | AE108: 0.20568914 | AF108: 0.21852968 | AG108: 0.21927868 | AH108: 0.21976048
A109: GP valsartan | B109: 0 | C109: 0 | D109: 0 | E109: 0 | F109: 0 | G109: 0 | H109: 0 | I109: 0 | J109: 0 | K109: 0 | L109: 0 | M109: 0 | N109: 0 | O109: 0 | P109: 0 | Q109: 0 | R109: 0 | S109: 0 | T109: 0 | U109: 0 | V109: 0 | W109: 0 | X109: 0 | Y109: 0 | Z109: 0 | AA109: 0 | AB109: 0 | AC109: 0 | AD109: 0 | AE109: 0 | AF109: 0 | AG109: 0.0068904013 | AH109: 0.018260008
A111: 분기 index(회귀용, FY+0.00/0.25/0.50/0.75) | B111: 2018 | C111: 2018.25 | D111: 2018.5 | E111: 2018.75 | F111: 2019 | G111: 2019.25 | H111: 2019.5 | I111: 2019.75 | J111: 2020 | K111: 2020.25 | L111: 2020.5 | M111: 2020.75 | N111: 2021 | O111: 2021.25 | P111: 2021.5 | Q111: 2021.75 | R111: 2022 | S111: 2022.25 | T111: 2022.5 | U111: 2022.75 | V111: 2023 | W111: 2023.25 | X111: 2023.5 | Y111: 2023.75 | Z111: 2024 | AA111: 2024.25 | AB111: 2024.5 | AC111: 2024.75 | AD111: 2025 | AE111: 2025.25 | AF111: 2025.5 | AG111: 2025.75 | AH111: 2026
A112: GP olmesartan logit(floor=$C$76 고정) 변환값 = LN((y-floor)/(1-y)) | B112: =IFERROR(LN((B104-$C$84)/(1-B104)),"") | C112: =IFERROR(LN((C104-$C$84)/(1-C104)),"") | D112: =IFERROR(LN((D104-$C$84)/(1-D104)),"") | E112: =IFERROR(LN((E104-$C$84)/(1-E104)),"") | F112: =IFERROR(LN((F104-$C$84)/(1-F104)),"") | G112: =IFERROR(LN((G104-$C$84)/(1-G104)),"") | H112: =IFERROR(LN((H104-$C$84)/(1-H104)),"") | I112: =IFERROR(LN((I104-$C$84)/(1-I104)),"") | ... AH112: =IFERROR(LN((AH104-$C$84)/(1-AH104)),"")
A113: ※ trend(x) = $C$76+(1-$C$76)/(1+EXP(-($D$76*x+$E$76))) — 아래 K34:O34에서 사용
A114: GP Olmesartan 내 Original logit 변환값 = LN(y/(1-y)) | B114: =IFERROR(LN(B105/(1-B105)),"") | C114: =IFERROR(LN(C105/(1-C105)),"") | D114: =IFERROR(LN(D105/(1-D105)),"") | E114: =IFERROR(LN(E105/(1-E105)),"") | F114: =IFERROR(LN(F105/(1-F105)),"") | G114: =IFERROR(LN(G105/(1-G105)),"") | H114: =IFERROR(LN(H105/(1-H105)),"") | I114: =IFERROR(LN(I105/(1-I105)),"") | ... AH114: =IFERROR(LN(AH105/(1-AH105)),"")
A116: FY분기 index(회귀용, D섹션 HP:GP 비율용) | C116: 2020.75 | D116: 2021 | E116: 2021.25 | F116: 2021.5 | G116: 2021.75 | H116: 2022 | I116: 2022.25 | J116: 2022.5 | K116: 2022.75 | L116: 2023 | M116: 2023.25 | N116: 2023.5 | O116: 2023.75 | P116: 2024 | Q116: 2024.25 | R116: 2024.5 | S116: 2024.75 | T116: 2025 | U116: 2025.25 | V116: 2025.5 | W116: 2025.75 | X116: 2026
A117: (참고) FY분기 라벨 | C117: FY2020Q4 | D117: FY2021Q1 | E117: FY2021Q2 | F117: FY2021Q3 | G117: FY2021Q4 | H117: FY2022Q1 | I117: FY2022Q2 | J117: FY2022Q3 | K117: FY2022Q4 | L117: FY2023Q1 | M117: FY2023Q2 | N117: FY2023Q3 | O117: FY2023Q4 | P117: FY2024Q1 | Q117: FY2024Q2 | R117: FY2024Q3 | S117: FY2024Q4 | T117: FY2025Q1 | U117: FY2025Q2 | V117: FY2025Q3 | W117: FY2025Q4 | X117: FY2026Q1
A118: HP:GP 비율(HP) 분기실측 | C118: 0.253304 | D118: 0.246081 | E118: 0.246791 | F118: 0.246833 | G118: 0.240717 | H118: 0.236667 | I118: 0.23406 | J118: 0.235439 | K118: 0.23569 | L118: 0.240672 | M118: 0.244033 | N118: 0.251649 | O118: 0.24779 | P118: 0.246049 | Q118: 0.247133 | R118: 0.25156 | S118: 0.244824 | T118: 0.243403 | U118: 0.23681 | V118: 0.235871 | W118: 0.228495 | X118: 0.229326
A119: logit 변환값 | C119: =LN(C118/(1-C118)) | D119: =LN(D118/(1-D118)) | E119: =LN(E118/(1-E118)) | F119: =LN(F118/(1-F118)) | G119: =LN(G118/(1-G118)) | H119: =LN(H118/(1-H118)) | I119: =LN(I118/(1-I118)) | J119: =LN(J118/(1-J118)) | ... X119: =LN(X118/(1-X118))
A120: logit(floor=$G$62 고정) 변환값 = LN((y-floor)/(1-y)) | C120: =IFERROR(LN((C118-$G$70)/(1-C118)),"") | D120: =IFERROR(LN((D118-$G$70)/(1-D118)),"") | E120: =IFERROR(LN((E118-$G$70)/(1-E118)),"") | F120: =IFERROR(LN((F118-$G$70)/(1-F118)),"") | G120: =IFERROR(LN((G118-$G$70)/(1-G118)),"") | H120: =IFERROR(LN((H118-$G$70)/(1-H118)),"") | I120: =IFERROR(LN((I118-$G$70)/(1-I118)),"") | J120: =IFERROR(LN((J118-$G$70)/(1-J118)),"") | ... X120: =IFERROR(LN((X118-$G$70)/(1-X118)),"")

Sheet 근거_매출
A2: DSKR SVK HCT (시장)매출 산출 : UBIST 데이터 기반 예측 (FY26 목표단가 적용)
B4: ◀ 실측 (DSKR, FY2018~2025) | J4: 예측 ▶
A5: 구분 / 회계연도 ▶ | B5: FY2018 | C5: FY2019 | D5: FY2020 | E5: FY2021 | F5: FY2022 | G5: FY2023 | H5: FY2024 | I5: FY2025 | J5: FY2026 | K5: FY2027 | L5: FY2028 | M5: FY2029 | N5: FY2030 | P5: FY26 1분기
A6: ■ A. SVK HCT 처방량 (T) [근거_SVK HCT처방량 참조]
A7: SVK HCT 처방량 | B7: ='근거_SVK HCT처방량'!B31 | C7: ='근거_SVK HCT처방량'!C31 | D7: ='근거_SVK HCT처방량'!D31 | E7: ='근거_SVK HCT처방량'!E31 | F7: ='근거_SVK HCT처방량'!F31 | G7: ='근거_SVK HCT처방량'!G31 | H7: ='근거_SVK HCT처방량'!H31 | I7: ='근거_SVK HCT처방량'!I31 | ... N7: ='근거_SVK HCT처방량'!N31 | P7: ='근거_SVK HCT처방량'!P31
A9: ■ B. DSKR 매출수량 (T) [FY2018~2025 : 시장매출 실측 (재고 불포함) | FY2026~FY2030 : SVK HCT 처방량(A) ÷ 전환비율(C)]
A10: ▶ 1) Model Base | B10: 42469448 | C10: 45203200 | D10: 47299084 | E10: 52568628 | F10: 55088880 | G10: 54927768 | H10: 55423004 | I10: 55280120 | J10: =J7/J24 | K10: =K7/K24 | L10: =L7/L24 | M10: =M7/M24 | N10: =N7/N24 | P10: 13995296
A11: : 모듈 산출치로 시나리오 기준선 역할
A12: ▶ 2) MKT Base [FY2026 : MKT 제공 예측치 (J12 직접 입력) | FY2027~FY2030 : 전년 × Model Base 증감률] | K12: =IF($J$12="","",J12*K10/J10) | L12: =IF($J$12="","",K12*L10/K10) | M12: =IF($J$12="","",L12*M10/L10) | N12: =IF($J$12="","",M12*N10/M10)
A13: : '26 MKT 제출 수치를 J12(노랑)에 입력하면 MKT Base 행·차트가 자동 활성화 (미입력 시 공란) | J13: =IF($J$12="","",J12/J10-1) | K13: =IF($J$12="","",K12/K10-1) | L13: =IF($J$12="","",L12/L10-1) | M13: =IF($J$12="","",M12/M10-1) | N13: =IF($J$12="","",N12/N10-1)
A14: ▶ 3) Best Scenario (±10%p) [FY2027~FY2030 : (Base 처방량 + 침투율 -10%p 효과 (Original 100% 상한 적용)) ÷ 전환비율] | J14: =('근거_SVK HCT처방량'!J31)/J24 | K14: =(MIN('근거_SVK HCT처방량'!K31+0.1*('근거_SVK HCT처방량'!K6*'근거_SVK HCT처방량'!K9*'근거_SVK HCT처방량'!K15+'근거_SVK HCT처방량'!K6*'근거_SVK HCT처방량'!K10*'근거_SVK HCT처방량'!K20),('근거_SVK HCT처방량'!K6*'근거_SVK HCT처방량'!K9*'근거_SVK HCT처방량'!K15+'근거_SVK HCT처방량'!K6*'근거_SVK HCT처방량'!K10*'근거_SVK HCT처방량'!K20)))/K24 | L14: =(MIN('근거_SVK HCT처방량'!L31+0.1*('근거_SVK HCT처방량'!L6*'근거_SVK HCT처방량'!L9*'근거_SVK HCT처방량'!L15+'근거_SVK HCT처방량'!L6*'근거_SVK HCT처방량'!L10*'근거_SVK HCT처방량'!L20),('근거_SVK HCT처방량'!L6*'근거_SVK HCT처방량'!L9*'근거_SVK HCT처방량'!L15+'근거_SVK HCT처방량'!L6*'근거_SVK HCT처방량'!L10*'근거_SVK HCT처방량'!L20)))/L24 | M14: =(MIN('근거_SVK HCT처방량'!M31+0.1*('근거_SVK HCT처방량'!M6*'근거_SVK HCT처방량'!M9*'근거_SVK HCT처방량'!M15+'근거_SVK HCT처방량'!M6*'근거_SVK HCT처방량'!M10*'근거_SVK HCT처방량'!M20),('근거_SVK HCT처방량'!M6*'근거_SVK HCT처방량'!M9*'근거_SVK HCT처방량'!M15+'근거_SVK HCT처방량'!M6*'근거_SVK HCT처방량'!M10*'근거_SVK HCT처방량'!M20)))/M24 | N14: =(MIN('근거_SVK HCT처방량'!N31+0.1*('근거_SVK HCT처방량'!N6*'근거_SVK HCT처방량'!N9*'근거_SVK HCT처방량'!N15+'근거_SVK HCT처방량'!N6*'근거_SVK HCT처방량'!N10*'근거_SVK HCT처방량'!N20),('근거_SVK HCT처방량'!N6*'근거_SVK HCT처방량'!N9*'근거_SVK HCT처방량'!N15+'근거_SVK HCT처방량'!N6*'근거_SVK HCT처방량'!N10*'근거_SVK HCT처방량'!N20)))/N24
A15: : Model Base 기준, 성분 내 Original 비율 +10%p 방어 시나리오 (HP·GP 동시 적용) | J15: =J14/J10-1 | K15: =K14/K10-1 | L15: =L14/L10-1 | M15: =M14/M10-1 | N15: =N14/N10-1
A16: ▶ 4) Worst Scenario (±10%p) [FY2027~FY2030 : (Base 처방량 + 침투율 +10%p 효과 (침투 확대에 따른 감소분 반영)) ÷ 전환비율] | J16: =('근거_SVK HCT처방량'!J31)/J24 | K16: =('근거_SVK HCT처방량'!K31-0.1*('근거_SVK HCT처방량'!K6*'근거_SVK HCT처방량'!K9*'근거_SVK HCT처방량'!K15+'근거_SVK HCT처방량'!K6*'근거_SVK HCT처방량'!K10*'근거_SVK HCT처방량'!K20))/K24 | L16: =('근거_SVK HCT처방량'!L31-0.1*('근거_SVK HCT처방량'!L6*'근거_SVK HCT처방량'!L9*'근거_SVK HCT처방량'!L15+'근거_SVK HCT처방량'!L6*'근거_SVK HCT처방량'!L10*'근거_SVK HCT처방량'!L20))/L24 | M16: =('근거_SVK HCT처방량'!M31-0.1*('근거_SVK HCT처방량'!M6*'근거_SVK HCT처방량'!M9*'근거_SVK HCT처방량'!M15+'근거_SVK HCT처방량'!M6*'근거_SVK HCT처방량'!M10*'근거_SVK HCT처방량'!M20))/M24 | N16: =('근거_SVK HCT처방량'!N31-0.1*('근거_SVK HCT처방량'!N6*'근거_SVK HCT처방량'!N9*'근거_SVK HCT처방량'!N15+'근거_SVK HCT처방량'!N6*'근거_SVK HCT처방량'!N10*'근거_SVK HCT처방량'!N20))/N24
A17: : Model Base 기준, 성분 내 Original 비율 -10%p 잠식 시나리오 (HP·GP 동시 적용) | J17: =J16/J10-1 | K17: =K16/K10-1 | L17: =L16/L10-1 | M17: =M16/M10-1 | N17: =N16/N10-1
A18: ▶ 5) Best Scenario (±5%p) [FY2027~FY2030 : (Base 처방량 + 침투율 -5%p 효과 (Original 100% 상한 적용)) ÷ 전환비율] | J18: =('근거_SVK HCT처방량'!J31)/J24 | K18: =(MIN('근거_SVK HCT처방량'!K31+0.05*('근거_SVK HCT처방량'!K6*'근거_SVK HCT처방량'!K9*'근거_SVK HCT처방량'!K15+'근거_SVK HCT처방량'!K6*'근거_SVK HCT처방량'!K10*'근거_SVK HCT처방량'!K20),('근거_SVK HCT처방량'!K6*'근거_SVK HCT처방량'!K9*'근거_SVK HCT처방량'!K15+'근거_SVK HCT처방량'!K6*'근거_SVK HCT처방량'!K10*'근거_SVK HCT처방량'!K20)))/K24 | L18: =(MIN('근거_SVK HCT처방량'!L31+0.05*('근거_SVK HCT처방량'!L6*'근거_SVK HCT처방량'!L9*'근거_SVK HCT처방량'!L15+'근거_SVK HCT처방량'!L6*'근거_SVK HCT처방량'!L10*'근거_SVK HCT처방량'!L20),('근거_SVK HCT처방량'!L6*'근거_SVK HCT처방량'!L9*'근거_SVK HCT처방량'!L15+'근거_SVK HCT처방량'!L6*'근거_SVK HCT처방량'!L10*'근거_SVK HCT처방량'!L20)))/L24 | M18: =(MIN('근거_SVK HCT처방량'!M31+0.05*('근거_SVK HCT처방량'!M6*'근거_SVK HCT처방량'!M9*'근거_SVK HCT처방량'!M15+'근거_SVK HCT처방량'!M6*'근거_SVK HCT처방량'!M10*'근거_SVK HCT처방량'!M20),('근거_SVK HCT처방량'!M6*'근거_SVK HCT처방량'!M9*'근거_SVK HCT처방량'!M15+'근거_SVK HCT처방량'!M6*'근거_SVK HCT처방량'!M10*'근거_SVK HCT처방량'!M20)))/M24 | N18: =(MIN('근거_SVK HCT처방량'!N31+0.05*('근거_SVK HCT처방량'!N6*'근거_SVK HCT처방량'!N9*'근거_SVK HCT처방량'!N15+'근거_SVK HCT처방량'!N6*'근거_SVK HCT처방량'!N10*'근거_SVK HCT처방량'!N20),('근거_SVK HCT처방량'!N6*'근거_SVK HCT처방량'!N9*'근거_SVK HCT처방량'!N15+'근거_SVK HCT처방량'!N6*'근거_SVK HCT처방량'!N10*'근거_SVK HCT처방량'!N20)))/N24
A19: : Model Base 기준, 성분 내 Original 비율 +5%p 방어 시나리오 (HP·GP 동시 적용) | J19: =J18/J10-1 | K19: =K18/K10-1 | L19: =L18/L10-1 | M19: =M18/M10-1 | N19: =N18/N10-1
A20: ▶ 6) Worst Scenario (±5%p) [FY2027~FY2030 : (Base 처방량 + 침투율 +5%p 효과 (침투 확대에 따른 감소분 반영)) ÷ 전환비율] | J20: =('근거_SVK HCT처방량'!J31)/J24 | K20: =('근거_SVK HCT처방량'!K31-0.05*('근거_SVK HCT처방량'!K6*'근거_SVK HCT처방량'!K9*'근거_SVK HCT처방량'!K15+'근거_SVK HCT처방량'!K6*'근거_SVK HCT처방량'!K10*'근거_SVK HCT처방량'!K20))/K24 | L20: =('근거_SVK HCT처방량'!L31-0.05*('근거_SVK HCT처방량'!L6*'근거_SVK HCT처방량'!L9*'근거_SVK HCT처방량'!L15+'근거_SVK HCT처방량'!L6*'근거_SVK HCT처방량'!L10*'근거_SVK HCT처방량'!L20))/L24 | M20: =('근거_SVK HCT처방량'!M31-0.05*('근거_SVK HCT처방량'!M6*'근거_SVK HCT처방량'!M9*'근거_SVK HCT처방량'!M15+'근거_SVK HCT처방량'!M6*'근거_SVK HCT처방량'!M10*'근거_SVK HCT처방량'!M20))/M24 | N20: =('근거_SVK HCT처방량'!N31-0.05*('근거_SVK HCT처방량'!N6*'근거_SVK HCT처방량'!N9*'근거_SVK HCT처방량'!N15+'근거_SVK HCT처방량'!N6*'근거_SVK HCT처방량'!N10*'근거_SVK HCT처방량'!N20))/N24
A21: : Model Base 기준, 성분 내 Original 비율 -5%p 잠식 시나리오 (HP·GP 동시 적용) | J21: =J20/J10-1 | K21: =K20/K10-1 | L21: =L20/L10-1 | M21: =M20/M10-1 | N21: =N20/N10-1
A23: ■ C. 전환비율 (처방량 ÷ 매출수량) [FY2018~2025 : 산출치 | FY2026~2030 : FY22~25 평균]
A24: 전환비율 | B24: =B7/B10 | C24: =C7/C10 | D24: =D7/D10 | E24: =E7/E10 | F24: =F7/F10 | G24: =G7/G10 | H24: =H7/H10 | I24: =I7/I10 | J24: =AVERAGE(F24:I24) | K24: =J24 | L24: =K24 | M24: =L24 | N24: =M24 | P24: =P7/P10
A26: ■ D. 단가 (원/T) [연도별 단가 : 기준단가(제형/채널 환산) × 연도별 약가 배율 (인하 고시 시 28행 수정) ]
A27: 환산 단가 (원/T) | B27: 615.60679 | C27: (FY26 기준 채널·용량별 목표단가의 물량가중 평균 단일가 — 하단 [참고] 목표단가 표 참조)
A28: 약가 배율 (%) | J28: 1 | K28: 1 | L28: 1 | M28: 1 | N28: 1 | O28: ◀ 약가 인하 고시 없음 → 100% 유지 (인하 확정 시 해당 연도 배율만 수정)
A29: 단가 (원/T) | J29: =$B$27*J28 | K29: =$B$27*K28 | L29: =$B$27*L28 | M29: =$B$27*M28 | N29: =$B$27*N28
A31: ■ E. DSKR 시장매출액 (백만원) [FY2018~2025 : 실측 수량 × FY2026 목표단가 | FY2026~FY2030 : DSKR 매출 수량(B) × 단가(D) ]
A32: ▶ 1) Model Base : (B-1) × (D) | B32: 25856.405 | C32: 27546.319 | D32: 28793.402 | E32: 32003.477 | F32: 33489.508 | G32: 34082.5 | H32: 34371.162 | I32: 33910.338 | J32: =J10*J29/1000000 | K32: =K10*K29/1000000 | L32: =L10*L29/1000000 | M32: =M10*M29/1000000 | N32: =N10*N29/1000000
A33: YoY 증감률 | C33: =IFERROR(C32/B32-1,"") | D33: =IFERROR(D32/C32-1,"") | E33: =IFERROR(E32/D32-1,"") | F33: =IFERROR(F32/E32-1,"") | G33: =IFERROR(G32/F32-1,"") | H33: =IFERROR(H32/G32-1,"") | I33: =IFERROR(I32/H32-1,"") | J33: =IFERROR(J32/I32-1,"") | ... N33: =IFERROR(N32/M32-1,"")
A34: ▶ 2) MKT Base : MKT Base(B-2) × 단가(D) | J34: =IF($J$12="","",J12*J29/1000000) | K34: =IF($J$12="","",K12*K29/1000000) | L34: =IF($J$12="","",L12*L29/1000000) | M34: =IF($J$12="","",M12*M29/1000000) | N34: =IF($J$12="","",N12*N29/1000000)
A35: ▶ 3) Best (±10%p) : Best 수량(B-3) × 단가(D) | J35: =J14*J29/1000000 | K35: =K14*K29/1000000 | L35: =L14*L29/1000000 | M35: =M14*M29/1000000 | N35: =N14*N29/1000000
A36: ▶ 4) Worst (±10%p) : Worst 수량(B-4) × 단가(D) | J36: =J16*J29/1000000 | K36: =K16*K29/1000000 | L36: =L16*L29/1000000 | M36: =M16*M29/1000000 | N36: =N16*N29/1000000
A37: ▶ 5) Best (±5%p) : Best 수량(B-5) × 단가(D) | J37: =J18*J29/1000000 | K37: =K18*K29/1000000 | L37: =L18*L29/1000000 | M37: =M18*M29/1000000 | N37: =N18*N29/1000000
A38: ▶ 6) Worst (±5%p) : Worst 수량(B-6) × 단가(D) | J38: =J20*J29/1000000 | K38: =K20*K29/1000000 | L38: =L20*L29/1000000 | M38: =M20*M29/1000000 | N38: =N20*N29/1000000
B40: [참고]
B41: *시나리오 밴드 설정 및 산출 기준
B42: · 시나리오 기준 (민감도 1위 지표: 제네릭 침투율 = 1 − 성분 내 Original 비율 적용) — ±10%p(주 밴드)·±5%p(보조 밴드) 2단계
B43: - Best (침투 방어): 성분 내 Original 비율 +10%p / +5%p (영업·마케팅의 오리지널 처방 유지 활동 성공 가정) → 매출 상단
B44: - Worst (시장 잠식): 성분 내 Original 비율 -10%p / -5%p (GP 채널 제네릭 잠식 가속 가정, 자체 실측 추세 기반) → 매출 하단
B45: · 핵심 산출 근거: 세비카HCT 자체 실측 제네릭 침투 경로 (FY2019Q1~FY2026Q1, 근거_제네릭벤치마크) 기준 가감
B46: · 전략적 시사점
B47: - Best와 Worst 시나리오 간의 최종 매출 격차(Band 폭)는 단순한 예측 오차가 아니라, 당사 영업(Sales) 및 마케팅 부서의 선제적 방어 활동이 창출해 내야 할 '전략적 목표 가치(Value)'를 의미
B48: · 모델링 전제 조건
B49: - 핵심 변수 집중: 유병률 등 영향도가 낮은 후순위 변수와 '약가 경로'는 기본값(Base)으로 고정하여, 가장 민감도가 높은 '침투율 증감'의 단일 영향력을 명확히 함.
B50: - 예외 적용: 1분기 실측이 반영된 FY2026은 시나리오 밴드 미적용 (세일즈 포캐스트 대상은 FY2027~)
B52: ※ 출처 : UBIST(2018~2025), 내부 시장매출
... B58: [참고] FY2026 목표단가 (제형/채널별, 원/정) — 환산 단가(B27)의 산출 원천
B59: 채널 | C59: 5/20mg | D59: 5/40mg | E59: 10/40mg
B60: H.P | C60: 601.10834 | D60: 652.03571 | E60: 698.67857
B61: G.P | C61: 601.10834 | D61: 652.03571 | E61: 698.67857
B62: Online | C62: 307.13739 | D62: 333.56451 | E62: 357.81501
B63: (채널·용량별 목표단가 물량가중 평균한 단일 가격; FY26BGT 수치참조)

Sheet 근거_제네릭벤치마크
A2: 제네릭 침투 벤치마크 _ 세비카HCT(올메사르탄/암로디핀/HCTZ) 자체 실측 경로
A5: ① 제네릭 침투 속도 (성분 내 제네릭 비중 = 1 − Original 비율, 제네릭 진입 관측 후 경과분기 기준) ▼ 잠식 벤치마크
A6: 경과 | B6: 세비카HCT HP (성분 내 제네릭 비중) | C6: 세비카HCT GP (성분 내 제네릭 비중) | D6: FY분기
A7: +1Q | B7: =1-'근거_SVK HCT처방량'!F51 | C7: =1-'근거_SVK HCT처방량'!F53 | D7: ='근거_SVK HCT처방량'!F49
A8: +2Q | B8: =1-'근거_SVK HCT처방량'!G51 | C8: =1-'근거_SVK HCT처방량'!G53 | D8: ='근거_SVK HCT처방량'!G49
A9: +3Q | B9: =1-'근거_SVK HCT처방량'!H51 | C9: =1-'근거_SVK HCT처방량'!H53 | D9: ='근거_SVK HCT처방량'!H49
A10: +4Q | B10: =1-'근거_SVK HCT처방량'!I51 | C10: =1-'근거_SVK HCT처방량'!I53 | D10: ='근거_SVK HCT처방량'!I49
A11: +5Q | B11: =1-'근거_SVK HCT처방량'!J51 | C11: =1-'근거_SVK HCT처방량'!J53 | D11: ='근거_SVK HCT처방량'!J49
A12: +6Q | B12: =1-'근거_SVK HCT처방량'!K51 | C12: =1-'근거_SVK HCT처방량'!K53 | D12: ='근거_SVK HCT처방량'!K49
A13: +7Q | B13: =1-'근거_SVK HCT처방량'!L51 | C13: =1-'근거_SVK HCT처방량'!L53 | D13: ='근거_SVK HCT처방량'!L49
A14: +8Q | B14: =1-'근거_SVK HCT처방량'!M51 | C14: =1-'근거_SVK HCT처방량'!M53 | D14: ='근거_SVK HCT처방량'!M49
A15: +9Q | B15: =1-'근거_SVK HCT처방량'!N51 | C15: =1-'근거_SVK HCT처방량'!N53 | D15: ='근거_SVK HCT처방량'!N49
A16: +10Q | B16: =1-'근거_SVK HCT처방량'!O51 | C16: =1-'근거_SVK HCT처방량'!O53 | D16: ='근거_SVK HCT처방량'!O49
A17: +11Q | B17: =1-'근거_SVK HCT처방량'!P51 | C17: =1-'근거_SVK HCT처방량'!P53 | D17: ='근거_SVK HCT처방량'!P49
A18: +12Q | B18: =1-'근거_SVK HCT처방량'!Q51 | C18: =1-'근거_SVK HCT처방량'!Q53 | D18: ='근거_SVK HCT처방량'!Q49
A19: +13Q | B19: =1-'근거_SVK HCT처방량'!R51 | C19: =1-'근거_SVK HCT처방량'!R53 | D19: ='근거_SVK HCT처방량'!R49
A20: +14Q | B20: =1-'근거_SVK HCT처방량'!S51 | C20: =1-'근거_SVK HCT처방량'!S53 | D20: ='근거_SVK HCT처방량'!S49
A21: +15Q | B21: =1-'근거_SVK HCT처방량'!T51 | C21: =1-'근거_SVK HCT처방량'!T53 | D21: ='근거_SVK HCT처방량'!T49
A22: +16Q | B22: =1-'근거_SVK HCT처방량'!U51 | C22: =1-'근거_SVK HCT처방량'!U53 | D22: ='근거_SVK HCT처방량'!U49
A23: +17Q | B23: =1-'근거_SVK HCT처방량'!V51 | C23: =1-'근거_SVK HCT처방량'!V53 | D23: ='근거_SVK HCT처방량'!V49
A24: +18Q | B24: =1-'근거_SVK HCT처방량'!W51 | C24: =1-'근거_SVK HCT처방량'!W53 | D24: ='근거_SVK HCT처방량'!W49
A25: +19Q | B25: =1-'근거_SVK HCT처방량'!X51 | C25: =1-'근거_SVK HCT처방량'!X53 | D25: ='근거_SVK HCT처방량'!X49
A26: +20Q | B26: =1-'근거_SVK HCT처방량'!Y51 | C26: =1-'근거_SVK HCT처방량'!Y53 | D26: ='근거_SVK HCT처방량'!Y49
A27: +21Q | B27: =1-'근거_SVK HCT처방량'!Z51 | C27: =1-'근거_SVK HCT처방량'!Z53 | D27: ='근거_SVK HCT처방량'!Z49
A28: +22Q | B28: =1-'근거_SVK HCT처방량'!AA51 | C28: =1-'근거_SVK HCT처방량'!AA53 | D28: ='근거_SVK HCT처방량'!AA49
A29: +23Q | B29: =1-'근거_SVK HCT처방량'!AB51 | C29: =1-'근거_SVK HCT처방량'!AB53 | D29: ='근거_SVK HCT처방량'!AB49
A30: +24Q | B30: =1-'근거_SVK HCT처방량'!AC51 | C30: =1-'근거_SVK HCT처방량'!AC53 | D30: ='근거_SVK HCT처방량'!AC49
A31: +25Q | B31: =1-'근거_SVK HCT처방량'!AD51 | C31: =1-'근거_SVK HCT처방량'!AD53 | D31: ='근거_SVK HCT처방량'!AD49
A32: +26Q | B32: =1-'근거_SVK HCT처방량'!AE51 | C32: =1-'근거_SVK HCT처방량'!AE53 | D32: ='근거_SVK HCT처방량'!AE49
A33: +27Q | B33: =1-'근거_SVK HCT처방량'!AF51 | C33: =1-'근거_SVK HCT처방량'!AF53 | D33: ='근거_SVK HCT처방량'!AF49
A34: +28Q | B34: =1-'근거_SVK HCT처방량'!AG51 | C34: =1-'근거_SVK HCT처방량'!AG53 | D34: ='근거_SVK HCT처방량'!AG49
A35: +29Q | B35: =1-'근거_SVK HCT처방량'!AH51 | C35: =1-'근거_SVK HCT처방량'!AH53 | D35: ='근거_SVK HCT처방량'!AH49
A36: ="→ 세비카HCT(제네릭 FY2019Q1 진입): GP는 +4Q에 "&TEXT(C10,"0.0%")&", +12Q에 "&TEXT(C18,"0.0%")&", +29Q(FY2026Q1) "&TEXT(C35,"0.0%")&"까지 완만한 잠식 지속(plateau 미확인). HP는 +29Q에도 "&TEXT(B35,"0.0%")&"로 침투 미미 — 채널 간 침투 속도 격차가 매우 큼."
A37: ▶ 모델 적용: HP Original 비율은 직접 선형회귀, GP Original 비율은 최근 구간 로짓회귀(근거_SVK HCT처방량 ■C·D, 파라미터 37·39행) — 자체 실측 경로를 그대로 연장
A39: ② 성분 MS 변화 (제네릭 진입 전후, 시장확대효과 MEE 검증) ▲ 확대 벤치마크
A40: 성분(브랜드) | B40: 채널 | C40: 진입전 MS (FY2018Q4) | D40: 최신 MS (FY2026Q1) | E40: genpen@최신 | F40: MEE계수(gain/genpen)
A41: Olmesartan+Aml+HCTZ (세비카HCT) | B41: HP | C41: ='근거_SVK HCT처방량'!E50 | D41: ='근거_SVK HCT처방량'!AH50 | E41: =1-'근거_SVK HCT처방량'!AH51 | F41: =IFERROR((D41-C41)/E41,"")
A42: Olmesartan+Aml+HCTZ (세비카HCT) | B42: GP | C42: ='근거_SVK HCT처방량'!E52 | D42: ='근거_SVK HCT처방량'!AH52 | E42: =1-'근거_SVK HCT처방량'!AH53 | F42: =IFERROR((D42-C42)/E42,"")
A43: → 두 채널 모두 MEE계수가 음(−): 제네릭 진입 후 성분(Olmesartan 3제) MS 자체가 하락하여 시장확대효과가 관측되지 않음. 따라서 본 모델은 성분 MS(하한형 로지스틱)와 성분 내 Original 비율을 분리 추정하며 MEE 가산은 적용하지 않음.
A45: 결론 :
A46: · 세비카HCT의 제네릭 침투는 GP 채널에 집중되며 7년(+29Q)이 지나도 plateau가 확인되지 않아, 시나리오 밴드(±10%p)는 GP 잠식 지속 vs 방어를 대칭으로 둔다.
A47: · HP 채널은 침투가 극히 완만(+29Q 약 6%)하므로 HP 침투 가속(코드인 확대)이 하방 리스크의 핵심 감시 항목 — 모니터링_월별에서 채널별 Original 비율 이탈을 감시.
A49: ※ 출처 : UBIST (근거_SVK HCT처방량 [부록] 분기 원자료)

Sheet 근거_민감도
A2: SVK HCT FCST 민감도 : 변동요인별 ± 이동이 Model Base 매출에 주는 영향
A4: ■ A. 방법
A5: · 방법: 한 번에 한 레버씩 하방/상방 조건으로 이동시켜 Model Base 매출(근거_매출 ■E-1)을 재계산. 레버 간 상관 미반영(일원 민감도). 사본 재계산(LibreOffice 전체 재계산) 결과의 정적 기록
A8: ■ B. 레버 정의
B9: 모델 내 위치 | C9: 기준값 | D9: 하방조건 | E9: 상방조건 | F9: 범위설정 근거
A10: L1 유병률 | B10: 근거_유병환자수 29행 (전체 유병환자수) | C10: 연령별 회귀/가중평균 | D10: -2% | E10: +2% | F10: 동등 산포의 레벨 쇼크(±2%) 근사
A11: L2 의료이용비율 | B11: 근거_의료이용환자수 C16:E16 | C11: 0.972 | D11: 0.8075 | E11: 1.0095 | F11: 2014~24 실측 최소·최대
A12: L3 치료비율 | B12: 근거_고혈압치료환자수 B16:C16 (선형회귀) | C12: 선형회귀 | D12: 0.8661 | E12: 0.8867 | F12: 2014~23 실측 최소·최대 (수준 고정)
A13: L4 ARB 처방률 상한 L | B13: 근거_ARB처방환자수 B20 (S-curve L) | C13: 0.88 | D13: 0.83 | E13: 0.93 | F13: curve_fit 표준오차 ±5%p
A14: L5 VPP 증가일수 | B14: 근거_ARB처방량 C16 (FY27~ 증가 일수) | C14: 3 | D14: 0 | E14: 6 | F14: 증가 정지 ~ 최근 3개년 평균의 2배
A15: L6 ARB+CCB+DU 비율 상한 L | B15: 근거_ARB+CCB+DU복합제처방량 D23 | C15: 0.115 | D15: 0.105 | E15: 0.125 | F15: curve_fit 상한 불확실성 ±1%p
A16: L7 HP:GP 비율 하한 | B16: 근거_SVK HCT처방량 D35 (floor) | C16: 0.22 | D16: 0.2 | E16: 0.225 | F16: 판단 고정값 -2%p / +0.5%p (상방은 최근 분기 실측 최소 22.8% 미만으로 제한)
A17: L8 Olmesartan MS 하한 | B17: 근거_SVK HCT처방량 D36·D38 (floor) | C17: 47.0% / 37.9% | D17: -4%p | E17: +4%p | F17: curve_fit SE(floor)=±4.00%p, HP·GP 동시
A18: L9 제네릭 침투 | B18: 근거_SVK HCT처방량 16·21행 (Original 비율) | C18: 자체 실측 회귀 | D18: 침투 +10%p | E18: 침투 -10%p | F18: 자체 경로 plateau 불확실성 — MTS 밴드와 동일 정의
A19: L10 전환비율 | B19: 근거_매출 20행 (FY22~25 평균) | C19: 0.9873 | D19: 1.0074 | E19: 0.9557 | F19: FY2022~25 실측 최소·최대
A21: ■ C. 결과 — 기준 대비 매출 변화율
B22: FY2027하방 | C22: FY2027상방 | D22: FY2030하방 | E22: FY2030상방 | F22: FY2030 최대영향(±)
A23: L9 제네릭 침투 | B23: =근거_매출!K36/근거_매출!K32-1 | C23: =근거_매출!K35/근거_매출!K32-1 | D23: =근거_매출!N36/근거_매출!N32-1 | E23: =근거_매출!N35/근거_매출!N32-1 | F23: =MAX(ABS(D23),ABS(E23))
A24: L8 Olmesartan MS 하한 | B24: =-0.085844 | C24: =0.085844 | D24: =-0.08675 | E24: =0.08675 | F24: =MAX(ABS(D24),ABS(E24))
A25: L6 ARB+CCB+DU 비율 상한 L | B25: =-0.085145 | C25: =0.085145 | D25: =-0.085169 | E25: =0.085169 | F25: =MAX(ABS(D25),ABS(E25))
A26: L2 의료이용비율 | B26: =0.036015 | C26: =-0.014373 | D26: =0.054992 | E26: =-0.020366 | F26: =MAX(ABS(D26),ABS(E26))
A27: L10 전환비율 | B27: =-0.019952 | C27: =0.033065 | D27: =-0.019952 | E27: =0.033065 | F27: =MAX(ABS(D27),ABS(E27))
A28: L7 HP:GP 비율 하한 | B28: =-0.006432 | C28: =0.003188 | D28: =-0.021217 | E28: =0.006679 | F28: =MAX(ABS(D28),ABS(E28))
A29: L5 VPP 증가일수 | B29: =-0.002981 | C29: =0.011923 | D29: =-0.005944 | E29: =0.017831 | F29: =MAX(ABS(D29),ABS(E29))
A30: L1 유병률 | B30: =0.002862 | C30: =-0.006021 | D30: =0.002794 | E30: =-0.012007 | F30: =MAX(ABS(D30),ABS(E30))
A31: L3 치료비율 | B31: =0.003621 | C31: =-0.002099 | D31: =0.000145 | E31: =-0.008322 | F31: =MAX(ABS(D31),ABS(E31))
A32: L4 ARB 처방률 상한 L | B32: =0.000441 | C32: =0.001442 | D32: =-0.00743 | E32: =0.006345 | F32: =MAX(ABS(D32),ABS(E32))
A34: · L9 침투는 MTS 밴드(근거_매출 35·36행, ±10%p)와 동일 정의라 수식 참조(라이브). 나머지는 사본 재계산의 정적 기록
A35: · L1 유병률은 동등 산포의 레벨 쇼크(±2%)로 근사. 환자 체인(L1~L4)의 FY2026 영향은 구조적으로 0에 가까움 — V1.1은 FY2025 실측 처방량을 앵커로 VPP를 역산(처방량÷환자수)하므로, 환자수의 '레벨' 변화는 VPP가 반대로 움직여 상쇄되고 성장 경로 변화만 FY2027~ 에 전파된다
A36: · L5·L6·L7·L8은 FY2026 예측이 실측 1분기+예측 3분기 평균이므로 FY2027 이후로 갈수록 영향이 커진다
A37: · L1~L3 하방(환자수 감소)에서 매출이 오히려 증가하는 것은 오류가 아니라 구조적 결과 — VPP 역산값 상승이 최근 3개년 VPP 증가일수 파라미터(근거_ARB처방량 C16)로 전파되기 때문. 환자 체인은 검증·설명용 역할
A38: · 결과 수치는 근거_민감도 산출 시점(2026-09-14)의 모델 상태 기준이며, 원본_RAW 갱신 시 L9 외 정적 값은 재산출 필요
A41: ■ D. 차트 소스 데이터
A42: 요인(±%) | B42: L4 ARB 처방률 상한 L | C42: L3 치료비율 | D42: L1 유병률 | E42: L5 VPP 증가일수 | F42: L7 HP:GP 비율 하한 | G42: L10 전환비율 | H42: L2 의료이용비율 | I42: L6 ARB+CCB+DU 비율 상한 L | J42: L8 Olmesartan MS 하한 | K42: L9 제네릭 침투
A43: 영향(%) | B43: =ROUND(F32*100,1) | C43: =ROUND(F31*100,1) | D43: =ROUND(F30*100,1) | E43: =ROUND(F29*100,1) | F43: =ROUND(F28*100,1) | G43: =ROUND(F27*100,1) | H43: =ROUND(F26*100,1) | I43: =ROUND(F25*100,1) | J43: =ROUND(F24*100,1) | K43: =ROUND(F23*100,1)
A45: FY2030(억) | B45: 침투 가속(-10%p) | C45: Base | D45: 침투 방어(+10%p)
A46: 매출 | B46: =ROUND(근거_매출!N36/100,0) | C46: =ROUND(근거_매출!N32/100,0) | D46: =ROUND(근거_매출!N35/100,0)
A47: 매출 (±5%p 밴드) | B47: =ROUND(근거_매출!N38/100,0) | C47: =ROUND(근거_매출!N32/100,0) | D47: =ROUND(근거_매출!N37/100,0)

Sheet CALC
B2: Part 1) 고혈압환자수&시장 예측 [CY 기준 · 역년 1~12월] / UBIST 처방량 예측 [FY 기준 · 회계연도 4~3월]
B3: 연도 | C3: 유병환자수 | E3: 의료이용환자수 | G3: 치료환자수 | I3: ARB 처방 환자수 | L3: ARB 처방량 (UBIST) | O3: ARB+CCB+DU복합제 처방량 (UBIST) | Q3: ARB+CCB+DU복합제 HP:GP 처방량 (UBIST) | U3: SVK HCT처방량 (UBIST)
A4: 전체인구수 | B4: CY연도기준 | C4: 환자수 | D4: 유병률 | E4: 환자수 | F4: 의료이용비율 | G4: 환자수 | H4: 치료비율 | I4: 환자수 | J4: 처방비율 | K4: 환자수 Yoy | L4: 환자당 연간 처방일수 | M4: 수량 (T) | N4: 처방량 YoY | O4: 수량 (T) | P4: 비율 | Q4: HP 수량 (T) | R4: 비율 | S4: GP 수량 (T) | T4: 비율 | U4: HP 수량 (T) | V4: HP MS% | W4: 처방량 YoY | X4: GP 수량 (T) | Y4: GP MS% | Z4: 처방량 YoY | AA4: Total 수량 (T) | AB4: Total MS% | AC4: 처방량 YoY
A5: =근거_유병환자수!B12 | B5: 2010 | C5: =근거_유병환자수!B29 | D5: =IFERROR(C5/A5,"") | E5: =근거_의료이용환자수!B9 | F5: =IFERROR(E5/C5,"") | G5: =근거_고혈압치료환자수!B$9 | H5: =IFERROR(G5/E5,"") | I5: =근거_ARB처방환자수!B12 | J5: =IFERROR(I5/G5,"")
A6: =근거_유병환자수!C12 | B6: 2011 | C6: =근거_유병환자수!C29 | D6: =IFERROR(C6/A6,"") | E6: =근거_의료이용환자수!C9 | F6: =IFERROR(E6/C6,"") | G6: =근거_고혈압치료환자수!C$9 | H6: =IFERROR(G6/E6,"") | I6: =근거_ARB처방환자수!C12 | J6: =IFERROR(I6/G6,"") | K6: =IFERROR(I6/I5-1,"") | N6: =IFERROR(M6/M5-1,"")
A7: =근거_유병환자수!D12 | B7: 2012 | C7: =근거_유병환자수!D29 | D7: =IFERROR(C7/A7,"") | E7: =근거_의료이용환자수!D9 | F7: =IFERROR(E7/C7,"") | G7: =근거_고혈압치료환자수!D$9 | H7: =IFERROR(G7/E7,"") | I7: =근거_ARB처방환자수!D12 | J7: =IFERROR(I7/G7,"") | K7: =IFERROR(I7/I6-1,"") | N7: =IFERROR(M7/M6-1,"")
A8: =근거_유병환자수!E12 | B8: 2013 | C8: =근거_유병환자수!E29 | D8: =IFERROR(C8/A8,"") | E8: =근거_의료이용환자수!E9 | F8: =IFERROR(E8/C8,"") | G8: =근거_고혈압치료환자수!E$9 | H8: =IFERROR(G8/E8,"") | I8: =근거_ARB처방환자수!E12 | J8: =IFERROR(I8/G8,"") | K8: =IFERROR(I8/I7-1,"") | N8: =IFERROR(M8/M7-1,"")
A9: =근거_유병환자수!F12 | B9: 2014 | C9: =근거_유병환자수!F29 | D9: =IFERROR(C9/A9,"") | E9: =근거_의료이용환자수!F9 | F9: =IFERROR(E9/C9,"") | G9: =근거_고혈압치료환자수!F$9 | H9: =IFERROR(G9/E9,"") | I9: =근거_ARB처방환자수!F12 | J9: =IFERROR(I9/G9,"") | K9: =IFERROR(I9/I8-1,"") | N9: =IFERROR(M9/M8-1,"")
A10: =근거_유병환자수!G12 | B10: 2015 | C10: =근거_유병환자수!G29 | D10: =IFERROR(C10/A10,"") | E10: =근거_의료이용환자수!G9 | F10: =IFERROR(E10/C10,"") | G10: =근거_고혈압치료환자수!G$9 | H10: =IFERROR(G10/E10,"") | I10: =근거_ARB처방환자수!G12 | J10: =IFERROR(I10/G10,"") | K10: =IFERROR(I10/I9-1,"") | L10: =근거_ARB처방량!G12 | M10: =근거_ARB처방량!G9 | N10: =IFERROR(M10/M9-1,"")
A11: =근거_유병환자수!H12 | B11: 2016 | C11: =근거_유병환자수!H29 | D11: =IFERROR(C11/A11,"") | E11: =근거_의료이용환자수!H9 | F11: =IFERROR(E11/C11,"") | G11: =근거_고혈압치료환자수!H$9 | H11: =IFERROR(G11/E11,"") | I11: =근거_ARB처방환자수!H12 | J11: =IFERROR(I11/G11,"") | K11: =IFERROR(I11/I10-1,"") | L11: =근거_ARB처방량!H12 | M11: =근거_ARB처방량!H9 | N11: =IFERROR(M11/M10-1,"")
A12: =근거_유병환자수!I12 | B12: 2017 | C12: =근거_유병환자수!I29 | D12: =IFERROR(C12/A12,"") | E12: =근거_의료이용환자수!I9 | F12: =IFERROR(E12/C12,"") | G12: =근거_고혈압치료환자수!I$9 | H12: =IFERROR(G12/E12,"") | I12: =근거_ARB처방환자수!I12 | J12: =IFERROR(I12/G12,"") | K12: =IFERROR(I12/I11-1,"") | L12: =근거_ARB처방량!I12 | M12: =근거_ARB처방량!I9 | N12: =IFERROR(M12/M11-1,"")
A13: =근거_유병환자수!J12 | B13: 2018 | C13: =근거_유병환자수!J29 | D13: =IFERROR(C13/A13,"") | E13: =근거_의료이용환자수!J9 | F13: =IFERROR(E13/C13,"") | G13: =근거_고혈압치료환자수!J$9 | H13: =IFERROR(G13/E13,"") | I13: =근거_ARB처방환자수!J12 | J13: =IFERROR(I13/G13,"") | K13: =IFERROR(I13/I12-1,"") | L13: =근거_ARB처방량!J12 | M13: =근거_ARB처방량!J9 | N13: =IFERROR(M13/M12-1,"") | O13: ='근거_ARB+CCB+DU복합제처방량'!B15 | P13: =IFERROR(O13/M13,"") | Q13: =$O13*R13 | R13: ='근거_SVK HCT처방량'!B9 | S13: =$O13*T13 | T13: ='근거_SVK HCT처방량'!B10 | U13: ='근거_SVK HCT처방량'!B$29 | V13: =IFERROR(U13/Q13,"") | X13: ='근거_SVK HCT처방량'!B$30 | Y13: =IFERROR(X13/S13,"") | AA13: =U13+X13 | AB13: =IFERROR(AA13/O13,"")
A14: =근거_유병환자수!K12 | B14: 2019 | C14: =근거_유병환자수!K29 | D14: =IFERROR(C14/A14,"") | E14: =근거_의료이용환자수!K9 | F14: =IFERROR(E14/C14,"") | G14: =근거_고혈압치료환자수!K$9 | H14: =IFERROR(G14/E14,"") | I14: =근거_ARB처방환자수!K12 | J14: =IFERROR(I14/G14,"") | K14: =IFERROR(I14/I13-1,"") | L14: =근거_ARB처방량!K12 | M14: =근거_ARB처방량!K9 | N14: =IFERROR(M14/M13-1,"") | O14: ='근거_ARB+CCB+DU복합제처방량'!C15 | P14: =IFERROR(O14/M14,"") | Q14: =$O14*R14 | R14: ='근거_SVK HCT처방량'!C9 | S14: =$O14*T14 | T14: ='근거_SVK HCT처방량'!C10 | U14: ='근거_SVK HCT처방량'!C$29 | V14: =IFERROR(U14/Q14,"") | W14: =IFERROR(U14/U13-1,"") | X14: ='근거_SVK HCT처방량'!C$30 | Y14: =IFERROR(X14/S14,"") | Z14: =IFERROR(X14/X13-1,"") | AA14: =U14+X14 | AB14: =IFERROR(AA14/O14,"") | AC14: =IFERROR(AA14/AA13-1,"")
A15: =근거_유병환자수!L12 | B15: 2020 | C15: =근거_유병환자수!L29 | D15: =IFERROR(C15/A15,"") | E15: =근거_의료이용환자수!L9 | F15: =IFERROR(E15/C15,"") | G15: =근거_고혈압치료환자수!L$9 | H15: =IFERROR(G15/E15,"") | I15: =근거_ARB처방환자수!L12 | J15: =IFERROR(I15/G15,"") | K15: =IFERROR(I15/I14-1,"") | L15: =근거_ARB처방량!L12 | M15: =근거_ARB처방량!L9 | N15: =IFERROR(M15/M14-1,"") | O15: ='근거_ARB+CCB+DU복합제처방량'!D15 | P15: =IFERROR(O15/M15,"") | Q15: =$O15*R15 | R15: ='근거_SVK HCT처방량'!D9 | S15: =$O15*T15 | T15: ='근거_SVK HCT처방량'!D10 | U15: ='근거_SVK HCT처방량'!D$29 | V15: =IFERROR(U15/Q15,"") | W15: =IFERROR(U15/U14-1,"") | X15: ='근거_SVK HCT처방량'!D$30 | Y15: =IFERROR(X15/S15,"") | Z15: =IFERROR(X15/X14-1,"") | AA15: =U15+X15 | AB15: =IFERROR(AA15/O15,"") | AC15: =IFERROR(AA15/AA14-1,"")
A16: =근거_유병환자수!M12 | B16: 2021 | C16: =근거_유병환자수!M29 | D16: =IFERROR(C16/A16,"") | E16: =근거_의료이용환자수!M9 | F16: =IFERROR(E16/C16,"") | G16: =근거_고혈압치료환자수!M$9 | H16: =IFERROR(G16/E16,"") | I16: =근거_ARB처방환자수!M12 | J16: =IFERROR(I16/G16,"") | K16: =IFERROR(I16/I15-1,"") | L16: =근거_ARB처방량!M12 | M16: =근거_ARB처방량!M9 | N16: =IFERROR(M16/M15-1,"") | O16: ='근거_ARB+CCB+DU복합제처방량'!E15 | P16: =IFERROR(O16/M16,"") | Q16: =$O16*R16 | R16: ='근거_SVK HCT처방량'!E9 | S16: =$O16*T16 | T16: ='근거_SVK HCT처방량'!E10 | U16: ='근거_SVK HCT처방량'!E$29 | V16: =IFERROR(U16/Q16,"") | W16: =IFERROR(U16/U15-1,"") | X16: ='근거_SVK HCT처방량'!E$30 | Y16: =IFERROR(X16/S16,"") | Z16: =IFERROR(X16/X15-1,"") | AA16: =U16+X16 | AB16: =IFERROR(AA16/O16,"") | AC16: =IFERROR(AA16/AA15-1,"")
A17: =근거_유병환자수!N12 | B17: 2022 | C17: =근거_유병환자수!N29 | D17: =IFERROR(C17/A17,"") | E17: =근거_의료이용환자수!N9 | F17: =IFERROR(E17/C17,"") | G17: =근거_고혈압치료환자수!N$9 | H17: =IFERROR(G17/E17,"") | I17: =근거_ARB처방환자수!N12 | J17: =IFERROR(I17/G17,"") | K17: =IFERROR(I17/I16-1,"") | L17: =근거_ARB처방량!N12 | M17: =근거_ARB처방량!N9 | N17: =IFERROR(M17/M16-1,"") | O17: ='근거_ARB+CCB+DU복합제처방량'!F15 | P17: =IFERROR(O17/M17,"") | Q17: =$O17*R17 | R17: ='근거_SVK HCT처방량'!F9 | S17: =$O17*T17 | T17: ='근거_SVK HCT처방량'!F10 | U17: ='근거_SVK HCT처방량'!F$29 | V17: =IFERROR(U17/Q17,"") | W17: =IFERROR(U17/U16-1,"") | X17: ='근거_SVK HCT처방량'!F$30 | Y17: =IFERROR(X17/S17,"") | Z17: =IFERROR(X17/X16-1,"") | AA17: =U17+X17 | AB17: =IFERROR(AA17/O17,"") | AC17: =IFERROR(AA17/AA16-1,"")
A18: =근거_유병환자수!O12 | B18: 2023 | C18: =근거_유병환자수!O29 | D18: =IFERROR(C18/A18,"") | E18: =근거_의료이용환자수!O9 | F18: =IFERROR(E18/C18,"") | G18: =근거_고혈압치료환자수!O$9 | H18: =IFERROR(G18/E18,"") | I18: =근거_ARB처방환자수!O12 | J18: =IFERROR(I18/G18,"") | K18: =IFERROR(I18/I17-1,"") | L18: =근거_ARB처방량!O12 | M18: =근거_ARB처방량!O9 | N18: =IFERROR(M18/M17-1,"") | O18: ='근거_ARB+CCB+DU복합제처방량'!G15 | P18: =IFERROR(O18/M18,"") | Q18: =$O18*R18 | R18: ='근거_SVK HCT처방량'!G9 | S18: =$O18*T18 | T18: ='근거_SVK HCT처방량'!G10 | U18: ='근거_SVK HCT처방량'!G$29 | V18: =IFERROR(U18/Q18,"") | W18: =IFERROR(U18/U17-1,"") | X18: ='근거_SVK HCT처방량'!G$30 | Y18: =IFERROR(X18/S18,"") | Z18: =IFERROR(X18/X17-1,"") | AA18: =U18+X18 | AB18: =IFERROR(AA18/O18,"") | AC18: =IFERROR(AA18/AA17-1,"")
A19: =근거_유병환자수!P12 | B19: 2024 | C19: =근거_유병환자수!P29 | D19: =IFERROR(C19/A19,"") | E19: =근거_의료이용환자수!P9 | F19: =IFERROR(E19/C19,"") | G19: =근거_고혈압치료환자수!P$9 | H19: =IFERROR(G19/E19,"") | I19: =근거_ARB처방환자수!P12 | J19: =IFERROR(I19/G19,"") | K19: =IFERROR(I19/I18-1,"") | L19: =근거_ARB처방량!P12 | M19: =근거_ARB처방량!P9 | N19: =IFERROR(M19/M18-1,"") | O19: ='근거_ARB+CCB+DU복합제처방량'!H15 | P19: =IFERROR(O19/M19,"") | Q19: =$O19*R19 | R19: ='근거_SVK HCT처방량'!H9 | S19: =$O19*T19 | T19: ='근거_SVK HCT처방량'!H10 | U19: ='근거_SVK HCT처방량'!H$29 | V19: =IFERROR(U19/Q19,"") | W19: =IFERROR(U19/U18-1,"") | X19: ='근거_SVK HCT처방량'!H$30 | Y19: =IFERROR(X19/S19,"") | Z19: =IFERROR(X19/X18-1,"") | AA19: =U19+X19 | AB19: =IFERROR(AA19/O19,"") | AC19: =IFERROR(AA19/AA18-1,"")
A20: =근거_유병환자수!Q12 | B20: 2025 | C20: =근거_유병환자수!Q29 | D20: =IFERROR(C20/A20,"") | E20: =근거_의료이용환자수!Q9 | F20: =IFERROR(E20/C20,"") | G20: =근거_고혈압치료환자수!Q$9 | H20: =IFERROR(G20/E20,"") | I20: =근거_ARB처방환자수!Q12 | J20: =IFERROR(I20/G20,"") | K20: =IFERROR(I20/I19-1,"") | L20: =근거_ARB처방량!Q12 | M20: =근거_ARB처방량!Q9 | N20: =IFERROR(M20/M19-1,"") | O20: ='근거_ARB+CCB+DU복합제처방량'!I15 | P20: =IFERROR(O20/M20,"") | Q20: =$O20*R20 | R20: ='근거_SVK HCT처방량'!I9 | S20: =$O20*T20 | T20: ='근거_SVK HCT처방량'!I10 | U20: ='근거_SVK HCT처방량'!I$29 | V20: =IFERROR(U20/Q20,"") | W20: =IFERROR(U20/U19-1,"") | X20: ='근거_SVK HCT처방량'!I$30 | Y20: =IFERROR(X20/S20,"") | Z20: =IFERROR(X20/X19-1,"") | AA20: =U20+X20 | AB20: =IFERROR(AA20/O20,"") | AC20: =IFERROR(AA20/AA19-1,"")
A21: =근거_유병환자수!R12 | B21: 2026 | C21: =근거_유병환자수!R29 | D21: =IFERROR(C21/A21,"") | E21: =근거_의료이용환자수!R9 | F21: =IFERROR(E21/C21,"") | G21: =근거_고혈압치료환자수!R$9 | H21: =IFERROR(G21/E21,"") | I21: =근거_ARB처방환자수!R12 | J21: =IFERROR(I21/G21,"") | K21: =IFERROR(I21/I20-1,"") | L21: =근거_ARB처방량!R12 | M21: =근거_ARB처방량!R9 | N21: =IFERROR(M21/M20-1,"") | O21: ='근거_ARB+CCB+DU복합제처방량'!J15 | P21: =IFERROR(O21/M21,"") | Q21: =$O21*R21 | R21: ='근거_SVK HCT처방량'!J9 | S21: =$O21*T21 | T21: ='근거_SVK HCT처방량'!J10 | U21: ='근거_SVK HCT처방량'!J$29 | V21: =IFERROR(U21/Q21,"") | W21: =IFERROR(U21/U20-1,"") | X21: ='근거_SVK HCT처방량'!J$30 | Y21: =IFERROR(X21/S21,"") | Z21: =IFERROR(X21/X20-1,"") | AA21: =U21+X21 | AB21: =IFERROR(AA21/O21,"") | AC21: =IFERROR(AA21/AA20-1,"")
A22: =근거_유병환자수!S12 | B22: 2027 | C22: =근거_유병환자수!S29 | D22: =IFERROR(C22/A22,"") | E22: =근거_의료이용환자수!S9 | F22: =IFERROR(E22/C22,"") | G22: =근거_고혈압치료환자수!S$9 | H22: =IFERROR(G22/E22,"") | I22: =근거_ARB처방환자수!S12 | J22: =IFERROR(I22/G22,"") | K22: =IFERROR(I22/I21-1,"") | L22: =근거_ARB처방량!S12 | M22: =근거_ARB처방량!S9 | N22: =IFERROR(M22/M21-1,"") | O22: ='근거_ARB+CCB+DU복합제처방량'!K15 | P22: =IFERROR(O22/M22,"") | Q22: =$O22*R22 | R22: ='근거_SVK HCT처방량'!K9 | S22: =$O22*T22 | T22: ='근거_SVK HCT처방량'!K10 | U22: ='근거_SVK HCT처방량'!K$29 | V22: =IFERROR(U22/Q22,"") | W22: =IFERROR(U22/U21-1,"") | X22: ='근거_SVK HCT처방량'!K$30 | Y22: =IFERROR(X22/S22,"") | Z22: =IFERROR(X22/X21-1,"") | AA22: =U22+X22 | AB22: =IFERROR(AA22/O22,"") | AC22: =IFERROR(AA22/AA21-1,"")
A23: =근거_유병환자수!T12 | B23: 2028 | C23: =근거_유병환자수!T29 | D23: =IFERROR(C23/A23,"") | E23: =근거_의료이용환자수!T9 | F23: =IFERROR(E23/C23,"") | G23: =근거_고혈압치료환자수!T$9 | H23: =IFERROR(G23/E23,"") | I23: =근거_ARB처방환자수!T12 | J23: =IFERROR(I23/G23,"") | K23: =IFERROR(I23/I22-1,"") | L23: =근거_ARB처방량!T12 | M23: =근거_ARB처방량!T9 | N23: =IFERROR(M23/M22-1,"") | O23: ='근거_ARB+CCB+DU복합제처방량'!L15 | P23: =IFERROR(O23/M23,"") | Q23: =$O23*R23 | R23: ='근거_SVK HCT처방량'!L9 | S23: =$O23*T23 | T23: ='근거_SVK HCT처방량'!L10 | U23: ='근거_SVK HCT처방량'!L$29 | V23: =IFERROR(U23/Q23,"") | W23: =IFERROR(U23/U22-1,"") | X23: ='근거_SVK HCT처방량'!L$30 | Y23: =IFERROR(X23/S23,"") | Z23: =IFERROR(X23/X22-1,"") | AA23: =U23+X23 | AB23: =IFERROR(AA23/O23,"") | AC23: =IFERROR(AA23/AA22-1,"")
A24: =근거_유병환자수!U12 | B24: 2029 | C24: =근거_유병환자수!U29 | D24: =IFERROR(C24/A24,"") | E24: =근거_의료이용환자수!U9 | F24: =IFERROR(E24/C24,"") | G24: =근거_고혈압치료환자수!U$9 | H24: =IFERROR(G24/E24,"") | I24: =근거_ARB처방환자수!U12 | J24: =IFERROR(I24/G24,"") | K24: =IFERROR(I24/I23-1,"") | L24: =근거_ARB처방량!U12 | M24: =근거_ARB처방량!U9 | N24: =IFERROR(M24/M23-1,"") | O24: ='근거_ARB+CCB+DU복합제처방량'!M15 | P24: =IFERROR(O24/M24,"") | Q24: =$O24*R24 | R24: ='근거_SVK HCT처방량'!M9 | S24: =$O24*T24 | T24: ='근거_SVK HCT처방량'!M10 | U24: ='근거_SVK HCT처방량'!M$29 | V24: =IFERROR(U24/Q24,"") | W24: =IFERROR(U24/U23-1,"") | X24: ='근거_SVK HCT처방량'!M$30 | Y24: =IFERROR(X24/S24,"") | Z24: =IFERROR(X24/X23-1,"") | AA24: =U24+X24 | AB24: =IFERROR(AA24/O24,"") | AC24: =IFERROR(AA24/AA23-1,"")
A25: =근거_유병환자수!V12 | B25: 2030 | C25: =근거_유병환자수!V29 | D25: =IFERROR(C25/A25,"") | E25: =근거_의료이용환자수!V9 | F25: =IFERROR(E25/C25,"") | G25: =근거_고혈압치료환자수!V$9 | H25: =IFERROR(G25/E25,"") | I25: =근거_ARB처방환자수!V12 | J25: =IFERROR(I25/G25,"") | K25: =IFERROR(I25/I24-1,"") | L25: =근거_ARB처방량!V12 | M25: =근거_ARB처방량!V9 | N25: =IFERROR(M25/M24-1,"") | O25: ='근거_ARB+CCB+DU복합제처방량'!N15 | P25: =IFERROR(O25/M25,"") | Q25: =$O25*R25 | R25: ='근거_SVK HCT처방량'!N9 | S25: =$O25*T25 | T25: ='근거_SVK HCT처방량'!N10 | U25: ='근거_SVK HCT처방량'!N$29 | V25: =IFERROR(U25/Q25,"") | W25: =IFERROR(U25/U24-1,"") | X25: ='근거_SVK HCT처방량'!N$30 | Y25: =IFERROR(X25/S25,"") | Z25: =IFERROR(X25/X24-1,"") | AA25: =U25+X25 | AB25: =IFERROR(AA25/O25,"") | AC25: =IFERROR(AA25/AA24-1,"")
B27: Part 2) DSKR SVK HCT시장매출 예측 [FY 기준 · 회계연도 4~3월] | K27: 확정FY(ACT) ▶
B28: 연도 | C28: SVK HCT처방량 | E28: DSKR SVK HCT시장매출 | G28: UBIST vs.시장매출 | H28: DSKR SVK HCT시장매출금액 (FY2026 목표단가 반영) | K28: 2025 | N28: 탑다운 검증 (참고, 억원)
B29: 회계연도기준 | C29: 수량(T) | D29: YoY | E29: 수량(T) | F29: YoY | G29: 처방량÷시장매출 | H29: 백만원 | K29: ◀ 매년 실적확정 시 이 값을 +1 (예: FY2026 확정되면 2026). 표지 태그·EST/ACT 플래그가 자동 갱신. | L29: 상태 | N29: 억원(탑다운) | O29: ◀ 원본_SVK_연간예측(고정비율 k) 탑다운 트랙 — FY2026만 독립 대조
B30: FY2018 | C30: ='근거_SVK HCT처방량'!B31 | E30: =근거_매출!B10 | G30: =C30/E30 | H30: =근거_매출!B32 | I30: =H30/E30 | L30: =IF(VALUE(MID(B30,3,4))<=$K$28,"ACT","EST")
B31: FY2019 | C31: ='근거_SVK HCT처방량'!C31 | D31: =C31/C30-1 | E31: =근거_매출!C10 | F31: =E31/E30-1 | G31: =C31/E31 | H31: =근거_매출!C32 | I31: =H31/E31 | L31: =IF(VALUE(MID(B31,3,4))<=$K$28,"ACT","EST")
B32: FY2020 | C32: ='근거_SVK HCT처방량'!D31 | D32: =C32/C31-1 | E32: =근거_매출!D10 | F32: =E32/E31-1 | G32: =C32/E32 | H32: =근거_매출!D32 | I32: =H32/E32 | L32: =IF(VALUE(MID(B32,3,4))<=$K$28,"ACT","EST")
B33: FY2021 | C33: ='근거_SVK HCT처방량'!E31 | D33: =C33/C32-1 | E33: =근거_매출!E10 | F33: =E33/E32-1 | G33: =C33/E33 | H33: =근거_매출!E32 | I33: =H33/E33 | L33: =IF(VALUE(MID(B33,3,4))<=$K$28,"ACT","EST")
B34: FY2022 | C34: ='근거_SVK HCT처방량'!F31 | D34: =C34/C33-1 | E34: =근거_매출!F10 | F34: =E34/E33-1 | G34: =C34/E34 | H34: =근거_매출!F32 | I34: =H34/E34 | L34: =IF(VALUE(MID(B34,3,4))<=$K$28,"ACT","EST")
B35: FY2023 | C35: ='근거_SVK HCT처방량'!G31 | D35: =C35/C34-1 | E35: =근거_매출!G10 | F35: =E35/E34-1 | G35: =C35/E35 | H35: =근거_매출!G32 | I35: =H35/E35 | L35: =IF(VALUE(MID(B35,3,4))<=$K$28,"ACT","EST")
B36: FY2024 | C36: ='근거_SVK HCT처방량'!H31 | D36: =C36/C35-1 | E36: =근거_매출!H10 | F36: =E36/E35-1 | G36: =C36/E36 | H36: =근거_매출!H32 | I36: =H36/E36 | L36: =IF(VALUE(MID(B36,3,4))<=$K$28,"ACT","EST")
B37: FY2025 | C37: ='근거_SVK HCT처방량'!I31 | D37: =C37/C36-1 | E37: =근거_매출!I10 | F37: =E37/E36-1 | G37: =C37/E37 | H37: =근거_매출!I32 | I37: =H37/E37 | L37: =IF(VALUE(MID(B37,3,4))<=$K$28,"ACT","EST")
B38: FY2026 | C38: ='근거_SVK HCT처방량'!J31 | D38: =C38/C37-1 | E38: =C38/$G$38 | F38: =E38/E37-1 | G38: =AVERAGE(G34:G37) | H38: =E38*I38 | I38: =근거_매출!J29/1000000 | J38: ◀ 단가(I열)는 근거_매출 연도별 단가행(29행) 참조 — 약가 배율 변경 시 자동 반영 | L38: =IF(VALUE(MID(B38,3,4))<=$K$28,"ACT","EST") | N38: =원본_SVK_연간예측!B25*근거_매출!J29/1000000/100 | O38: =IFERROR(N38/(H38/100)-1,"") | P38: ◀ 바텀업 대비 차이
B39: FY2027 | C39: ='근거_SVK HCT처방량'!K31 | D39: =C39/C38-1 | E39: =C39/$G$38 | F39: =E39/E38-1 | G39: =$G$38 | H39: =E39*I39 | I39: =근거_매출!K29/1000000 | L39: =IF(VALUE(MID(B39,3,4))<=$K$28,"ACT","EST")
B40: FY2028 | C40: ='근거_SVK HCT처방량'!L31 | D40: =C40/C39-1 | E40: =C40/$G$38 | F40: =E40/E39-1 | G40: =$G$38 | H40: =E40*I40 | I40: =근거_매출!L29/1000000 | L40: =IF(VALUE(MID(B40,3,4))<=$K$28,"ACT","EST")
B41: FY2029 | C41: ='근거_SVK HCT처방량'!M31 | D41: =C41/C40-1 | E41: =C41/$G$38 | F41: =E41/E40-1 | G41: =$G$38 | H41: =E41*I41 | I41: =근거_매출!M29/1000000 | L41: =IF(VALUE(MID(B41,3,4))<=$K$28,"ACT","EST")
B42: FY2030 | C42: ='근거_SVK HCT처방량'!N31 | D42: =C42/C41-1 | E42: =C42/$G$38 | F42: =E42/E41-1 | G42: =$G$38 | H42: =E42*I42 | I42: =근거_매출!N29/1000000 | L42: =IF(VALUE(MID(B42,3,4))<=$K$28,"ACT","EST")

Sheet 원본_SVK_연간예측
A2: SVK HCT 시장매출 연간 예측 모델 — 고정비율 기반 (시장매출 = UBIST ÷ k)
A4: ① 고정비율 파라미터 (FY2018~FY2025, 8개년 평균)
A5: 항목 | B5: 값 | C5: 설명
A6: 고정비율 k (UBIST/시장매출) | B6: =AVERAGE(D12:D19) | C6: FY2018~FY2025 평균 UBIST/시장매출 비율 ← 산출 자동 (② 표에서 계산)
A7: 예측 공식 | B7: 시장매출 예측 수량 = FY2026 UBIST 예측수량 ÷ k
A8: 검증 MAPE | B8: =TEXT(AVERAGE(ABS(G17),ABS(G18),ABS(G19)),"0.00%")&" (FY2023~FY2025 평균 절대오차)" | D8: 연 340억 기준 ±수억 수준
A10: ② 과거 실적 데이터 (FY2018~FY2025)
A11: 회계연도 | B11: UBIST 처방량 (T) | C11: 시장매출 수량 (T) | D11: UBIST/시장매출 비율 | E11: 평균 대비 | F11: 고정비율 예측 시장매출 | G11: 예측 오차 | H11: 비고
A12: FY2018 | B12: =근거_매출!B7 | C12: =근거_매출!B10 | D12: =B12/C12 | E12: =D12-$B$6 | F12: =B12/$B$6 | G12: =F12/C12-1 | H12: 도매재고 영향 등으로 비율 변동 (FY18~21 0.90~0.92 → FY22~ 0.96~1.01)
A13: FY2019 | B13: =근거_매출!C7 | C13: =근거_매출!C10 | D13: =B13/C13 | E13: =D13-$B$6 | F13: =B13/$B$6 | G13: =F13/C13-1
A14: FY2020 | B14: =근거_매출!D7 | C14: =근거_매출!D10 | D14: =B14/C14 | E14: =D14-$B$6 | F14: =B14/$B$6 | G14: =F14/C14-1
A15: FY2021 | B15: =근거_매출!E7 | C15: =근거_매출!E10 | D15: =B15/C15 | E15: =D15-$B$6 | F15: =B15/$B$6 | G15: =F15/C15-1
A16: FY2022 | B16: =근거_매출!F7 | C16: =근거_매출!F10 | D16: =B16/C16 | E16: =D16-$B$6 | F16: =B16/$B$6 | G16: =F16/C16-1
A17: FY2023 | B17: =근거_매출!G7 | C17: =근거_매출!G10 | D17: =B17/C17 | E17: =D17-$B$6 | F17: =B17/$B$6 | G17: =F17/C17-1
A18: FY2024 | B18: =근거_매출!H7 | C18: =근거_매출!H10 | D18: =B18/C18 | E18: =D18-$B$6 | F18: =B18/$B$6 | G18: =F18/C18-1
A19: FY2025 | B19: =근거_매출!I7 | C19: =근거_매출!I10 | D19: =B19/C19 | E19: =D19-$B$6 | F19: =B19/$B$6 | G19: =F19/C19-1
A20: 평균 | B20: =AVERAGE(B12:B19) | C20: =AVERAGE(C12:C19) | D20: =AVERAGE(D12:D19) | G20: =AVERAGE(G12:G19)
A22: ③ FY2026 연간 예측 — 유일한 수동 입력: UBIST 예측 수량
A23: FY2026 UBIST 예측수량 (T) | B23: ='근거_SVK HCT처방량'!J31 | C23: ← 유일한 수동 입력 (현재 바텀업 모델 FY2026 처방량 연동; 독립 대조 시 값으로 덮어쓰기)
A24: 고정비율 k | B24: =B6 | C24: 파라미터 셀 B6 참조
A25: ★ FY2026 연간 예측 (T) | B25: =B23/B24 | C25: FY2026 UBIST 예측수량 ÷ k
A26: 예측 성장률 (YoY) | B26: =B25/C19-1 | C26: FY2026 예측 ÷ FY2025 실적 − 1
A28: ④ 민감도 분석 — UBIST 예측수량 시나리오별
A29: UBIST 예측 (T) | B29: UBIST YoY | C29: 예측 시장매출 (T) | D29: 시장매출 YoY | E29: FY2025 대비 증감 | F29: 비고
A30: 50000000 | B30: =A30/B19-1 | C30: =A30/$B$6 | D30: =C30/C19-1 | E30: =C30-C19 | F30: ="보수: UBIST "&TEXT(B30,"+0.0%;-0.0%")
A31: 52000000 | B31: =A31/B19-1 | C31: =A31/$B$6 | D31: =C31/C19-1 | E31: =C31-C19 | F31: ="보수: UBIST "&TEXT(B31,"+0.0%;-0.0%")
A32: 53500000 | B32: =A32/B19-1 | C32: =A32/$B$6 | D32: =C32/C19-1 | E32: =C32-C19 | F32: 기준−
A33: =B23 | B33: =A33/B19-1 | C33: =A33/$B$6 | D33: =C33/C19-1 | E33: =C33-C19 | F33: ← 연초 입력값
A34: 56000000 | B34: =A34/B19-1 | C34: =A34/$B$6 | D34: =C34/C19-1 | E34: =C34-C19 | F34: 기준+
A35: 58000000 | B35: =A35/B19-1 | C35: =A35/$B$6 | D35: =C35/C19-1 | E35: =C35-C19 | F35: ="낙관: UBIST "&TEXT(B35,"+0.0%;-0.0%")
A36: 60000000 | B36: =A36/B19-1 | C36: =A36/$B$6 | D36: =C36/C19-1 | E36: =C36-C19 | F36: ="낙관: UBIST "&TEXT(B36,"+0.0%;-0.0%")
A38: ⑤ 모니터링 기준
A39: 고정비율 k 업데이트 | B39: 매 FY 종료 후 → 실적 추가하여 평균 재산출 (D19 참조)
A40: 비율 이상치 기준 | B40: UBIST/시장매출 비율이 k ± 0.03 초과 시 → 원인 파악 필요
A41: 도매재고 연동 | B41: DOI 18일 초과 시 시장매출 예측 하향 검토, 10일 미만 시 상향 검토
A42: 검증 MAPE | B42: FY2023~FY2025 기준 평균 절대오차 (B8 참조)
A43: Rolling 갱신 | B43: 별도 검토 예정 — 분기 실적 확정 시 연간 비율 업데이트
A45: [ 범례 ] 파란 글씨/노랑: 수동 입력 │ 검정: 자동 계산 │ 초록: 예측 결과 │ 노랑 강조: 현재 시나리오
A48: 분기/월별 배분
A49: 과거 시장매출 (HP+GP+Online 수량 T 기준) — ※ 월별 시장매출 실측 데이터 입력 필요 (SAP/내부 시장매출, 미입력 시 공란)
A50: FY | B50: 4월 | C50: 5월 | D50: 6월 | E50: Q1 | F50: 7월 | G50: 8월 | H50: 9월 | I50: Q2 | J50: 10월 | K50: 11월 | L50: 12월 | M50: Q3 | N50: 1월 | O50: 2월 | P50: 3월 | Q50: Q4 | R50: Total
A51: 2018 | E51: =IF(COUNT(B51:D51)=0,"",SUM(B51:D51)) | I51: =IF(COUNT(F51:H51)=0,"",SUM(F51:H51)) | M51: =IF(COUNT(J51:L51)=0,"",SUM(J51:L51)) | Q51: =IF(COUNT(N51:P51)=0,"",SUM(N51:P51)) | R51: =IF(COUNT(B51:P51)=0,"",SUM(B51:D51,F51:H51,J51:L51,N51:P51))
A52: 2019 | E52: =IF(COUNT(B52:D52)=0,"",SUM(B52:D52)) | I52: =IF(COUNT(F52:H52)=0,"",SUM(F52:H52)) | M52: =IF(COUNT(J52:L52)=0,"",SUM(J52:L52)) | Q52: =IF(COUNT(N52:P52)=0,"",SUM(N52:P52)) | R52: =IF(COUNT(B52:P52)=0,"",SUM(B52:D52,F52:H52,J52:L52,N52:P52))
A53: 2020 | E53: =IF(COUNT(B53:D53)=0,"",SUM(B53:D53)) | I53: =IF(COUNT(F53:H53)=0,"",SUM(F53:H53)) | M53: =IF(COUNT(J53:L53)=0,"",SUM(J53:L53)) | Q53: =IF(COUNT(N53:P53)=0,"",SUM(N53:P53)) | R53: =IF(COUNT(B53:P53)=0,"",SUM(B53:D53,F53:H53,J53:L53,N53:P53))
A54: 2021 | E54: =IF(COUNT(B54:D54)=0,"",SUM(B54:D54)) | I54: =IF(COUNT(F54:H54)=0,"",SUM(F54:H54)) | M54: =IF(COUNT(J54:L54)=0,"",SUM(J54:L54)) | Q54: =IF(COUNT(N54:P54)=0,"",SUM(N54:P54)) | R54: =IF(COUNT(B54:P54)=0,"",SUM(B54:D54,F54:H54,J54:L54,N54:P54))
A55: 2022 | E55: =IF(COUNT(B55:D55)=0,"",SUM(B55:D55)) | I55: =IF(COUNT(F55:H55)=0,"",SUM(F55:H55)) | M55: =IF(COUNT(J55:L55)=0,"",SUM(J55:L55)) | Q55: =IF(COUNT(N55:P55)=0,"",SUM(N55:P55)) | R55: =IF(COUNT(B55:P55)=0,"",SUM(B55:D55,F55:H55,J55:L55,N55:P55))
A56: 2023 | E56: =IF(COUNT(B56:D56)=0,"",SUM(B56:D56)) | I56: =IF(COUNT(F56:H56)=0,"",SUM(F56:H56)) | M56: =IF(COUNT(J56:L56)=0,"",SUM(J56:L56)) | Q56: =IF(COUNT(N56:P56)=0,"",SUM(N56:P56)) | R56: =IF(COUNT(B56:P56)=0,"",SUM(B56:D56,F56:H56,J56:L56,N56:P56))
A57: 2024 | E57: =IF(COUNT(B57:D57)=0,"",SUM(B57:D57)) | I57: =IF(COUNT(F57:H57)=0,"",SUM(F57:H57)) | M57: =IF(COUNT(J57:L57)=0,"",SUM(J57:L57)) | Q57: =IF(COUNT(N57:P57)=0,"",SUM(N57:P57)) | R57: =IF(COUNT(B57:P57)=0,"",SUM(B57:D57,F57:H57,J57:L57,N57:P57))
A58: 2025 | E58: =IF(COUNT(B58:D58)=0,"",SUM(B58:D58)) | I58: =IF(COUNT(F58:H58)=0,"",SUM(F58:H58)) | M58: =IF(COUNT(J58:L58)=0,"",SUM(J58:L58)) | Q58: =IF(COUNT(N58:P58)=0,"",SUM(N58:P58)) | R58: =IF(COUNT(B58:P58)=0,"",SUM(B58:D58,F58:H58,J58:L58,N58:P58))
A60: 비중 | B60: (월별 실측 입력 후 분기 비중 산출)

Sheet 원본_월별
A2: 원본_월별 — UBIST 월별 실측 (붙여넣기 전용)
A3: 이 시트는 원자료 적재 전용입니다. 계산 수식을 넣지 마십시오. 매달 「원본_RAW」에 UBIST 파일을 붙여넣으면 FY2026 이후 칸이 자동으로 채워집니다. FY2018~2025 월별 실측(HP/GP)은 UBIST 이력 파일에서 1회 값으로 채워 넣으십시오.
A5: ■ 설정
A6: 채널 매핑 HP | B6: 상급종합병원 + 종합병원
A7: 채널 매핑 GP | B7: 병원 + 의원 + 보건소 + 기타(치과의원·치과병원 등)
A8: 복용 보정 | B8: 없음 (ARB 계열 QD, 수량=DOT)
A9: 시장 성분 범위 | B9: ARB 전체(단일제+복합제) / ARB+CCB+DU 3제 복합제 / Olmesartan+Amlodipine+HCTZ 성분 / 세비카HCT(Original)
A10: 최종 갱신월 | B10: 2026년 8월 (ARB_total.xlsx, 2021-01~2026-08)
A11: 데이터 출처 | B11: UBIST 원외처방 ARB_total.xlsx (ATC C9C·C9D1·C9D3·C11A1; C9D9 사쿠비트릴·발사르탄 제외). 매달 원본_RAW A21에 붙여넣기
A12: 집계 규칙 | B12: ARB Total=C9D9 제외 전 행 / ARB+CCB+DU=C9D3 중 이뇨제(HCTZ·chlorthalidone·indapamide) 포함 + 트루셋(무조건 3제), 아모프렐은 mono 취급(제외) / 성분=olmesartan+amlodipine+HCTZ / 세비카HCT=성분 & Original
A13: 검증 (2026-09-15) | B13: FY2021~2025 세비카HCT HP/GP·복합제·분기 비율 = 모델 확정치와 0.0000% 일치 (아모프렐 제외 전 기준). ARB Total은 데이터 버전 차이로 FY21 +1.6%, FY22 +1.3%, FY23 +0.9%, FY24 +0.4%, FY25 −0.02% (본 파일은 원자료 기준으로 갱신)
A14: 제네릭 등재 | B14: 기등재 (FY2019Q1 침투 관측 개시) → 모니터링_월별 기준월 201904
A15: ■ A. ARB 시장 처방량 Total (DOT, C9D9 제외) — 근거_ARB처방량 ■D(월별 롤링 VPP)·연간 실측으로 연결
A16: [Total] FY ＼ 월 | B16: 4월 | C16: 5월 | D16: 6월 | E16: 7월 | F16: 8월 | G16: 9월 | H16: 10월 | I16: 11월 | J16: 12월 | K16: 1월 | L16: 2월 | M16: 3월 | N16: FY 합계 | O16: 실측월수
A17: FY2018 | N17: =SUM(B17:M17) | O17: =COUNT(B17:M17)
A18: FY2019 | N18: =SUM(B18:M18) | O18: =COUNT(B18:M18)
A19: FY2020 | N19: =SUM(B19:M19) | O19: =COUNT(B19:M19)
A20: FY2021 | B20: 2.0553697e+08 | C20: 2.039394e+08 | D20: 2.1005896e+08 | E20: 2.119576e+08 | F20: 2.0965111e+08 | G20: 2.0572123e+08 | H20: 2.0967743e+08 | I20: 2.1507778e+08 | J20: 2.29938e+08 | K20: 2.1499864e+08 | L20: 1.9787748e+08 | M20: 2.1956199e+08 | N20: =SUM(B20:M20) | O20: =COUNT(B20:M20)
A21: FY2022 | B21: 2.139291e+08 | C21: 2.1945675e+08 | D21: 2.1559622e+08 | E21: 2.1749912e+08 | F21: 2.2524172e+08 | G21: 2.1717796e+08 | H21: 2.2282522e+08 | I21: 2.2708158e+08 | J21: 2.371626e+08 | K21: 2.2435951e+08 | L21: 2.1611003e+08 | M21: 2.3834134e+08 | N21: =SUM(B21:M21) | O21: =COUNT(B21:M21)
A22: FY2023 | B22: 2.2131341e+08 | C22: 2.3725531e+08 | D22: 2.3592879e+08 | E22: 2.2996769e+08 | F22: 2.3582603e+08 | G22: 2.2539445e+08 | H22: 2.3554074e+08 | I22: 2.3637903e+08 | J22: 2.3739628e+08 | K22: 2.4469082e+08 | L22: 2.2923073e+08 | M22: 2.329293e+08 | N22: =SUM(B22:M22) | O22: =COUNT(B22:M22)
A23: FY2024 | B23: 2.4208507e+08 | C23: 2.4216564e+08 | D23: 2.2744024e+08 | E23: 2.4921446e+08 | F23: 2.4544859e+08 | G23: 2.3744302e+08 | H23: 2.548184e+08 | I23: 2.4300645e+08 | J23: 2.6043509e+08 | K23: 2.4269563e+08 | L23: 2.4032075e+08 | M23: 2.4346067e+08 | N23: =SUM(B23:M23) | O23: =COUNT(B23:M23)
A24: FY2025 | B24: 2.5399314e+08 | C24: 2.4727753e+08 | D24: 2.3910788e+08 | E24: 2.5582338e+08 | F24: 2.3916609e+08 | G24: 2.7143319e+08 | H24: 2.3926547e+08 | I24: 2.3858878e+08 | J24: 2.684103e+08 | K24: 2.5353669e+08 | L24: 2.317681e+08 | M24: 2.6471964e+08 | N24: =SUM(B24:M24) | O24: =COUNT(B24:M24)
A25: FY2026 | B25: =IFERROR(HLOOKUP("2026년 4월",원본_RAW!$H$4:$BK$20,MATCH("ARB_TOTAL",원본_RAW!$A$4:$A$20,0),FALSE),"") | C25: =IFERROR(HLOOKUP("2026년 5월",원본_RAW!$H$4:$BK$20,MATCH("ARB_TOTAL",원본_RAW!$A$4:$A$20,0),FALSE),"") | D25: =IFERROR(HLOOKUP("2026년 6월",원본_RAW!$H$4:$BK$20,MATCH("ARB_TOTAL",원본_RAW!$A$4:$A$20,0),FALSE),"") | E25: =IFERROR(HLOOKUP("2026년 7월",원본_RAW!$H$4:$BK$20,MATCH("ARB_TOTAL",원본_RAW!$A$4:$A$20,0),FALSE),"") | F25: =IFERROR(HLOOKUP("2026년 8월",원본_RAW!$H$4:$BK$20,MATCH("ARB_TOTAL",원본_RAW!$A$4:$A$20,0),FALSE),"") | G25: =IFERROR(HLOOKUP("2026년 9월",원본_RAW!$H$4:$BK$20,MATCH("ARB_TOTAL",원본_RAW!$A$4:$A$20,0),FALSE),"") | H25: =IFERROR(HLOOKUP("2026년 10월",원본_RAW!$H$4:$BK$20,MATCH("ARB_TOTAL",원본_RAW!$A$4:$A$20,0),FALSE),"") | I25: =IFERROR(HLOOKUP("2026년 11월",원본_RAW!$H$4:$BK$20,MATCH("ARB_TOTAL",원본_RAW!$A$4:$A$20,0),FALSE),"") | J25: =IFERROR(HLOOKUP("2026년 12월",원본_RAW!$H$4:$BK$20,MATCH("ARB_TOTAL",원본_RAW!$A$4:$A$20,0),FALSE),"") | K25: =IFERROR(HLOOKUP("2027년 1월",원본_RAW!$H$4:$BK$20,MATCH("ARB_TOTAL",원본_RAW!$A$4:$A$20,0),FALSE),"") | L25: =IFERROR(HLOOKUP("2027년 2월",원본_RAW!$H$4:$BK$20,MATCH("ARB_TOTAL",원본_RAW!$A$4:$A$20,0),FALSE),"") | M25: =IFERROR(HLOOKUP("2027년 3월",원본_RAW!$H$4:$BK$20,MATCH("ARB_TOTAL",원본_RAW!$A$4:$A$20,0),FALSE),"") | N25: =SUM(B25:M25) | O25: =COUNT(B25:M25)
A26: FY2027 | B26: =IFERROR(HLOOKUP("2027년 4월",원본_RAW!$H$4:$BK$20,MATCH("ARB_TOTAL",원본_RAW!$A$4:$A$20,0),FALSE),"") | C26: =IFERROR(HLOOKUP("2027년 5월",원본_RAW!$H$4:$BK$20,MATCH("ARB_TOTAL",원본_RAW!$A$4:$A$20,0),FALSE),"") | D26: =IFERROR(HLOOKUP("2027년 6월",원본_RAW!$H$4:$BK$20,MATCH("ARB_TOTAL",원본_RAW!$A$4:$A$20,0),FALSE),"") | E26: =IFERROR(HLOOKUP("2027년 7월",원본_RAW!$H$4:$BK$20,MATCH("ARB_TOTAL",원본_RAW!$A$4:$A$20,0),FALSE),"") | F26: =IFERROR(HLOOKUP("2027년 8월",원본_RAW!$H$4:$BK$20,MATCH("ARB_TOTAL",원본_RAW!$A$4:$A$20,0),FALSE),"") | G26: =IFERROR(HLOOKUP("2027년 9월",원본_RAW!$H$4:$BK$20,MATCH("ARB_TOTAL",원본_RAW!$A$4:$A$20,0),FALSE),"") | H26: =IFERROR(HLOOKUP("2027년 10월",원본_RAW!$H$4:$BK$20,MATCH("ARB_TOTAL",원본_RAW!$A$4:$A$20,0),FALSE),"") | I26: =IFERROR(HLOOKUP("2027년 11월",원본_RAW!$H$4:$BK$20,MATCH("ARB_TOTAL",원본_RAW!$A$4:$A$20,0),FALSE),"") | J26: =IFERROR(HLOOKUP("2027년 12월",원본_RAW!$H$4:$BK$20,MATCH("ARB_TOTAL",원본_RAW!$A$4:$A$20,0),FALSE),"") | K26: =IFERROR(HLOOKUP("2028년 1월",원본_RAW!$H$4:$BK$20,MATCH("ARB_TOTAL",원본_RAW!$A$4:$A$20,0),FALSE),"") | L26: =IFERROR(HLOOKUP("2028년 2월",원본_RAW!$H$4:$BK$20,MATCH("ARB_TOTAL",원본_RAW!$A$4:$A$20,0),FALSE),"") | M26: =IFERROR(HLOOKUP("2028년 3월",원본_RAW!$H$4:$BK$20,MATCH("ARB_TOTAL",원본_RAW!$A$4:$A$20,0),FALSE),"") | N26: =SUM(B26:M26) | O26: =COUNT(B26:M26)
A27: FY2028 | B27: =IFERROR(HLOOKUP("2028년 4월",원본_RAW!$H$4:$BK$20,MATCH("ARB_TOTAL",원본_RAW!$A$4:$A$20,0),FALSE),"") | C27: =IFERROR(HLOOKUP("2028년 5월",원본_RAW!$H$4:$BK$20,MATCH("ARB_TOTAL",원본_RAW!$A$4:$A$20,0),FALSE),"") | D27: =IFERROR(HLOOKUP("2028년 6월",원본_RAW!$H$4:$BK$20,MATCH("ARB_TOTAL",원본_RAW!$A$4:$A$20,0),FALSE),"") | E27: =IFERROR(HLOOKUP("2028년 7월",원본_RAW!$H$4:$BK$20,MATCH("ARB_TOTAL",원본_RAW!$A$4:$A$20,0),FALSE),"") | F27: =IFERROR(HLOOKUP("2028년 8월",원본_RAW!$H$4:$BK$20,MATCH("ARB_TOTAL",원본_RAW!$A$4:$A$20,0),FALSE),"") | G27: =IFERROR(HLOOKUP("2028년 9월",원본_RAW!$H$4:$BK$20,MATCH("ARB_TOTAL",원본_RAW!$A$4:$A$20,0),FALSE),"") | H27: =IFERROR(HLOOKUP("2028년 10월",원본_RAW!$H$4:$BK$20,MATCH("ARB_TOTAL",원본_RAW!$A$4:$A$20,0),FALSE),"") | I27: =IFERROR(HLOOKUP("2028년 11월",원본_RAW!$H$4:$BK$20,MATCH("ARB_TOTAL",원본_RAW!$A$4:$A$20,0),FALSE),"") | J27: =IFERROR(HLOOKUP("2028년 12월",원본_RAW!$H$4:$BK$20,MATCH("ARB_TOTAL",원본_RAW!$A$4:$A$20,0),FALSE),"") | K27: =IFERROR(HLOOKUP("2029년 1월",원본_RAW!$H$4:$BK$20,MATCH("ARB_TOTAL",원본_RAW!$A$4:$A$20,0),FALSE),"") | L27: =IFERROR(HLOOKUP("2029년 2월",원본_RAW!$H$4:$BK$20,MATCH("ARB_TOTAL",원본_RAW!$A$4:$A$20,0),FALSE),"") | M27: =IFERROR(HLOOKUP("2029년 3월",원본_RAW!$H$4:$BK$20,MATCH("ARB_TOTAL",원본_RAW!$A$4:$A$20,0),FALSE),"") | N27: =SUM(B27:M27) | O27: =COUNT(B27:M27)
A28: FY2029 | B28: =IFERROR(HLOOKUP("2029년 4월",원본_RAW!$H$4:$BK$20,MATCH("ARB_TOTAL",원본_RAW!$A$4:$A$20,0),FALSE),"") | C28: =IFERROR(HLOOKUP("2029년 5월",원본_RAW!$H$4:$BK$20,MATCH("ARB_TOTAL",원본_RAW!$A$4:$A$20,0),FALSE),"") | D28: =IFERROR(HLOOKUP("2029년 6월",원본_RAW!$H$4:$BK$20,MATCH("ARB_TOTAL",원본_RAW!$A$4:$A$20,0),FALSE),"") | E28: =IFERROR(HLOOKUP("2029년 7월",원본_RAW!$H$4:$BK$20,MATCH("ARB_TOTAL",원본_RAW!$A$4:$A$20,0),FALSE),"") | F28: =IFERROR(HLOOKUP("2029년 8월",원본_RAW!$H$4:$BK$20,MATCH("ARB_TOTAL",원본_RAW!$A$4:$A$20,0),FALSE),"") | G28: =IFERROR(HLOOKUP("2029년 9월",원본_RAW!$H$4:$BK$20,MATCH("ARB_TOTAL",원본_RAW!$A$4:$A$20,0),FALSE),"") | H28: =IFERROR(HLOOKUP("2029년 10월",원본_RAW!$H$4:$BK$20,MATCH("ARB_TOTAL",원본_RAW!$A$4:$A$20,0),FALSE),"") | I28: =IFERROR(HLOOKUP("2029년 11월",원본_RAW!$H$4:$BK$20,MATCH("ARB_TOTAL",원본_RAW!$A$4:$A$20,0),FALSE),"") | J28: =IFERROR(HLOOKUP("2029년 12월",원본_RAW!$H$4:$BK$20,MATCH("ARB_TOTAL",원본_RAW!$A$4:$A$20,0),FALSE),"") | K28: =IFERROR(HLOOKUP("2030년 1월",원본_RAW!$H$4:$BK$20,MATCH("ARB_TOTAL",원본_RAW!$A$4:$A$20,0),FALSE),"") | L28: =IFERROR(HLOOKUP("2030년 2월",원본_RAW!$H$4:$BK$20,MATCH("ARB_TOTAL",원본_RAW!$A$4:$A$20,0),FALSE),"") | M28: =IFERROR(HLOOKUP("2030년 3월",원본_RAW!$H$4:$BK$20,MATCH("ARB_TOTAL",원본_RAW!$A$4:$A$20,0),FALSE),"") | N28: =SUM(B28:M28) | O28: =COUNT(B28:M28)
A29: FY2030 | B29: =IFERROR(HLOOKUP("2030년 4월",원본_RAW!$H$4:$BK$20,MATCH("ARB_TOTAL",원본_RAW!$A$4:$A$20,0),FALSE),"") | C29: =IFERROR(HLOOKUP("2030년 5월",원본_RAW!$H$4:$BK$20,MATCH("ARB_TOTAL",원본_RAW!$A$4:$A$20,0),FALSE),"") | D29: =IFERROR(HLOOKUP("2030년 6월",원본_RAW!$H$4:$BK$20,MATCH("ARB_TOTAL",원본_RAW!$A$4:$A$20,0),FALSE),"") | E29: =IFERROR(HLOOKUP("2030년 7월",원본_RAW!$H$4:$BK$20,MATCH("ARB_TOTAL",원본_RAW!$A$4:$A$20,0),FALSE),"") | F29: =IFERROR(HLOOKUP("2030년 8월",원본_RAW!$H$4:$BK$20,MATCH("ARB_TOTAL",원본_RAW!$A$4:$A$20,0),FALSE),"") | G29: =IFERROR(HLOOKUP("2030년 9월",원본_RAW!$H$4:$BK$20,MATCH("ARB_TOTAL",원본_RAW!$A$4:$A$20,0),FALSE),"") | H29: =IFERROR(HLOOKUP("2030년 10월",원본_RAW!$H$4:$BK$20,MATCH("ARB_TOTAL",원본_RAW!$A$4:$A$20,0),FALSE),"") | I29: =IFERROR(HLOOKUP("2030년 11월",원본_RAW!$H$4:$BK$20,MATCH("ARB_TOTAL",원본_RAW!$A$4:$A$20,0),FALSE),"") | J29: =IFERROR(HLOOKUP("2030년 12월",원본_RAW!$H$4:$BK$20,MATCH("ARB_TOTAL",원본_RAW!$A$4:$A$20,0),FALSE),"") | K29: =IFERROR(HLOOKUP("2031년 1월",원본_RAW!$H$4:$BK$20,MATCH("ARB_TOTAL",원본_RAW!$A$4:$A$20,0),FALSE),"") | L29: =IFERROR(HLOOKUP("2031년 2월",원본_RAW!$H$4:$BK$20,MATCH("ARB_TOTAL",원본_RAW!$A$4:$A$20,0),FALSE),"") | M29: =IFERROR(HLOOKUP("2031년 3월",원본_RAW!$H$4:$BK$20,MATCH("ARB_TOTAL",원본_RAW!$A$4:$A$20,0),FALSE),"") | N29: =SUM(B29:M29) | O29: =COUNT(B29:M29)
A31: ■ B. ARB+CCB+DU 복합제 시장 처방량 (DOT) — HP+GP 합계는 하단 G블록 (트루셋 포함 · 아모프렐 제외)
A32: [HP] FY ＼ 월 | B32: 4월 | C32: 5월 | D32: 6월 | E32: 7월 | F32: 8월 | G32: 9월 | H32: 10월 | I32: 11월 | J32: 12월 | K32: 1월 | L32: 2월 | M32: 3월 | N32: FY 합계 | O32: 실측월수
A33: FY2018 | N33: =SUM(B33:M33) | O33: =COUNT(B33:M33)
A34: FY2019 | N34: =SUM(B34:M34) | O34: =COUNT(B34:M34)
A35: FY2020 | N35: =SUM(B35:M35) | O35: =COUNT(B35:M35)
A36: FY2021 | B36: 2401595.7 | C36: 2201738.1 | D36: 2471869.6 | E36: 2499564.6 | F36: 2451998.4 | G36: 2316761.5 | H36: 2413073.6 | I36: 2665977.4 | J36: 2678418.7 | K36: 2433467.4 | L36: 2332873.5 | M36: 2775925.8 | N36: =SUM(B36:M36) | O36: =COUNT(B36:M36)
A37: FY2022 | B37: 2613680.6 | C37: 2649972 | D37: 2576877.3 | E37: 2683721.4 | F37: 2773568.8 | G37: 2747414.3 | H37: 2740427.2 | I37: 3047919.8 | J37: 3160443.4 | K37: 2955069.3 | L37: 2879129.8 | M37: 3256374.4 | N37: =SUM(B37:M37) | O37: =COUNT(B37:M37)
A38: FY2023 | B38: 3269604.1 | C38: 3260724.9 | D38: 3181142.1 | E38: 3167128.2 | F38: 3363806.1 | G38: 3106509.6 | H38: 3369724.3 | I38: 3584978.7 | J38: 3445832.8 | K38: 3661965 | L38: 3252340.7 | M38: 3551638.9 | N38: =SUM(B38:M38) | O38: =COUNT(B38:M38)
A39: FY2024 | B39: 3682203.3 | C39: 3529131.2 | D39: 3379094.1 | E39: 3865515.4 | F39: 3532791.2 | G39: 3421496.3 | H39: 3669995 | I39: 3741384.8 | J39: 4040260.6 | K39: 3514103 | L39: 3685763.8 | M39: 3633871.6 | N39: =SUM(B39:M39) | O39: =COUNT(B39:M39)
A40: FY2025 | B40: 3891743.2 | C40: 3482052.9 | D40: 3693350.5 | E40: 3866946.5 | F40: 3322448.6 | G40: 3805657 | H40: 3451488.8 | I40: 3481890.3 | J40: 3970233.1 | K40: 3716906.1 | L40: 3319199.6 | M40: 3995853.9 | N40: =SUM(B40:M40) | O40: =COUNT(B40:M40)
A41: FY2026 | B41: =IFERROR(HLOOKUP("2026년 4월",원본_RAW!$H$4:$BK$20,MATCH("ARBCCBDU_HP",원본_RAW!$A$4:$A$20,0),FALSE),"") | C41: =IFERROR(HLOOKUP("2026년 5월",원본_RAW!$H$4:$BK$20,MATCH("ARBCCBDU_HP",원본_RAW!$A$4:$A$20,0),FALSE),"") | D41: =IFERROR(HLOOKUP("2026년 6월",원본_RAW!$H$4:$BK$20,MATCH("ARBCCBDU_HP",원본_RAW!$A$4:$A$20,0),FALSE),"") | E41: =IFERROR(HLOOKUP("2026년 7월",원본_RAW!$H$4:$BK$20,MATCH("ARBCCBDU_HP",원본_RAW!$A$4:$A$20,0),FALSE),"") | F41: =IFERROR(HLOOKUP("2026년 8월",원본_RAW!$H$4:$BK$20,MATCH("ARBCCBDU_HP",원본_RAW!$A$4:$A$20,0),FALSE),"") | G41: =IFERROR(HLOOKUP("2026년 9월",원본_RAW!$H$4:$BK$20,MATCH("ARBCCBDU_HP",원본_RAW!$A$4:$A$20,0),FALSE),"") | H41: =IFERROR(HLOOKUP("2026년 10월",원본_RAW!$H$4:$BK$20,MATCH("ARBCCBDU_HP",원본_RAW!$A$4:$A$20,0),FALSE),"") | I41: =IFERROR(HLOOKUP("2026년 11월",원본_RAW!$H$4:$BK$20,MATCH("ARBCCBDU_HP",원본_RAW!$A$4:$A$20,0),FALSE),"") | J41: =IFERROR(HLOOKUP("2026년 12월",원본_RAW!$H$4:$BK$20,MATCH("ARBCCBDU_HP",원본_RAW!$A$4:$A$20,0),FALSE),"") | K41: =IFERROR(HLOOKUP("2027년 1월",원본_RAW!$H$4:$BK$20,MATCH("ARBCCBDU_HP",원본_RAW!$A$4:$A$20,0),FALSE),"") | L41: =IFERROR(HLOOKUP("2027년 2월",원본_RAW!$H$4:$BK$20,MATCH("ARBCCBDU_HP",원본_RAW!$A$4:$A$20,0),FALSE),"") | M41: =IFERROR(HLOOKUP("2027년 3월",원본_RAW!$H$4:$BK$20,MATCH("ARBCCBDU_HP",원본_RAW!$A$4:$A$20,0),FALSE),"") | N41: =SUM(B41:M41) | O41: =COUNT(B41:M41)
A42: FY2027 | B42: =IFERROR(HLOOKUP("2027년 4월",원본_RAW!$H$4:$BK$20,MATCH("ARBCCBDU_HP",원본_RAW!$A$4:$A$20,0),FALSE),"") | C42: =IFERROR(HLOOKUP("2027년 5월",원본_RAW!$H$4:$BK$20,MATCH("ARBCCBDU_HP",원본_RAW!$A$4:$A$20,0),FALSE),"") | D42: =IFERROR(HLOOKUP("2027년 6월",원본_RAW!$H$4:$BK$20,MATCH("ARBCCBDU_HP",원본_RAW!$A$4:$A$20,0),FALSE),"") | E42: =IFERROR(HLOOKUP("2027년 7월",원본_RAW!$H$4:$BK$20,MATCH("ARBCCBDU_HP",원본_RAW!$A$4:$A$20,0),FALSE),"") | F42: =IFERROR(HLOOKUP("2027년 8월",원본_RAW!$H$4:$BK$20,MATCH("ARBCCBDU_HP",원본_RAW!$A$4:$A$20,0),FALSE),"") | G42: =IFERROR(HLOOKUP("2027년 9월",원본_RAW!$H$4:$BK$20,MATCH("ARBCCBDU_HP",원본_RAW!$A$4:$A$20,0),FALSE),"") | H42: =IFERROR(HLOOKUP("2027년 10월",원본_RAW!$H$4:$BK$20,MATCH("ARBCCBDU_HP",원본_RAW!$A$4:$A$20,0),FALSE),"") | I42: =IFERROR(HLOOKUP("2027년 11월",원본_RAW!$H$4:$BK$20,MATCH("ARBCCBDU_HP",원본_RAW!$A$4:$A$20,0),FALSE),"") | J42: =IFERROR(HLOOKUP("2027년 12월",원본_RAW!$H$4:$BK$20,MATCH("ARBCCBDU_HP",원본_RAW!$A$4:$A$20,0),FALSE),"") | K42: =IFERROR(HLOOKUP("2028년 1월",원본_RAW!$H$4:$BK$20,MATCH("ARBCCBDU_HP",원본_RAW!$A$4:$A$20,0),FALSE),"") | L42: =IFERROR(HLOOKUP("2028년 2월",원본_RAW!$H$4:$BK$20,MATCH("ARBCCBDU_HP",원본_RAW!$A$4:$A$20,0),FALSE),"") | M42: =IFERROR(HLOOKUP("2028년 3월",원본_RAW!$H$4:$BK$20,MATCH("ARBCCBDU_HP",원본_RAW!$A$4:$A$20,0),FALSE),"") | N42: =SUM(B42:M42) | O42: =COUNT(B42:M42)
A43: FY2028 | B43: =IFERROR(HLOOKUP("2028년 4월",원본_RAW!$H$4:$BK$20,MATCH("ARBCCBDU_HP",원본_RAW!$A$4:$A$20,0),FALSE),"") | C43: =IFERROR(HLOOKUP("2028년 5월",원본_RAW!$H$4:$BK$20,MATCH("ARBCCBDU_HP",원본_RAW!$A$4:$A$20,0),FALSE),"") | D43: =IFERROR(HLOOKUP("2028년 6월",원본_RAW!$H$4:$BK$20,MATCH("ARBCCBDU_HP",원본_RAW!$A$4:$A$20,0),FALSE),"") | E43: =IFERROR(HLOOKUP("2028년 7월",원본_RAW!$H$4:$BK$20,MATCH("ARBCCBDU_HP",원본_RAW!$A$4:$A$20,0),FALSE),"") | F43: =IFERROR(HLOOKUP("2028년 8월",원본_RAW!$H$4:$BK$20,MATCH("ARBCCBDU_HP",원본_RAW!$A$4:$A$20,0),FALSE),"") | G43: =IFERROR(HLOOKUP("2028년 9월",원본_RAW!$H$4:$BK$20,MATCH("ARBCCBDU_HP",원본_RAW!$A$4:$A$20,0),FALSE),"") | H43: =IFERROR(HLOOKUP("2028년 10월",원본_RAW!$H$4:$BK$20,MATCH("ARBCCBDU_HP",원본_RAW!$A$4:$A$20,0),FALSE),"") | I43: =IFERROR(HLOOKUP("2028년 11월",원본_RAW!$H$4:$BK$20,MATCH("ARBCCBDU_HP",원본_RAW!$A$4:$A$20,0),FALSE),"") | J43: =IFERROR(HLOOKUP("2028년 12월",원본_RAW!$H$4:$BK$20,MATCH("ARBCCBDU_HP",원본_RAW!$A$4:$A$20,0),FALSE),"") | K43: =IFERROR(HLOOKUP("2029년 1월",원본_RAW!$H$4:$BK$20,MATCH("ARBCCBDU_HP",원본_RAW!$A$4:$A$20,0),FALSE),"") | L43: =IFERROR(HLOOKUP("2029년 2월",원본_RAW!$H$4:$BK$20,MATCH("ARBCCBDU_HP",원본_RAW!$A$4:$A$20,0),FALSE),"") | M43: =IFERROR(HLOOKUP("2029년 3월",원본_RAW!$H$4:$BK$20,MATCH("ARBCCBDU_HP",원본_RAW!$A$4:$A$20,0),FALSE),"") | N43: =SUM(B43:M43) | O43: =COUNT(B43:M43)
A44: FY2029 | B44: =IFERROR(HLOOKUP("2029년 4월",원본_RAW!$H$4:$BK$20,MATCH("ARBCCBDU_HP",원본_RAW!$A$4:$A$20,0),FALSE),"") | C44: =IFERROR(HLOOKUP("2029년 5월",원본_RAW!$H$4:$BK$20,MATCH("ARBCCBDU_HP",원본_RAW!$A$4:$A$20,0),FALSE),"") | D44: =IFERROR(HLOOKUP("2029년 6월",원본_RAW!$H$4:$BK$20,MATCH("ARBCCBDU_HP",원본_RAW!$A$4:$A$20,0),FALSE),"") | E44: =IFERROR(HLOOKUP("2029년 7월",원본_RAW!$H$4:$BK$20,MATCH("ARBCCBDU_HP",원본_RAW!$A$4:$A$20,0),FALSE),"") | F44: =IFERROR(HLOOKUP("2029년 8월",원본_RAW!$H$4:$BK$20,MATCH("ARBCCBDU_HP",원본_RAW!$A$4:$A$20,0),FALSE),"") | G44: =IFERROR(HLOOKUP("2029년 9월",원본_RAW!$H$4:$BK$20,MATCH("ARBCCBDU_HP",원본_RAW!$A$4:$A$20,0),FALSE),"") | H44: =IFERROR(HLOOKUP("2029년 10월",원본_RAW!$H$4:$BK$20,MATCH("ARBCCBDU_HP",원본_RAW!$A$4:$A$20,0),FALSE),"") | I44: =IFERROR(HLOOKUP("2029년 11월",원본_RAW!$H$4:$BK$20,MATCH("ARBCCBDU_HP",원본_RAW!$A$4:$A$20,0),FALSE),"") | J44: =IFERROR(HLOOKUP("2029년 12월",원본_RAW!$H$4:$BK$20,MATCH("ARBCCBDU_HP",원본_RAW!$A$4:$A$20,0),FALSE),"") | K44: =IFERROR(HLOOKUP("2030년 1월",원본_RAW!$H$4:$BK$20,MATCH("ARBCCBDU_HP",원본_RAW!$A$4:$A$20,0),FALSE),"") | L44: =IFERROR(HLOOKUP("2030년 2월",원본_RAW!$H$4:$BK$20,MATCH("ARBCCBDU_HP",원본_RAW!$A$4:$A$20,0),FALSE),"") | M44: =IFERROR(HLOOKUP("2030년 3월",원본_RAW!$H$4:$BK$20,MATCH("ARBCCBDU_HP",원본_RAW!$A$4:$A$20,0),FALSE),"") | N44: =SUM(B44:M44) | O44: =COUNT(B44:M44)
A45: FY2030 | B45: =IFERROR(HLOOKUP("2030년 4월",원본_RAW!$H$4:$BK$20,MATCH("ARBCCBDU_HP",원본_RAW!$A$4:$A$20,0),FALSE),"") | C45: =IFERROR(HLOOKUP("2030년 5월",원본_RAW!$H$4:$BK$20,MATCH("ARBCCBDU_HP",원본_RAW!$A$4:$A$20,0),FALSE),"") | D45: =IFERROR(HLOOKUP("2030년 6월",원본_RAW!$H$4:$BK$20,MATCH("ARBCCBDU_HP",원본_RAW!$A$4:$A$20,0),FALSE),"") | E45: =IFERROR(HLOOKUP("2030년 7월",원본_RAW!$H$4:$BK$20,MATCH("ARBCCBDU_HP",원본_RAW!$A$4:$A$20,0),FALSE),"") | F45: =IFERROR(HLOOKUP("2030년 8월",원본_RAW!$H$4:$BK$20,MATCH("ARBCCBDU_HP",원본_RAW!$A$4:$A$20,0),FALSE),"") | G45: =IFERROR(HLOOKUP("2030년 9월",원본_RAW!$H$4:$BK$20,MATCH("ARBCCBDU_HP",원본_RAW!$A$4:$A$20,0),FALSE),"") | H45: =IFERROR(HLOOKUP("2030년 10월",원본_RAW!$H$4:$BK$20,MATCH("ARBCCBDU_HP",원본_RAW!$A$4:$A$20,0),FALSE),"") | I45: =IFERROR(HLOOKUP("2030년 11월",원본_RAW!$H$4:$BK$20,MATCH("ARBCCBDU_HP",원본_RAW!$A$4:$A$20,0),FALSE),"") | J45: =IFERROR(HLOOKUP("2030년 12월",원본_RAW!$H$4:$BK$20,MATCH("ARBCCBDU_HP",원본_RAW!$A$4:$A$20,0),FALSE),"") | K45: =IFERROR(HLOOKUP("2031년 1월",원본_RAW!$H$4:$BK$20,MATCH("ARBCCBDU_HP",원본_RAW!$A$4:$A$20,0),FALSE),"") | L45: =IFERROR(HLOOKUP("2031년 2월",원본_RAW!$H$4:$BK$20,MATCH("ARBCCBDU_HP",원본_RAW!$A$4:$A$20,0),FALSE),"") | M45: =IFERROR(HLOOKUP("2031년 3월",원본_RAW!$H$4:$BK$20,MATCH("ARBCCBDU_HP",원본_RAW!$A$4:$A$20,0),FALSE),"") | N45: =SUM(B45:M45) | O45: =COUNT(B45:M45)
A47: [GP] FY ＼ 월 | B47: 4월 | C47: 5월 | D47: 6월 | E47: 7월 | F47: 8월 | G47: 9월 | H47: 10월 | I47: 11월 | J47: 12월 | K47: 1월 | L47: 2월 | M47: 3월 | N47: FY 합계 | O47: 실측월수
A48: FY2018 | N48: =SUM(B48:M48) | O48: =COUNT(B48:M48)
A49: FY2019 | N49: =SUM(B49:M49) | O49: =COUNT(B49:M49)
A50: FY2020 | N50: =SUM(B50:M50) | O50: =COUNT(B50:M50)
A51: FY2021 | B51: 7146361 | C51: 7281393.8 | D51: 7248543.7 | E51: 7518815.6 | F51: 7420317.7 | G51: 7243889.3 | H51: 7482071.7 | I51: 7665688.4 | J51: 8522722.3 | K51: 8031657.3 | L51: 7456546.9 | M51: 8302058.7 | N51: =SUM(B51:M51) | O51: =COUNT(B51:M51)
A52: FY2022 | B52: 8151709 | C52: 8417757.5 | D52: 8718916.5 | E52: 8748697.4 | F52: 9191570.4 | G52: 8908858.7 | H52: 9389721.4 | I52: 9448249.1 | J52: 10222230 | K52: 9613482.7 | L52: 9421116.8 | M52: 10444944 | N52: =SUM(B52:M52) | O52: =COUNT(B52:M52)
A53: FY2023 | B53: 9818242.7 | C53: 10457744 | D53: 10364099 | E53: 10023731 | F53: 10099737 | G53: 9731536.1 | H53: 10155598 | I53: 10173107 | J53: 10600369 | K53: 10815757 | L53: 10376644 | M53: 10578850 | N53: =SUM(B53:M53) | O53: =COUNT(B53:M53)
A54: FY2024 | B54: 10907255 | C54: 11130976 | D54: 10413257 | E54: 11162679 | F54: 11005888 | G54: 10792939 | H54: 11334936 | I54: 10922947 | J54: 11812905 | K54: 11190880 | L54: 11000517 | M54: 11226077 | N54: =SUM(B54:M54) | O54: =COUNT(B54:M54)
A55: FY2025 | B55: 11676379 | C55: 11624342 | D55: 11100491 | E55: 11574459 | F55: 11146721 | G55: 12480847 | H55: 11063590 | I55: 11071214 | J55: 12616526 | K55: 12347692 | L55: 11586747 | M55: 13055840 | N55: =SUM(B55:M55) | O55: =COUNT(B55:M55)
A56: FY2026 | B56: =IFERROR(HLOOKUP("2026년 4월",원본_RAW!$H$4:$BK$20,MATCH("ARBCCBDU_GP",원본_RAW!$A$4:$A$20,0),FALSE),"") | C56: =IFERROR(HLOOKUP("2026년 5월",원본_RAW!$H$4:$BK$20,MATCH("ARBCCBDU_GP",원본_RAW!$A$4:$A$20,0),FALSE),"") | D56: =IFERROR(HLOOKUP("2026년 6월",원본_RAW!$H$4:$BK$20,MATCH("ARBCCBDU_GP",원본_RAW!$A$4:$A$20,0),FALSE),"") | E56: =IFERROR(HLOOKUP("2026년 7월",원본_RAW!$H$4:$BK$20,MATCH("ARBCCBDU_GP",원본_RAW!$A$4:$A$20,0),FALSE),"") | F56: =IFERROR(HLOOKUP("2026년 8월",원본_RAW!$H$4:$BK$20,MATCH("ARBCCBDU_GP",원본_RAW!$A$4:$A$20,0),FALSE),"") | G56: =IFERROR(HLOOKUP("2026년 9월",원본_RAW!$H$4:$BK$20,MATCH("ARBCCBDU_GP",원본_RAW!$A$4:$A$20,0),FALSE),"") | H56: =IFERROR(HLOOKUP("2026년 10월",원본_RAW!$H$4:$BK$20,MATCH("ARBCCBDU_GP",원본_RAW!$A$4:$A$20,0),FALSE),"") | I56: =IFERROR(HLOOKUP("2026년 11월",원본_RAW!$H$4:$BK$20,MATCH("ARBCCBDU_GP",원본_RAW!$A$4:$A$20,0),FALSE),"") | J56: =IFERROR(HLOOKUP("2026년 12월",원본_RAW!$H$4:$BK$20,MATCH("ARBCCBDU_GP",원본_RAW!$A$4:$A$20,0),FALSE),"") | K56: =IFERROR(HLOOKUP("2027년 1월",원본_RAW!$H$4:$BK$20,MATCH("ARBCCBDU_GP",원본_RAW!$A$4:$A$20,0),FALSE),"") | L56: =IFERROR(HLOOKUP("2027년 2월",원본_RAW!$H$4:$BK$20,MATCH("ARBCCBDU_GP",원본_RAW!$A$4:$A$20,0),FALSE),"") | M56: =IFERROR(HLOOKUP("2027년 3월",원본_RAW!$H$4:$BK$20,MATCH("ARBCCBDU_GP",원본_RAW!$A$4:$A$20,0),FALSE),"") | N56: =SUM(B56:M56) | O56: =COUNT(B56:M56)
A57: FY2027 | B57: =IFERROR(HLOOKUP("2027년 4월",원본_RAW!$H$4:$BK$20,MATCH("ARBCCBDU_GP",원본_RAW!$A$4:$A$20,0),FALSE),"") | C57: =IFERROR(HLOOKUP("2027년 5월",원본_RAW!$H$4:$BK$20,MATCH("ARBCCBDU_GP",원본_RAW!$A$4:$A$20,0),FALSE),"") | D57: =IFERROR(HLOOKUP("2027년 6월",원본_RAW!$H$4:$BK$20,MATCH("ARBCCBDU_GP",원본_RAW!$A$4:$A$20,0),FALSE),"") | E57: =IFERROR(HLOOKUP("2027년 7월",원본_RAW!$H$4:$BK$20,MATCH("ARBCCBDU_GP",원본_RAW!$A$4:$A$20,0),FALSE),"") | F57: =IFERROR(HLOOKUP("2027년 8월",원본_RAW!$H$4:$BK$20,MATCH("ARBCCBDU_GP",원본_RAW!$A$4:$A$20,0),FALSE),"") | G57: =IFERROR(HLOOKUP("2027년 9월",원본_RAW!$H$4:$BK$20,MATCH("ARBCCBDU_GP",원본_RAW!$A$4:$A$20,0),FALSE),"") | H57: =IFERROR(HLOOKUP("2027년 10월",원본_RAW!$H$4:$BK$20,MATCH("ARBCCBDU_GP",원본_RAW!$A$4:$A$20,0),FALSE),"") | I57: =IFERROR(HLOOKUP("2027년 11월",원본_RAW!$H$4:$BK$20,MATCH("ARBCCBDU_GP",원본_RAW!$A$4:$A$20,0),FALSE),"") | J57: =IFERROR(HLOOKUP("2027년 12월",원본_RAW!$H$4:$BK$20,MATCH("ARBCCBDU_GP",원본_RAW!$A$4:$A$20,0),FALSE),"") | K57: =IFERROR(HLOOKUP("2028년 1월",원본_RAW!$H$4:$BK$20,MATCH("ARBCCBDU_GP",원본_RAW!$A$4:$A$20,0),FALSE),"") | L57: =IFERROR(HLOOKUP("2028년 2월",원본_RAW!$H$4:$BK$20,MATCH("ARBCCBDU_GP",원본_RAW!$A$4:$A$20,0),FALSE),"") | M57: =IFERROR(HLOOKUP("2028년 3월",원본_RAW!$H$4:$BK$20,MATCH("ARBCCBDU_GP",원본_RAW!$A$4:$A$20,0),FALSE),"") | N57: =SUM(B57:M57) | O57: =COUNT(B57:M57)
A58: FY2028 | B58: =IFERROR(HLOOKUP("2028년 4월",원본_RAW!$H$4:$BK$20,MATCH("ARBCCBDU_GP",원본_RAW!$A$4:$A$20,0),FALSE),"") | C58: =IFERROR(HLOOKUP("2028년 5월",원본_RAW!$H$4:$BK$20,MATCH("ARBCCBDU_GP",원본_RAW!$A$4:$A$20,0),FALSE),"") | D58: =IFERROR(HLOOKUP("2028년 6월",원본_RAW!$H$4:$BK$20,MATCH("ARBCCBDU_GP",원본_RAW!$A$4:$A$20,0),FALSE),"") | E58: =IFERROR(HLOOKUP("2028년 7월",원본_RAW!$H$4:$BK$20,MATCH("ARBCCBDU_GP",원본_RAW!$A$4:$A$20,0),FALSE),"") | F58: =IFERROR(HLOOKUP("2028년 8월",원본_RAW!$H$4:$BK$20,MATCH("ARBCCBDU_GP",원본_RAW!$A$4:$A$20,0),FALSE),"") | G58: =IFERROR(HLOOKUP("2028년 9월",원본_RAW!$H$4:$BK$20,MATCH("ARBCCBDU_GP",원본_RAW!$A$4:$A$20,0),FALSE),"") | H58: =IFERROR(HLOOKUP("2028년 10월",원본_RAW!$H$4:$BK$20,MATCH("ARBCCBDU_GP",원본_RAW!$A$4:$A$20,0),FALSE),"") | I58: =IFERROR(HLOOKUP("2028년 11월",원본_RAW!$H$4:$BK$20,MATCH("ARBCCBDU_GP",원본_RAW!$A$4:$A$20,0),FALSE),"") | J58: =IFERROR(HLOOKUP("2028년 12월",원본_RAW!$H$4:$BK$20,MATCH("ARBCCBDU_GP",원본_RAW!$A$4:$A$20,0),FALSE),"") | K58: =IFERROR(HLOOKUP("2029년 1월",원본_RAW!$H$4:$BK$20,MATCH("ARBCCBDU_GP",원본_RAW!$A$4:$A$20,0),FALSE),"") | L58: =IFERROR(HLOOKUP("2029년 2월",원본_RAW!$H$4:$BK$20,MATCH("ARBCCBDU_GP",원본_RAW!$A$4:$A$20,0),FALSE),"") | M58: =IFERROR(HLOOKUP("2029년 3월",원본_RAW!$H$4:$BK$20,MATCH("ARBCCBDU_GP",원본_RAW!$A$4:$A$20,0),FALSE),"") | N58: =SUM(B58:M58) | O58: =COUNT(B58:M58)
A59: FY2029 | B59: =IFERROR(HLOOKUP("2029년 4월",원본_RAW!$H$4:$BK$20,MATCH("ARBCCBDU_GP",원본_RAW!$A$4:$A$20,0),FALSE),"") | C59: =IFERROR(HLOOKUP("2029년 5월",원본_RAW!$H$4:$BK$20,MATCH("ARBCCBDU_GP",원본_RAW!$A$4:$A$20,0),FALSE),"") | D59: =IFERROR(HLOOKUP("2029년 6월",원본_RAW!$H$4:$BK$20,MATCH("ARBCCBDU_GP",원본_RAW!$A$4:$A$20,0),FALSE),"") | E59: =IFERROR(HLOOKUP("2029년 7월",원본_RAW!$H$4:$BK$20,MATCH("ARBCCBDU_GP",원본_RAW!$A$4:$A$20,0),FALSE),"") | F59: =IFERROR(HLOOKUP("2029년 8월",원본_RAW!$H$4:$BK$20,MATCH("ARBCCBDU_GP",원본_RAW!$A$4:$A$20,0),FALSE),"") | G59: =IFERROR(HLOOKUP("2029년 9월",원본_RAW!$H$4:$BK$20,MATCH("ARBCCBDU_GP",원본_RAW!$A$4:$A$20,0),FALSE),"") | H59: =IFERROR(HLOOKUP("2029년 10월",원본_RAW!$H$4:$BK$20,MATCH("ARBCCBDU_GP",원본_RAW!$A$4:$A$20,0),FALSE),"") | I59: =IFERROR(HLOOKUP("2029년 11월",원본_RAW!$H$4:$BK$20,MATCH("ARBCCBDU_GP",원본_RAW!$A$4:$A$20,0),FALSE),"") | J59: =IFERROR(HLOOKUP("2029년 12월",원본_RAW!$H$4:$BK$20,MATCH("ARBCCBDU_GP",원본_RAW!$A$4:$A$20,0),FALSE),"") | K59: =IFERROR(HLOOKUP("2030년 1월",원본_RAW!$H$4:$BK$20,MATCH("ARBCCBDU_GP",원본_RAW!$A$4:$A$20,0),FALSE),"") | L59: =IFERROR(HLOOKUP("2030년 2월",원본_RAW!$H$4:$BK$20,MATCH("ARBCCBDU_GP",원본_RAW!$A$4:$A$20,0),FALSE),"") | M59: =IFERROR(HLOOKUP("2030년 3월",원본_RAW!$H$4:$BK$20,MATCH("ARBCCBDU_GP",원본_RAW!$A$4:$A$20,0),FALSE),"") | N59: =SUM(B59:M59) | O59: =COUNT(B59:M59)
A60: FY2030 | B60: =IFERROR(HLOOKUP("2030년 4월",원본_RAW!$H$4:$BK$20,MATCH("ARBCCBDU_GP",원본_RAW!$A$4:$A$20,0),FALSE),"") | C60: =IFERROR(HLOOKUP("2030년 5월",원본_RAW!$H$4:$BK$20,MATCH("ARBCCBDU_GP",원본_RAW!$A$4:$A$20,0),FALSE),"") | D60: =IFERROR(HLOOKUP("2030년 6월",원본_RAW!$H$4:$BK$20,MATCH("ARBCCBDU_GP",원본_RAW!$A$4:$A$20,0),FALSE),"") | E60: =IFERROR(HLOOKUP("2030년 7월",원본_RAW!$H$4:$BK$20,MATCH("ARBCCBDU_GP",원본_RAW!$A$4:$A$20,0),FALSE),"") | F60: =IFERROR(HLOOKUP("2030년 8월",원본_RAW!$H$4:$BK$20,MATCH("ARBCCBDU_GP",원본_RAW!$A$4:$A$20,0),FALSE),"") | G60: =IFERROR(HLOOKUP("2030년 9월",원본_RAW!$H$4:$BK$20,MATCH("ARBCCBDU_GP",원본_RAW!$A$4:$A$20,0),FALSE),"") | H60: =IFERROR(HLOOKUP("2030년 10월",원본_RAW!$H$4:$BK$20,MATCH("ARBCCBDU_GP",원본_RAW!$A$4:$A$20,0),FALSE),"") | I60: =IFERROR(HLOOKUP("2030년 11월",원본_RAW!$H$4:$BK$20,MATCH("ARBCCBDU_GP",원본_RAW!$A$4:$A$20,0),FALSE),"") | J60: =IFERROR(HLOOKUP("2030년 12월",원본_RAW!$H$4:$BK$20,MATCH("ARBCCBDU_GP",원본_RAW!$A$4:$A$20,0),FALSE),"") | K60: =IFERROR(HLOOKUP("2031년 1월",원본_RAW!$H$4:$BK$20,MATCH("ARBCCBDU_GP",원본_RAW!$A$4:$A$20,0),FALSE),"") | L60: =IFERROR(HLOOKUP("2031년 2월",원본_RAW!$H$4:$BK$20,MATCH("ARBCCBDU_GP",원본_RAW!$A$4:$A$20,0),FALSE),"") | M60: =IFERROR(HLOOKUP("2031년 3월",원본_RAW!$H$4:$BK$20,MATCH("ARBCCBDU_GP",원본_RAW!$A$4:$A$20,0),FALSE),"") | N60: =SUM(B60:M60) | O60: =COUNT(B60:M60)
A62: ■ C. Olmesartan+Amlodipine+HCTZ 성분 처방량 (DOT)
A63: [HP] FY ＼ 월 | B63: 4월 | C63: 5월 | D63: 6월 | E63: 7월 | F63: 8월 | G63: 9월 | H63: 10월 | I63: 11월 | J63: 12월 | K63: 1월 | L63: 2월 | M63: 3월 | N63: FY 합계 | O63: 실측월수
A64: FY2018 | N64: =SUM(B64:M64) | O64: =COUNT(B64:M64)
A65: FY2019 | N65: =SUM(B65:M65) | O65: =COUNT(B65:M65)
A66: FY2020 | N66: =SUM(B66:M66) | O66: =COUNT(B66:M66)
A67: FY2021 | B67: 1562451.2 | C67: 1474824.8 | D67: 1616458.7 | E67: 1678551.6 | F67: 1600641.3 | G67: 1569864.2 | H67: 1610129.4 | I67: 1792200.7 | J67: 1858644.4 | K67: 1641938.9 | L67: 1529259.8 | M67: 1849322.9 | N67: =SUM(B67:M67) | O67: =COUNT(B67:M67)
A68: FY2022 | B68: 1749289.3 | C68: 1808963.1 | D68: 1727686.6 | E68: 1768957.3 | F68: 1830516.4 | G68: 1831304.2 | H68: 1682017.1 | I68: 1885028 | J68: 1955454.3 | K68: 1784822.8 | L68: 1719579.9 | M68: 1928204.1 | N68: =SUM(B68:M68) | O68: =COUNT(B68:M68)
A69: FY2023 | B69: 1896683.2 | C69: 1939792.4 | D69: 1844483.4 | E69: 1794761.8 | F69: 1860003.6 | G69: 1710809.6 | H69: 1884330.1 | I69: 1925056.5 | J69: 1903668.1 | K69: 1942146.1 | L69: 1753852.5 | M69: 1938751.5 | N69: =SUM(B69:M69) | O69: =COUNT(B69:M69)
A70: FY2024 | B70: 1964847.6 | C70: 1879427.4 | D70: 1731118.3 | E70: 2082384.9 | F70: 1837414.9 | G70: 1814333.7 | H70: 1910062.7 | I70: 1943276.9 | J70: 2024540.9 | K70: 1778446.1 | L70: 1843156.2 | M70: 1847567.3 | N70: =SUM(B70:M70) | O70: =COUNT(B70:M70)
A71: FY2025 | B71: 2008862.6 | C71: 1707057.7 | D71: 1889161.7 | E71: 1965611.6 | F71: 1661859.9 | G71: 1947217 | H71: 1767111.9 | I71: 1751881.7 | J71: 2051941.2 | K71: 1883990 | L71: 1647209.1 | M71: 1987721.6 | N71: =SUM(B71:M71) | O71: =COUNT(B71:M71)
A72: FY2026 | B72: =IFERROR(HLOOKUP("2026년 4월",원본_RAW!$H$4:$BK$20,MATCH("OLM3_HP",원본_RAW!$A$4:$A$20,0),FALSE),"") | C72: =IFERROR(HLOOKUP("2026년 5월",원본_RAW!$H$4:$BK$20,MATCH("OLM3_HP",원본_RAW!$A$4:$A$20,0),FALSE),"") | D72: =IFERROR(HLOOKUP("2026년 6월",원본_RAW!$H$4:$BK$20,MATCH("OLM3_HP",원본_RAW!$A$4:$A$20,0),FALSE),"") | E72: =IFERROR(HLOOKUP("2026년 7월",원본_RAW!$H$4:$BK$20,MATCH("OLM3_HP",원본_RAW!$A$4:$A$20,0),FALSE),"") | F72: =IFERROR(HLOOKUP("2026년 8월",원본_RAW!$H$4:$BK$20,MATCH("OLM3_HP",원본_RAW!$A$4:$A$20,0),FALSE),"") | G72: =IFERROR(HLOOKUP("2026년 9월",원본_RAW!$H$4:$BK$20,MATCH("OLM3_HP",원본_RAW!$A$4:$A$20,0),FALSE),"") | H72: =IFERROR(HLOOKUP("2026년 10월",원본_RAW!$H$4:$BK$20,MATCH("OLM3_HP",원본_RAW!$A$4:$A$20,0),FALSE),"") | I72: =IFERROR(HLOOKUP("2026년 11월",원본_RAW!$H$4:$BK$20,MATCH("OLM3_HP",원본_RAW!$A$4:$A$20,0),FALSE),"") | J72: =IFERROR(HLOOKUP("2026년 12월",원본_RAW!$H$4:$BK$20,MATCH("OLM3_HP",원본_RAW!$A$4:$A$20,0),FALSE),"") | K72: =IFERROR(HLOOKUP("2027년 1월",원본_RAW!$H$4:$BK$20,MATCH("OLM3_HP",원본_RAW!$A$4:$A$20,0),FALSE),"") | L72: =IFERROR(HLOOKUP("2027년 2월",원본_RAW!$H$4:$BK$20,MATCH("OLM3_HP",원본_RAW!$A$4:$A$20,0),FALSE),"") | M72: =IFERROR(HLOOKUP("2027년 3월",원본_RAW!$H$4:$BK$20,MATCH("OLM3_HP",원본_RAW!$A$4:$A$20,0),FALSE),"") | N72: =SUM(B72:M72) | O72: =COUNT(B72:M72)
A73: FY2027 | B73: =IFERROR(HLOOKUP("2027년 4월",원본_RAW!$H$4:$BK$20,MATCH("OLM3_HP",원본_RAW!$A$4:$A$20,0),FALSE),"") | C73: =IFERROR(HLOOKUP("2027년 5월",원본_RAW!$H$4:$BK$20,MATCH("OLM3_HP",원본_RAW!$A$4:$A$20,0),FALSE),"") | D73: =IFERROR(HLOOKUP("2027년 6월",원본_RAW!$H$4:$BK$20,MATCH("OLM3_HP",원본_RAW!$A$4:$A$20,0),FALSE),"") | E73: =IFERROR(HLOOKUP("2027년 7월",원본_RAW!$H$4:$BK$20,MATCH("OLM3_HP",원본_RAW!$A$4:$A$20,0),FALSE),"") | F73: =IFERROR(HLOOKUP("2027년 8월",원본_RAW!$H$4:$BK$20,MATCH("OLM3_HP",원본_RAW!$A$4:$A$20,0),FALSE),"") | G73: =IFERROR(HLOOKUP("2027년 9월",원본_RAW!$H$4:$BK$20,MATCH("OLM3_HP",원본_RAW!$A$4:$A$20,0),FALSE),"") | H73: =IFERROR(HLOOKUP("2027년 10월",원본_RAW!$H$4:$BK$20,MATCH("OLM3_HP",원본_RAW!$A$4:$A$20,0),FALSE),"") | I73: =IFERROR(HLOOKUP("2027년 11월",원본_RAW!$H$4:$BK$20,MATCH("OLM3_HP",원본_RAW!$A$4:$A$20,0),FALSE),"") | J73: =IFERROR(HLOOKUP("2027년 12월",원본_RAW!$H$4:$BK$20,MATCH("OLM3_HP",원본_RAW!$A$4:$A$20,0),FALSE),"") | K73: =IFERROR(HLOOKUP("2028년 1월",원본_RAW!$H$4:$BK$20,MATCH("OLM3_HP",원본_RAW!$A$4:$A$20,0),FALSE),"") | L73: =IFERROR(HLOOKUP("2028년 2월",원본_RAW!$H$4:$BK$20,MATCH("OLM3_HP",원본_RAW!$A$4:$A$20,0),FALSE),"") | M73: =IFERROR(HLOOKUP("2028년 3월",원본_RAW!$H$4:$BK$20,MATCH("OLM3_HP",원본_RAW!$A$4:$A$20,0),FALSE),"") | N73: =SUM(B73:M73) | O73: =COUNT(B73:M73)
A74: FY2028 | B74: =IFERROR(HLOOKUP("2028년 4월",원본_RAW!$H$4:$BK$20,MATCH("OLM3_HP",원본_RAW!$A$4:$A$20,0),FALSE),"") | C74: =IFERROR(HLOOKUP("2028년 5월",원본_RAW!$H$4:$BK$20,MATCH("OLM3_HP",원본_RAW!$A$4:$A$20,0),FALSE),"") | D74: =IFERROR(HLOOKUP("2028년 6월",원본_RAW!$H$4:$BK$20,MATCH("OLM3_HP",원본_RAW!$A$4:$A$20,0),FALSE),"") | E74: =IFERROR(HLOOKUP("2028년 7월",원본_RAW!$H$4:$BK$20,MATCH("OLM3_HP",원본_RAW!$A$4:$A$20,0),FALSE),"") | F74: =IFERROR(HLOOKUP("2028년 8월",원본_RAW!$H$4:$BK$20,MATCH("OLM3_HP",원본_RAW!$A$4:$A$20,0),FALSE),"") | G74: =IFERROR(HLOOKUP("2028년 9월",원본_RAW!$H$4:$BK$20,MATCH("OLM3_HP",원본_RAW!$A$4:$A$20,0),FALSE),"") | H74: =IFERROR(HLOOKUP("2028년 10월",원본_RAW!$H$4:$BK$20,MATCH("OLM3_HP",원본_RAW!$A$4:$A$20,0),FALSE),"") | I74: =IFERROR(HLOOKUP("2028년 11월",원본_RAW!$H$4:$BK$20,MATCH("OLM3_HP",원본_RAW!$A$4:$A$20,0),FALSE),"") | J74: =IFERROR(HLOOKUP("2028년 12월",원본_RAW!$H$4:$BK$20,MATCH("OLM3_HP",원본_RAW!$A$4:$A$20,0),FALSE),"") | K74: =IFERROR(HLOOKUP("2029년 1월",원본_RAW!$H$4:$BK$20,MATCH("OLM3_HP",원본_RAW!$A$4:$A$20,0),FALSE),"") | L74: =IFERROR(HLOOKUP("2029년 2월",원본_RAW!$H$4:$BK$20,MATCH("OLM3_HP",원본_RAW!$A$4:$A$20,0),FALSE),"") | M74: =IFERROR(HLOOKUP("2029년 3월",원본_RAW!$H$4:$BK$20,MATCH("OLM3_HP",원본_RAW!$A$4:$A$20,0),FALSE),"") | N74: =SUM(B74:M74) | O74: =COUNT(B74:M74)
A75: FY2029 | B75: =IFERROR(HLOOKUP("2029년 4월",원본_RAW!$H$4:$BK$20,MATCH("OLM3_HP",원본_RAW!$A$4:$A$20,0),FALSE),"") | C75: =IFERROR(HLOOKUP("2029년 5월",원본_RAW!$H$4:$BK$20,MATCH("OLM3_HP",원본_RAW!$A$4:$A$20,0),FALSE),"") | D75: =IFERROR(HLOOKUP("2029년 6월",원본_RAW!$H$4:$BK$20,MATCH("OLM3_HP",원본_RAW!$A$4:$A$20,0),FALSE),"") | E75: =IFERROR(HLOOKUP("2029년 7월",원본_RAW!$H$4:$BK$20,MATCH("OLM3_HP",원본_RAW!$A$4:$A$20,0),FALSE),"") | F75: =IFERROR(HLOOKUP("2029년 8월",원본_RAW!$H$4:$BK$20,MATCH("OLM3_HP",원본_RAW!$A$4:$A$20,0),FALSE),"") | G75: =IFERROR(HLOOKUP("2029년 9월",원본_RAW!$H$4:$BK$20,MATCH("OLM3_HP",원본_RAW!$A$4:$A$20,0),FALSE),"") | H75: =IFERROR(HLOOKUP("2029년 10월",원본_RAW!$H$4:$BK$20,MATCH("OLM3_HP",원본_RAW!$A$4:$A$20,0),FALSE),"") | I75: =IFERROR(HLOOKUP("2029년 11월",원본_RAW!$H$4:$BK$20,MATCH("OLM3_HP",원본_RAW!$A$4:$A$20,0),FALSE),"") | J75: =IFERROR(HLOOKUP("2029년 12월",원본_RAW!$H$4:$BK$20,MATCH("OLM3_HP",원본_RAW!$A$4:$A$20,0),FALSE),"") | K75: =IFERROR(HLOOKUP("2030년 1월",원본_RAW!$H$4:$BK$20,MATCH("OLM3_HP",원본_RAW!$A$4:$A$20,0),FALSE),"") | L75: =IFERROR(HLOOKUP("2030년 2월",원본_RAW!$H$4:$BK$20,MATCH("OLM3_HP",원본_RAW!$A$4:$A$20,0),FALSE),"") | M75: =IFERROR(HLOOKUP("2030년 3월",원본_RAW!$H$4:$BK$20,MATCH("OLM3_HP",원본_RAW!$A$4:$A$20,0),FALSE),"") | N75: =SUM(B75:M75) | O75: =COUNT(B75:M75)
A76: FY2030 | B76: =IFERROR(HLOOKUP("2030년 4월",원본_RAW!$H$4:$BK$20,MATCH("OLM3_HP",원본_RAW!$A$4:$A$20,0),FALSE),"") | C76: =IFERROR(HLOOKUP("2030년 5월",원본_RAW!$H$4:$BK$20,MATCH("OLM3_HP",원본_RAW!$A$4:$A$20,0),FALSE),"") | D76: =IFERROR(HLOOKUP("2030년 6월",원본_RAW!$H$4:$BK$20,MATCH("OLM3_HP",원본_RAW!$A$4:$A$20,0),FALSE),"") | E76: =IFERROR(HLOOKUP("2030년 7월",원본_RAW!$H$4:$BK$20,MATCH("OLM3_HP",원본_RAW!$A$4:$A$20,0),FALSE),"") | F76: =IFERROR(HLOOKUP("2030년 8월",원본_RAW!$H$4:$BK$20,MATCH("OLM3_HP",원본_RAW!$A$4:$A$20,0),FALSE),"") | G76: =IFERROR(HLOOKUP("2030년 9월",원본_RAW!$H$4:$BK$20,MATCH("OLM3_HP",원본_RAW!$A$4:$A$20,0),FALSE),"") | H76: =IFERROR(HLOOKUP("2030년 10월",원본_RAW!$H$4:$BK$20,MATCH("OLM3_HP",원본_RAW!$A$4:$A$20,0),FALSE),"") | I76: =IFERROR(HLOOKUP("2030년 11월",원본_RAW!$H$4:$BK$20,MATCH("OLM3_HP",원본_RAW!$A$4:$A$20,0),FALSE),"") | J76: =IFERROR(HLOOKUP("2030년 12월",원본_RAW!$H$4:$BK$20,MATCH("OLM3_HP",원본_RAW!$A$4:$A$20,0),FALSE),"") | K76: =IFERROR(HLOOKUP("2031년 1월",원본_RAW!$H$4:$BK$20,MATCH("OLM3_HP",원본_RAW!$A$4:$A$20,0),FALSE),"") | L76: =IFERROR(HLOOKUP("2031년 2월",원본_RAW!$H$4:$BK$20,MATCH("OLM3_HP",원본_RAW!$A$4:$A$20,0),FALSE),"") | M76: =IFERROR(HLOOKUP("2031년 3월",원본_RAW!$H$4:$BK$20,MATCH("OLM3_HP",원본_RAW!$A$4:$A$20,0),FALSE),"") | N76: =SUM(B76:M76) | O76: =COUNT(B76:M76)
A78: [GP] FY ＼ 월 | B78: 4월 | C78: 5월 | D78: 6월 | E78: 7월 | F78: 8월 | G78: 9월 | H78: 10월 | I78: 11월 | J78: 12월 | K78: 1월 | L78: 2월 | M78: 3월 | N78: FY 합계 | O78: 실측월수
A79: FY2018 | N79: =SUM(B79:M79) | O79: =COUNT(B79:M79)
A80: FY2019 | N80: =SUM(B80:M80) | O80: =COUNT(B80:M80)
A81: FY2020 | N81: =SUM(B81:M81) | O81: =COUNT(B81:M81)
A82: FY2021 | B82: 3257309.6 | C82: 3300059.6 | D82: 3274363.6 | E82: 3420105 | F82: 3417541.6 | G82: 3321483.5 | H82: 3431153.8 | I82: 3521990.2 | J82: 4019039.8 | K82: 3789317.6 | L82: 3565684.1 | M82: 3983292 | N82: =SUM(B82:M82) | O82: =COUNT(B82:M82)
A83: FY2022 | B83: 3906211.5 | C83: 4065883 | D83: 4016807.5 | E83: 3954241.8 | F83: 4103424.8 | G83: 3982710.6 | H83: 4172325.7 | I83: 4134575.9 | J83: 4432404.5 | K83: 4219685.2 | L83: 4082368.6 | M83: 4625461.6 | N83: =SUM(B83:M83) | O83: =COUNT(B83:M83)
A84: FY2023 | B84: 4272866.6 | C84: 4644462.2 | D84: 4576853 | E84: 4490700.2 | F84: 4431643.5 | G84: 4321638.1 | H84: 4510470.5 | I84: 4542981.9 | J84: 4753222.3 | K84: 4904766.7 | L84: 4691921.6 | M84: 4753783.9 | N84: =SUM(B84:M84) | O84: =COUNT(B84:M84)
A85: FY2024 | B85: 4965250.3 | C85: 5019198 | D85: 4770163.3 | E85: 5104799.1 | F85: 5003392 | G85: 4927091.6 | H85: 5199470.9 | I85: 4980186.2 | J85: 5434322.3 | K85: 5168056.8 | L85: 4974244.1 | M85: 5223136.2 | N85: =SUM(B85:M85) | O85: =COUNT(B85:M85)
A86: FY2025 | B86: 5368905.7 | C86: 5398892 | D86: 5141172 | E86: 5292832.2 | F86: 5097138.6 | G86: 5748730.3 | H86: 5122507 | I86: 5014648 | J86: 5726948.1 | K86: 5562578.1 | L86: 5094912.5 | M86: 5763725.7 | N86: =SUM(B86:M86) | O86: =COUNT(B86:M86)
A87: FY2026 | B87: =IFERROR(HLOOKUP("2026년 4월",원본_RAW!$H$4:$BK$20,MATCH("OLM3_GP",원본_RAW!$A$4:$A$20,0),FALSE),"") | C87: =IFERROR(HLOOKUP("2026년 5월",원본_RAW!$H$4:$BK$20,MATCH("OLM3_GP",원본_RAW!$A$4:$A$20,0),FALSE),"") | D87: =IFERROR(HLOOKUP("2026년 6월",원본_RAW!$H$4:$BK$20,MATCH("OLM3_GP",원본_RAW!$A$4:$A$20,0),FALSE),"") | E87: =IFERROR(HLOOKUP("2026년 7월",원본_RAW!$H$4:$BK$20,MATCH("OLM3_GP",원본_RAW!$A$4:$A$20,0),FALSE),"") | F87: =IFERROR(HLOOKUP("2026년 8월",원본_RAW!$H$4:$BK$20,MATCH("OLM3_GP",원본_RAW!$A$4:$A$20,0),FALSE),"") | G87: =IFERROR(HLOOKUP("2026년 9월",원본_RAW!$H$4:$BK$20,MATCH("OLM3_GP",원본_RAW!$A$4:$A$20,0),FALSE),"") | H87: =IFERROR(HLOOKUP("2026년 10월",원본_RAW!$H$4:$BK$20,MATCH("OLM3_GP",원본_RAW!$A$4:$A$20,0),FALSE),"") | I87: =IFERROR(HLOOKUP("2026년 11월",원본_RAW!$H$4:$BK$20,MATCH("OLM3_GP",원본_RAW!$A$4:$A$20,0),FALSE),"") | J87: =IFERROR(HLOOKUP("2026년 12월",원본_RAW!$H$4:$BK$20,MATCH("OLM3_GP",원본_RAW!$A$4:$A$20,0),FALSE),"") | K87: =IFERROR(HLOOKUP("2027년 1월",원본_RAW!$H$4:$BK$20,MATCH("OLM3_GP",원본_RAW!$A$4:$A$20,0),FALSE),"") | L87: =IFERROR(HLOOKUP("2027년 2월",원본_RAW!$H$4:$BK$20,MATCH("OLM3_GP",원본_RAW!$A$4:$A$20,0),FALSE),"") | M87: =IFERROR(HLOOKUP("2027년 3월",원본_RAW!$H$4:$BK$20,MATCH("OLM3_GP",원본_RAW!$A$4:$A$20,0),FALSE),"") | N87: =SUM(B87:M87) | O87: =COUNT(B87:M87)
A88: FY2027 | B88: =IFERROR(HLOOKUP("2027년 4월",원본_RAW!$H$4:$BK$20,MATCH("OLM3_GP",원본_RAW!$A$4:$A$20,0),FALSE),"") | C88: =IFERROR(HLOOKUP("2027년 5월",원본_RAW!$H$4:$BK$20,MATCH("OLM3_GP",원본_RAW!$A$4:$A$20,0),FALSE),"") | D88: =IFERROR(HLOOKUP("2027년 6월",원본_RAW!$H$4:$BK$20,MATCH("OLM3_GP",원본_RAW!$A$4:$A$20,0),FALSE),"") | E88: =IFERROR(HLOOKUP("2027년 7월",원본_RAW!$H$4:$BK$20,MATCH("OLM3_GP",원본_RAW!$A$4:$A$20,0),FALSE),"") | F88: =IFERROR(HLOOKUP("2027년 8월",원본_RAW!$H$4:$BK$20,MATCH("OLM3_GP",원본_RAW!$A$4:$A$20,0),FALSE),"") | G88: =IFERROR(HLOOKUP("2027년 9월",원본_RAW!$H$4:$BK$20,MATCH("OLM3_GP",원본_RAW!$A$4:$A$20,0),FALSE),"") | H88: =IFERROR(HLOOKUP("2027년 10월",원본_RAW!$H$4:$BK$20,MATCH("OLM3_GP",원본_RAW!$A$4:$A$20,0),FALSE),"") | I88: =IFERROR(HLOOKUP("2027년 11월",원본_RAW!$H$4:$BK$20,MATCH("OLM3_GP",원본_RAW!$A$4:$A$20,0),FALSE),"") | J88: =IFERROR(HLOOKUP("2027년 12월",원본_RAW!$H$4:$BK$20,MATCH("OLM3_GP",원본_RAW!$A$4:$A$20,0),FALSE),"") | K88: =IFERROR(HLOOKUP("2028년 1월",원본_RAW!$H$4:$BK$20,MATCH("OLM3_GP",원본_RAW!$A$4:$A$20,0),FALSE),"") | L88: =IFERROR(HLOOKUP("2028년 2월",원본_RAW!$H$4:$BK$20,MATCH("OLM3_GP",원본_RAW!$A$4:$A$20,0),FALSE),"") | M88: =IFERROR(HLOOKUP("2028년 3월",원본_RAW!$H$4:$BK$20,MATCH("OLM3_GP",원본_RAW!$A$4:$A$20,0),FALSE),"") | N88: =SUM(B88:M88) | O88: =COUNT(B88:M88)
A89: FY2028 | B89: =IFERROR(HLOOKUP("2028년 4월",원본_RAW!$H$4:$BK$20,MATCH("OLM3_GP",원본_RAW!$A$4:$A$20,0),FALSE),"") | C89: =IFERROR(HLOOKUP("2028년 5월",원본_RAW!$H$4:$BK$20,MATCH("OLM3_GP",원본_RAW!$A$4:$A$20,0),FALSE),"") | D89: =IFERROR(HLOOKUP("2028년 6월",원본_RAW!$H$4:$BK$20,MATCH("OLM3_GP",원본_RAW!$A$4:$A$20,0),FALSE),"") | E89: =IFERROR(HLOOKUP("2028년 7월",원본_RAW!$H$4:$BK$20,MATCH("OLM3_GP",원본_RAW!$A$4:$A$20,0),FALSE),"") | F89: =IFERROR(HLOOKUP("2028년 8월",원본_RAW!$H$4:$BK$20,MATCH("OLM3_GP",원본_RAW!$A$4:$A$20,0),FALSE),"") | G89: =IFERROR(HLOOKUP("2028년 9월",원본_RAW!$H$4:$BK$20,MATCH("OLM3_GP",원본_RAW!$A$4:$A$20,0),FALSE),"") | H89: =IFERROR(HLOOKUP("2028년 10월",원본_RAW!$H$4:$BK$20,MATCH("OLM3_GP",원본_RAW!$A$4:$A$20,0),FALSE),"") | I89: =IFERROR(HLOOKUP("2028년 11월",원본_RAW!$H$4:$BK$20,MATCH("OLM3_GP",원본_RAW!$A$4:$A$20,0),FALSE),"") | J89: =IFERROR(HLOOKUP("2028년 12월",원본_RAW!$H$4:$BK$20,MATCH("OLM3_GP",원본_RAW!$A$4:$A$20,0),FALSE),"") | K89: =IFERROR(HLOOKUP("2029년 1월",원본_RAW!$H$4:$BK$20,MATCH("OLM3_GP",원본_RAW!$A$4:$A$20,0),FALSE),"") | L89: =IFERROR(HLOOKUP("2029년 2월",원본_RAW!$H$4:$BK$20,MATCH("OLM3_GP",원본_RAW!$A$4:$A$20,0),FALSE),"") | M89: =IFERROR(HLOOKUP("2029년 3월",원본_RAW!$H$4:$BK$20,MATCH("OLM3_GP",원본_RAW!$A$4:$A$20,0),FALSE),"") | N89: =SUM(B89:M89) | O89: =COUNT(B89:M89)
A90: FY2029 | B90: =IFERROR(HLOOKUP("2029년 4월",원본_RAW!$H$4:$BK$20,MATCH("OLM3_GP",원본_RAW!$A$4:$A$20,0),FALSE),"") | C90: =IFERROR(HLOOKUP("2029년 5월",원본_RAW!$H$4:$BK$20,MATCH("OLM3_GP",원본_RAW!$A$4:$A$20,0),FALSE),"") | D90: =IFERROR(HLOOKUP("2029년 6월",원본_RAW!$H$4:$BK$20,MATCH("OLM3_GP",원본_RAW!$A$4:$A$20,0),FALSE),"") | E90: =IFERROR(HLOOKUP("2029년 7월",원본_RAW!$H$4:$BK$20,MATCH("OLM3_GP",원본_RAW!$A$4:$A$20,0),FALSE),"") | F90: =IFERROR(HLOOKUP("2029년 8월",원본_RAW!$H$4:$BK$20,MATCH("OLM3_GP",원본_RAW!$A$4:$A$20,0),FALSE),"") | G90: =IFERROR(HLOOKUP("2029년 9월",원본_RAW!$H$4:$BK$20,MATCH("OLM3_GP",원본_RAW!$A$4:$A$20,0),FALSE),"") | H90: =IFERROR(HLOOKUP("2029년 10월",원본_RAW!$H$4:$BK$20,MATCH("OLM3_GP",원본_RAW!$A$4:$A$20,0),FALSE),"") | I90: =IFERROR(HLOOKUP("2029년 11월",원본_RAW!$H$4:$BK$20,MATCH("OLM3_GP",원본_RAW!$A$4:$A$20,0),FALSE),"") | J90: =IFERROR(HLOOKUP("2029년 12월",원본_RAW!$H$4:$BK$20,MATCH("OLM3_GP",원본_RAW!$A$4:$A$20,0),FALSE),"") | K90: =IFERROR(HLOOKUP("2030년 1월",원본_RAW!$H$4:$BK$20,MATCH("OLM3_GP",원본_RAW!$A$4:$A$20,0),FALSE),"") | L90: =IFERROR(HLOOKUP("2030년 2월",원본_RAW!$H$4:$BK$20,MATCH("OLM3_GP",원본_RAW!$A$4:$A$20,0),FALSE),"") | M90: =IFERROR(HLOOKUP("2030년 3월",원본_RAW!$H$4:$BK$20,MATCH("OLM3_GP",원본_RAW!$A$4:$A$20,0),FALSE),"") | N90: =SUM(B90:M90) | O90: =COUNT(B90:M90)
A91: FY2030 | B91: =IFERROR(HLOOKUP("2030년 4월",원본_RAW!$H$4:$BK$20,MATCH("OLM3_GP",원본_RAW!$A$4:$A$20,0),FALSE),"") | C91: =IFERROR(HLOOKUP("2030년 5월",원본_RAW!$H$4:$BK$20,MATCH("OLM3_GP",원본_RAW!$A$4:$A$20,0),FALSE),"") | D91: =IFERROR(HLOOKUP("2030년 6월",원본_RAW!$H$4:$BK$20,MATCH("OLM3_GP",원본_RAW!$A$4:$A$20,0),FALSE),"") | E91: =IFERROR(HLOOKUP("2030년 7월",원본_RAW!$H$4:$BK$20,MATCH("OLM3_GP",원본_RAW!$A$4:$A$20,0),FALSE),"") | F91: =IFERROR(HLOOKUP("2030년 8월",원본_RAW!$H$4:$BK$20,MATCH("OLM3_GP",원본_RAW!$A$4:$A$20,0),FALSE),"") | G91: =IFERROR(HLOOKUP("2030년 9월",원본_RAW!$H$4:$BK$20,MATCH("OLM3_GP",원본_RAW!$A$4:$A$20,0),FALSE),"") | H91: =IFERROR(HLOOKUP("2030년 10월",원본_RAW!$H$4:$BK$20,MATCH("OLM3_GP",원본_RAW!$A$4:$A$20,0),FALSE),"") | I91: =IFERROR(HLOOKUP("2030년 11월",원본_RAW!$H$4:$BK$20,MATCH("OLM3_GP",원본_RAW!$A$4:$A$20,0),FALSE),"") | J91: =IFERROR(HLOOKUP("2030년 12월",원본_RAW!$H$4:$BK$20,MATCH("OLM3_GP",원본_RAW!$A$4:$A$20,0),FALSE),"") | K91: =IFERROR(HLOOKUP("2031년 1월",원본_RAW!$H$4:$BK$20,MATCH("OLM3_GP",원본_RAW!$A$4:$A$20,0),FALSE),"") | L91: =IFERROR(HLOOKUP("2031년 2월",원본_RAW!$H$4:$BK$20,MATCH("OLM3_GP",원본_RAW!$A$4:$A$20,0),FALSE),"") | M91: =IFERROR(HLOOKUP("2031년 3월",원본_RAW!$H$4:$BK$20,MATCH("OLM3_GP",원본_RAW!$A$4:$A$20,0),FALSE),"") | N91: =SUM(B91:M91) | O91: =COUNT(B91:M91)
A93: ■ D. 세비카HCT 오리지널 처방량 (DOT)
A94: [HP] FY ＼ 월 | B94: 4월 | C94: 5월 | D94: 6월 | E94: 7월 | F94: 8월 | G94: 9월 | H94: 10월 | I94: 11월 | J94: 12월 | K94: 1월 | L94: 2월 | M94: 3월 | N94: FY 합계 | O94: 실측월수
A95: FY2018 | N95: =SUM(B95:M95) | O95: =COUNT(B95:M95)
A96: FY2019 | N96: =SUM(B96:M96) | O96: =COUNT(B96:M96)
A97: FY2020 | N97: =SUM(B97:M97) | O97: =COUNT(B97:M97)
A98: FY2021 | B98: 1531182.8 | C98: 1448091 | D98: 1582742.1 | E98: 1636592.1 | F98: 1574455 | G98: 1531739.9 | H98: 1574768.5 | I98: 1756666.4 | J98: 1823453 | K98: 1606714.9 | L98: 1498857.5 | M98: 1812207.4 | N98: =SUM(B98:M98) | O98: =COUNT(B98:M98)
A99: FY2022 | B99: 1701610.1 | C99: 1763019.7 | D99: 1683106.7 | E99: 1724806.9 | F99: 1788339.1 | G99: 1784471.1 | H99: 1644464.7 | I99: 1847050.7 | J99: 1906296.7 | K99: 1725259.5 | L99: 1679771.1 | M99: 1877810.1 | N99: =SUM(B99:M99) | O99: =COUNT(B99:M99)
A100: FY2023 | B100: 1835535.9 | C100: 1880972.8 | D100: 1792372.1 | E100: 1727472.6 | F100: 1810754.7 | G100: 1660182.8 | H100: 1830182.9 | I100: 1867664.6 | J100: 1852232.7 | K100: 1883903.2 | L100: 1698691.5 | M100: 1860749.5 | N100: =SUM(B100:M100) | O100: =COUNT(B100:M100)
A101: FY2024 | B101: 1885056.3 | C101: 1802165.7 | D101: 1654015.7 | E101: 2003057.3 | F101: 1769964.1 | G101: 1730138.5 | H101: 1830135.9 | I101: 1874700.6 | J101: 1936898.9 | K101: 1703449.6 | L101: 1763376.1 | M101: 1764971.2 | N101: =SUM(B101:M101) | O101: =COUNT(B101:M101)
A102: FY2025 | B102: 1914311.5 | C102: 1633537.9 | D102: 1809767.9 | E102: 1878562.7 | F102: 1590746.1 | G102: 1859224.4 | H102: 1679739.7 | I102: 1650418.6 | J102: 1958047.9 | K102: 1805790.5 | L102: 1565630.4 | M102: 1870259.3 | N102: =SUM(B102:M102) | O102: =COUNT(B102:M102)
A103: FY2026 | B103: =IFERROR(HLOOKUP("2026년 4월",원본_RAW!$H$4:$BK$20,MATCH("SVKHCT_HP",원본_RAW!$A$4:$A$20,0),FALSE),"") | C103: =IFERROR(HLOOKUP("2026년 5월",원본_RAW!$H$4:$BK$20,MATCH("SVKHCT_HP",원본_RAW!$A$4:$A$20,0),FALSE),"") | D103: =IFERROR(HLOOKUP("2026년 6월",원본_RAW!$H$4:$BK$20,MATCH("SVKHCT_HP",원본_RAW!$A$4:$A$20,0),FALSE),"") | E103: =IFERROR(HLOOKUP("2026년 7월",원본_RAW!$H$4:$BK$20,MATCH("SVKHCT_HP",원본_RAW!$A$4:$A$20,0),FALSE),"") | F103: =IFERROR(HLOOKUP("2026년 8월",원본_RAW!$H$4:$BK$20,MATCH("SVKHCT_HP",원본_RAW!$A$4:$A$20,0),FALSE),"") | G103: =IFERROR(HLOOKUP("2026년 9월",원본_RAW!$H$4:$BK$20,MATCH("SVKHCT_HP",원본_RAW!$A$4:$A$20,0),FALSE),"") | H103: =IFERROR(HLOOKUP("2026년 10월",원본_RAW!$H$4:$BK$20,MATCH("SVKHCT_HP",원본_RAW!$A$4:$A$20,0),FALSE),"") | I103: =IFERROR(HLOOKUP("2026년 11월",원본_RAW!$H$4:$BK$20,MATCH("SVKHCT_HP",원본_RAW!$A$4:$A$20,0),FALSE),"") | J103: =IFERROR(HLOOKUP("2026년 12월",원본_RAW!$H$4:$BK$20,MATCH("SVKHCT_HP",원본_RAW!$A$4:$A$20,0),FALSE),"") | K103: =IFERROR(HLOOKUP("2027년 1월",원본_RAW!$H$4:$BK$20,MATCH("SVKHCT_HP",원본_RAW!$A$4:$A$20,0),FALSE),"") | L103: =IFERROR(HLOOKUP("2027년 2월",원본_RAW!$H$4:$BK$20,MATCH("SVKHCT_HP",원본_RAW!$A$4:$A$20,0),FALSE),"") | M103: =IFERROR(HLOOKUP("2027년 3월",원본_RAW!$H$4:$BK$20,MATCH("SVKHCT_HP",원본_RAW!$A$4:$A$20,0),FALSE),"") | N103: =SUM(B103:M103) | O103: =COUNT(B103:M103)
A104: FY2027 | B104: =IFERROR(HLOOKUP("2027년 4월",원본_RAW!$H$4:$BK$20,MATCH("SVKHCT_HP",원본_RAW!$A$4:$A$20,0),FALSE),"") | C104: =IFERROR(HLOOKUP("2027년 5월",원본_RAW!$H$4:$BK$20,MATCH("SVKHCT_HP",원본_RAW!$A$4:$A$20,0),FALSE),"") | D104: =IFERROR(HLOOKUP("2027년 6월",원본_RAW!$H$4:$BK$20,MATCH("SVKHCT_HP",원본_RAW!$A$4:$A$20,0),FALSE),"") | E104: =IFERROR(HLOOKUP("2027년 7월",원본_RAW!$H$4:$BK$20,MATCH("SVKHCT_HP",원본_RAW!$A$4:$A$20,0),FALSE),"") | F104: =IFERROR(HLOOKUP("2027년 8월",원본_RAW!$H$4:$BK$20,MATCH("SVKHCT_HP",원본_RAW!$A$4:$A$20,0),FALSE),"") | G104: =IFERROR(HLOOKUP("2027년 9월",원본_RAW!$H$4:$BK$20,MATCH("SVKHCT_HP",원본_RAW!$A$4:$A$20,0),FALSE),"") | H104: =IFERROR(HLOOKUP("2027년 10월",원본_RAW!$H$4:$BK$20,MATCH("SVKHCT_HP",원본_RAW!$A$4:$A$20,0),FALSE),"") | I104: =IFERROR(HLOOKUP("2027년 11월",원본_RAW!$H$4:$BK$20,MATCH("SVKHCT_HP",원본_RAW!$A$4:$A$20,0),FALSE),"") | J104: =IFERROR(HLOOKUP("2027년 12월",원본_RAW!$H$4:$BK$20,MATCH("SVKHCT_HP",원본_RAW!$A$4:$A$20,0),FALSE),"") | K104: =IFERROR(HLOOKUP("2028년 1월",원본_RAW!$H$4:$BK$20,MATCH("SVKHCT_HP",원본_RAW!$A$4:$A$20,0),FALSE),"") | L104: =IFERROR(HLOOKUP("2028년 2월",원본_RAW!$H$4:$BK$20,MATCH("SVKHCT_HP",원본_RAW!$A$4:$A$20,0),FALSE),"") | M104: =IFERROR(HLOOKUP("2028년 3월",원본_RAW!$H$4:$BK$20,MATCH("SVKHCT_HP",원본_RAW!$A$4:$A$20,0),FALSE),"") | N104: =SUM(B104:M104) | O104: =COUNT(B104:M104)
A105: FY2028 | B105: =IFERROR(HLOOKUP("2028년 4월",원본_RAW!$H$4:$BK$20,MATCH("SVKHCT_HP",원본_RAW!$A$4:$A$20,0),FALSE),"") | C105: =IFERROR(HLOOKUP("2028년 5월",원본_RAW!$H$4:$BK$20,MATCH("SVKHCT_HP",원본_RAW!$A$4:$A$20,0),FALSE),"") | D105: =IFERROR(HLOOKUP("2028년 6월",원본_RAW!$H$4:$BK$20,MATCH("SVKHCT_HP",원본_RAW!$A$4:$A$20,0),FALSE),"") | E105: =IFERROR(HLOOKUP("2028년 7월",원본_RAW!$H$4:$BK$20,MATCH("SVKHCT_HP",원본_RAW!$A$4:$A$20,0),FALSE),"") | F105: =IFERROR(HLOOKUP("2028년 8월",원본_RAW!$H$4:$BK$20,MATCH("SVKHCT_HP",원본_RAW!$A$4:$A$20,0),FALSE),"") | G105: =IFERROR(HLOOKUP("2028년 9월",원본_RAW!$H$4:$BK$20,MATCH("SVKHCT_HP",원본_RAW!$A$4:$A$20,0),FALSE),"") | H105: =IFERROR(HLOOKUP("2028년 10월",원본_RAW!$H$4:$BK$20,MATCH("SVKHCT_HP",원본_RAW!$A$4:$A$20,0),FALSE),"") | I105: =IFERROR(HLOOKUP("2028년 11월",원본_RAW!$H$4:$BK$20,MATCH("SVKHCT_HP",원본_RAW!$A$4:$A$20,0),FALSE),"") | J105: =IFERROR(HLOOKUP("2028년 12월",원본_RAW!$H$4:$BK$20,MATCH("SVKHCT_HP",원본_RAW!$A$4:$A$20,0),FALSE),"") | K105: =IFERROR(HLOOKUP("2029년 1월",원본_RAW!$H$4:$BK$20,MATCH("SVKHCT_HP",원본_RAW!$A$4:$A$20,0),FALSE),"") | L105: =IFERROR(HLOOKUP("2029년 2월",원본_RAW!$H$4:$BK$20,MATCH("SVKHCT_HP",원본_RAW!$A$4:$A$20,0),FALSE),"") | M105: =IFERROR(HLOOKUP("2029년 3월",원본_RAW!$H$4:$BK$20,MATCH("SVKHCT_HP",원본_RAW!$A$4:$A$20,0),FALSE),"") | N105: =SUM(B105:M105) | O105: =COUNT(B105:M105)
A106: FY2029 | B106: =IFERROR(HLOOKUP("2029년 4월",원본_RAW!$H$4:$BK$20,MATCH("SVKHCT_HP",원본_RAW!$A$4:$A$20,0),FALSE),"") | C106: =IFERROR(HLOOKUP("2029년 5월",원본_RAW!$H$4:$BK$20,MATCH("SVKHCT_HP",원본_RAW!$A$4:$A$20,0),FALSE),"") | D106: =IFERROR(HLOOKUP("2029년 6월",원본_RAW!$H$4:$BK$20,MATCH("SVKHCT_HP",원본_RAW!$A$4:$A$20,0),FALSE),"") | E106: =IFERROR(HLOOKUP("2029년 7월",원본_RAW!$H$4:$BK$20,MATCH("SVKHCT_HP",원본_RAW!$A$4:$A$20,0),FALSE),"") | F106: =IFERROR(HLOOKUP("2029년 8월",원본_RAW!$H$4:$BK$20,MATCH("SVKHCT_HP",원본_RAW!$A$4:$A$20,0),FALSE),"") | G106: =IFERROR(HLOOKUP("2029년 9월",원본_RAW!$H$4:$BK$20,MATCH("SVKHCT_HP",원본_RAW!$A$4:$A$20,0),FALSE),"") | H106: =IFERROR(HLOOKUP("2029년 10월",원본_RAW!$H$4:$BK$20,MATCH("SVKHCT_HP",원본_RAW!$A$4:$A$20,0),FALSE),"") | I106: =IFERROR(HLOOKUP("2029년 11월",원본_RAW!$H$4:$BK$20,MATCH("SVKHCT_HP",원본_RAW!$A$4:$A$20,0),FALSE),"") | J106: =IFERROR(HLOOKUP("2029년 12월",원본_RAW!$H$4:$BK$20,MATCH("SVKHCT_HP",원본_RAW!$A$4:$A$20,0),FALSE),"") | K106: =IFERROR(HLOOKUP("2030년 1월",원본_RAW!$H$4:$BK$20,MATCH("SVKHCT_HP",원본_RAW!$A$4:$A$20,0),FALSE),"") | L106: =IFERROR(HLOOKUP("2030년 2월",원본_RAW!$H$4:$BK$20,MATCH("SVKHCT_HP",원본_RAW!$A$4:$A$20,0),FALSE),"") | M106: =IFERROR(HLOOKUP("2030년 3월",원본_RAW!$H$4:$BK$20,MATCH("SVKHCT_HP",원본_RAW!$A$4:$A$20,0),FALSE),"") | N106: =SUM(B106:M106) | O106: =COUNT(B106:M106)
A107: FY2030 | B107: =IFERROR(HLOOKUP("2030년 4월",원본_RAW!$H$4:$BK$20,MATCH("SVKHCT_HP",원본_RAW!$A$4:$A$20,0),FALSE),"") | C107: =IFERROR(HLOOKUP("2030년 5월",원본_RAW!$H$4:$BK$20,MATCH("SVKHCT_HP",원본_RAW!$A$4:$A$20,0),FALSE),"") | D107: =IFERROR(HLOOKUP("2030년 6월",원본_RAW!$H$4:$BK$20,MATCH("SVKHCT_HP",원본_RAW!$A$4:$A$20,0),FALSE),"") | E107: =IFERROR(HLOOKUP("2030년 7월",원본_RAW!$H$4:$BK$20,MATCH("SVKHCT_HP",원본_RAW!$A$4:$A$20,0),FALSE),"") | F107: =IFERROR(HLOOKUP("2030년 8월",원본_RAW!$H$4:$BK$20,MATCH("SVKHCT_HP",원본_RAW!$A$4:$A$20,0),FALSE),"") | G107: =IFERROR(HLOOKUP("2030년 9월",원본_RAW!$H$4:$BK$20,MATCH("SVKHCT_HP",원본_RAW!$A$4:$A$20,0),FALSE),"") | H107: =IFERROR(HLOOKUP("2030년 10월",원본_RAW!$H$4:$BK$20,MATCH("SVKHCT_HP",원본_RAW!$A$4:$A$20,0),FALSE),"") | I107: =IFERROR(HLOOKUP("2030년 11월",원본_RAW!$H$4:$BK$20,MATCH("SVKHCT_HP",원본_RAW!$A$4:$A$20,0),FALSE),"") | J107: =IFERROR(HLOOKUP("2030년 12월",원본_RAW!$H$4:$BK$20,MATCH("SVKHCT_HP",원본_RAW!$A$4:$A$20,0),FALSE),"") | K107: =IFERROR(HLOOKUP("2031년 1월",원본_RAW!$H$4:$BK$20,MATCH("SVKHCT_HP",원본_RAW!$A$4:$A$20,0),FALSE),"") | L107: =IFERROR(HLOOKUP("2031년 2월",원본_RAW!$H$4:$BK$20,MATCH("SVKHCT_HP",원본_RAW!$A$4:$A$20,0),FALSE),"") | M107: =IFERROR(HLOOKUP("2031년 3월",원본_RAW!$H$4:$BK$20,MATCH("SVKHCT_HP",원본_RAW!$A$4:$A$20,0),FALSE),"") | N107: =SUM(B107:M107) | O107: =COUNT(B107:M107)
...

Sheet 모니터링_월별
A2: 모니터링_월별 — 벤치마크 이탈 감시
A3: 예측을 갱신하는 시트가 아닙니다. 월별 실측이 예측(벤치마크)에서 벗어났는지 판정합니다. 경보가 뜰 때만 예측 가정을 손댑니다
A5: ■ 파라미터
A6: 제네릭 진입 관측 기준월 (yyyymm) | B6: 201904 | C6: 성분 내 Original 비율 회귀의 기준. 실제 등재월과 다르면 이 칸만 고치면 국면 판정이 이동합니다.
A7: HP slope (Original %p/년) | B7: ='근거_SVK HCT처방량'!E37 | C7: 직접 선형회귀 기울기 (근거_SVK HCT처방량 ■파라미터 37행, 자동 연동)
A8: HP intercept | B8: ='근거_SVK HCT처방량'!F37
A9: HP anchor | B9: ='근거_SVK HCT처방량'!G37
A10: HP SE (표준오차) | B10: 0.0035 | C10: ±0.35%p (분기 실측 잔차 표준편차)
A11: GP slope (로짓/년) | B11: ='근거_SVK HCT처방량'!E39 | C11: 로짓 변환 회귀 기울기 (39행, 자동 연동)
A12: GP intercept | B12: ='근거_SVK HCT처방량'!F39
A13: GP anchor | B13: ='근거_SVK HCT처방량'!G39
A14: GP SE | B14: 0.0046 | C14: ±0.46%p (분기 실측 잔차 표준편차)
A15: 경보 임계 (SE 배수) | B15: 2 | C15: 이탈폭이 이 배수를 넘고
A16: 경보 연속 개월 | B16: 2 | C16: 연속 이 개월 이상이면 경보
A19: ■ 월별 감시표
A20: 연월 | B20: 국면 | C20: ARB+CCB+DU 시장량 | D20: 3M 롤링 | E20: YoY | F20: Orig비율 HP | G20: 3M 롤링 | H20: 벤치마크 | I20: 이탈(%p) | J20: 신호 | K20: Orig비율 GP | L20: 3M 롤링 | M20: 벤치마크 | N20: 이탈(%p) | O20: 신호 | P20: OlmMS HP | Q20: OlmMS GP | R20: 세비카HCT단가 HP
A21: 2025-04 | B21: =IF(202504<$B$6,"진입전",IF(202504<$B$6+600,"전환기","안정기")) | C21: =IFERROR(IF(원본_월별!B265="","",원본_월별!B265),"") | E21: =IFERROR(IF(OR(C21="",원본_월별!B264=""),"",C21/원본_월별!B264-1),"") | F21: =IFERROR(IF(원본_월별!B206="","",원본_월별!B206),"") | H21: =($B$7*2025.0000+$B$8+$B$9)/100 | I21: =IF(G21="","",G21-H21) | J21: =IF(I21="","",IF(ABS(I21)>$B$16*$B$10,IF(IF(ISNUMBER(I20),ABS(I20)>$B$16*$B$10,FALSE),"경보","주의"),"정상")) | K21: =IFERROR(IF(원본_월별!B220="","",원본_월별!B220),"") | M21: =EXP($B$11*2025.0000+$B$12+$B$13)/(1+EXP($B$11*2025.0000+$B$12+$B$13)) | N21: =IF(L21="","",L21-M21) | O21: =IF(N21="","",IF(ABS(N21)>$B$16*$B$14,IF(IF(ISNUMBER(N20),ABS(N20)>$B$16*$B$14,FALSE),"경보","주의"),"정상")) | P21: =IFERROR(IF(원본_월별!B178="","",원본_월별!B178),"") | Q21: =IFERROR(IF(원본_월별!B192="","",원본_월별!B192),"") | R21: =IFERROR(IF(원본_월별!B234="","",원본_월별!B234),"")
A22: 2025-05 | B22: =IF(202505<$B$6,"진입전",IF(202505<$B$6+600,"전환기","안정기")) | C22: =IFERROR(IF(원본_월별!C265="","",원본_월별!C265),"") | E22: =IFERROR(IF(OR(C22="",원본_월별!C264=""),"",C22/원본_월별!C264-1),"") | F22: =IFERROR(IF(원본_월별!C206="","",원본_월별!C206),"") | H22: =($B$7*2025.0833+$B$8+$B$9)/100 | I22: =IF(G22="","",G22-H22) | J22: =IF(I22="","",IF(ABS(I22)>$B$16*$B$10,IF(IF(ISNUMBER(I21),ABS(I21)>$B$16*$B$10,FALSE),"경보","주의"),"정상")) | K22: =IFERROR(IF(원본_월별!C220="","",원본_월별!C220),"") | M22: =EXP($B$11*2025.0833+$B$12+$B$13)/(1+EXP($B$11*2025.0833+$B$12+$B$13)) | N22: =IF(L22="","",L22-M22) | O22: =IF(N22="","",IF(ABS(N22)>$B$16*$B$14,IF(IF(ISNUMBER(N21),ABS(N21)>$B$16*$B$14,FALSE),"경보","주의"),"정상")) | P22: =IFERROR(IF(원본_월별!C178="","",원본_월별!C178),"") | Q22: =IFERROR(IF(원본_월별!C192="","",원본_월별!C192),"") | R22: =IFERROR(IF(원본_월별!C234="","",원본_월별!C234),"")
A23: 2025-06 | B23: =IF(202506<$B$6,"진입전",IF(202506<$B$6+600,"전환기","안정기")) | C23: =IFERROR(IF(원본_월별!D265="","",원본_월별!D265),"") | D23: =IF(COUNT(C21:C23)<3,"",AVERAGE(C21:C23)) | E23: =IFERROR(IF(OR(C23="",원본_월별!D264=""),"",C23/원본_월별!D264-1),"") | F23: =IFERROR(IF(원본_월별!D206="","",원본_월별!D206),"") | G23: =IF(COUNT(F21:F23)<3,"",AVERAGE(F21:F23)) | H23: =($B$7*2025.1667+$B$8+$B$9)/100 | I23: =IF(G23="","",G23-H23) | J23: =IF(I23="","",IF(ABS(I23)>$B$16*$B$10,IF(IF(ISNUMBER(I22),ABS(I22)>$B$16*$B$10,FALSE),"경보","주의"),"정상")) | K23: =IFERROR(IF(원본_월별!D220="","",원본_월별!D220),"") | L23: =IF(COUNT(K21:K23)<3,"",AVERAGE(K21:K23)) | M23: =EXP($B$11*2025.1667+$B$12+$B$13)/(1+EXP($B$11*2025.1667+$B$12+$B$13)) | N23: =IF(L23="","",L23-M23) | O23: =IF(N23="","",IF(ABS(N23)>$B$16*$B$14,IF(IF(ISNUMBER(N22),ABS(N22)>$B$16*$B$14,FALSE),"경보","주의"),"정상")) | P23: =IFERROR(IF(원본_월별!D178="","",원본_월별!D178),"") | Q23: =IFERROR(IF(원본_월별!D192="","",원본_월별!D192),"") | R23: =IFERROR(IF(원본_월별!D234="","",원본_월별!D234),"")
A24: 2025-07 | B24: =IF(202507<$B$6,"진입전",IF(202507<$B$6+600,"전환기","안정기")) | C24: =IFERROR(IF(원본_월별!E265="","",원본_월별!E265),"") | D24: =IF(COUNT(C22:C24)<3,"",AVERAGE(C22:C24)) | E24: =IFERROR(IF(OR(C24="",원본_월별!E264=""),"",C24/원본_월별!E264-1),"") | F24: =IFERROR(IF(원본_월별!E206="","",원본_월별!E206),"") | G24: =IF(COUNT(F22:F24)<3,"",AVERAGE(F22:F24)) | H24: =($B$7*2025.2500+$B$8+$B$9)/100 | I24: =IF(G24="","",G24-H24) | J24: =IF(I24="","",IF(ABS(I24)>$B$16*$B$10,IF(IF(ISNUMBER(I23),ABS(I23)>$B$16*$B$10,FALSE),"경보","주의"),"정상")) | K24: =IFERROR(IF(원본_월별!E220="","",원본_월별!E220),"") | L24: =IF(COUNT(K22:K24)<3,"",AVERAGE(K22:K24)) | M24: =EXP($B$11*2025.2500+$B$12+$B$13)/(1+EXP($B$11*2025.2500+$B$12+$B$13)) | N24: =IF(L24="","",L24-M24) | O24: =IF(N24="","",IF(ABS(N24)>$B$16*$B$14,IF(IF(ISNUMBER(N23),ABS(N23)>$B$16*$B$14,FALSE),"경보","주의"),"정상")) | P24: =IFERROR(IF(원본_월별!E178="","",원본_월별!E178),"") | Q24: =IFERROR(IF(원본_월별!E192="","",원본_월별!E192),"") | R24: =IFERROR(IF(원본_월별!E234="","",원본_월별!E234),"")
A25: 2025-08 | B25: =IF(202508<$B$6,"진입전",IF(202508<$B$6+600,"전환기","안정기")) | C25: =IFERROR(IF(원본_월별!F265="","",원본_월별!F265),"") | D25: =IF(COUNT(C23:C25)<3,"",AVERAGE(C23:C25)) | E25: =IFERROR(IF(OR(C25="",원본_월별!F264=""),"",C25/원본_월별!F264-1),"") | F25: =IFERROR(IF(원본_월별!F206="","",원본_월별!F206),"") | G25: =IF(COUNT(F23:F25)<3,"",AVERAGE(F23:F25)) | H25: =($B$7*2025.3333+$B$8+$B$9)/100 | I25: =IF(G25="","",G25-H25) | J25: =IF(I25="","",IF(ABS(I25)>$B$16*$B$10,IF(IF(ISNUMBER(I24),ABS(I24)>$B$16*$B$10,FALSE),"경보","주의"),"정상")) | K25: =IFERROR(IF(원본_월별!F220="","",원본_월별!F220),"") | L25: =IF(COUNT(K23:K25)<3,"",AVERAGE(K23:K25)) | M25: =EXP($B$11*2025.3333+$B$12+$B$13)/(1+EXP($B$11*2025.3333+$B$12+$B$13)) | N25: =IF(L25="","",L25-M25) | O25: =IF(N25="","",IF(ABS(N25)>$B$16*$B$14,IF(IF(ISNUMBER(N24),ABS(N24)>$B$16*$B$14,FALSE),"경보","주의"),"정상")) | P25: =IFERROR(IF(원본_월별!F178="","",원본_월별!F178),"") | Q25: =IFERROR(IF(원본_월별!F192="","",원본_월별!F192),"") | R25: =IFERROR(IF(원본_월별!F234="","",원본_월별!F234),"")
A26: 2025-09 | B26: =IF(202509<$B$6,"진입전",IF(202509<$B$6+600,"전환기","안정기")) | C26: =IFERROR(IF(원본_월별!G265="","",원본_월별!G265),"") | D26: =IF(COUNT(C24:C26)<3,"",AVERAGE(C24:C26)) | E26: =IFERROR(IF(OR(C26="",원본_월별!G264=""),"",C26/원본_월별!G264-1),"") | F26: =IFERROR(IF(원본_월별!G206="","",원본_월별!G206),"") | G26: =IF(COUNT(F24:F26)<3,"",AVERAGE(F24:F26)) | H26: =($B$7*2025.4167+$B$8+$B$9)/100 | I26: =IF(G26="","",G26-H26) | J26: =IF(I26="","",IF(ABS(I26)>$B$16*$B$10,IF(IF(ISNUMBER(I25),ABS(I25)>$B$16*$B$10,FALSE),"경보","주의"),"정상")) | K26: =IFERROR(IF(원본_월별!G220="","",원본_월별!G220),"") | L26: =IF(COUNT(K24:K26)<3,"",AVERAGE(K24:K26)) | M26: =EXP($B$11*2025.4167+$B$12+$B$13)/(1+EXP($B$11*2025.4167+$B$12+$B$13)) | N26: =IF(L26="","",L26-M26) | O26: =IF(N26="","",IF(ABS(N26)>$B$16*$B$14,IF(IF(ISNUMBER(N25),ABS(N25)>$B$16*$B$14,FALSE),"경보","주의"),"정상")) | P26: =IFERROR(IF(원본_월별!G178="","",원본_월별!G178),"") | Q26: =IFERROR(IF(원본_월별!G192="","",원본_월별!G192),"") | R26: =IFERROR(IF(원본_월별!G234="","",원본_월별!G234),"")
A27: 2025-10 | B27: =IF(202510<$B$6,"진입전",IF(202510<$B$6+600,"전환기","안정기")) | C27: =IFERROR(IF(원본_월별!H265="","",원본_월별!H265),"") | D27: =IF(COUNT(C25:C27)<3,"",AVERAGE(C25:C27)) | E27: =IFERROR(IF(OR(C27="",원본_월별!H264=""),"",C27/원본_월별!H264-1),"") | F27: =IFERROR(IF(원본_월별!H206="","",원본_월별!H206),"") | G27: =IF(COUNT(F25:F27)<3,"",AVERAGE(F25:F27)) | H27: =($B$7*2025.5000+$B$8+$B$9)/100 | I27: =IF(G27="","",G27-H27) | J27: =IF(I27="","",IF(ABS(I27)>$B$16*$B$10,IF(IF(ISNUMBER(I26),ABS(I26)>$B$16*$B$10,FALSE),"경보","주의"),"정상")) | K27: =IFERROR(IF(원본_월별!H220="","",원본_월별!H220),"") | L27: =IF(COUNT(K25:K27)<3,"",AVERAGE(K25:K27)) | M27: =EXP($B$11*2025.5000+$B$12+$B$13)/(1+EXP($B$11*2025.5000+$B$12+$B$13)) | N27: =IF(L27="","",L27-M27) | O27: =IF(N27="","",IF(ABS(N27)>$B$16*$B$14,IF(IF(ISNUMBER(N26),ABS(N26)>$B$16*$B$14,FALSE),"경보","주의"),"정상")) | P27: =IFERROR(IF(원본_월별!H178="","",원본_월별!H178),"") | Q27: =IFERROR(IF(원본_월별!H192="","",원본_월별!H192),"") | R27: =IFERROR(IF(원본_월별!H234="","",원본_월별!H234),"")
A28: 2025-11 | B28: =IF(202511<$B$6,"진입전",IF(202511<$B$6+600,"전환기","안정기")) | C28: =IFERROR(IF(원본_월별!I265="","",원본_월별!I265),"") | D28: =IF(COUNT(C26:C28)<3,"",AVERAGE(C26:C28)) | E28: =IFERROR(IF(OR(C28="",원본_월별!I264=""),"",C28/원본_월별!I264-1),"") | F28: =IFERROR(IF(원본_월별!I206="","",원본_월별!I206),"") | G28: =IF(COUNT(F26:F28)<3,"",AVERAGE(F26:F28)) | H28: =($B$7*2025.5833+$B$8+$B$9)/100 | I28: =IF(G28="","",G28-H28) | J28: =IF(I28="","",IF(ABS(I28)>$B$16*$B$10,IF(IF(ISNUMBER(I27),ABS(I27)>$B$16*$B$10,FALSE),"경보","주의"),"정상")) | K28: =IFERROR(IF(원본_월별!I220="","",원본_월별!I220),"") | L28: =IF(COUNT(K26:K28)<3,"",AVERAGE(K26:K28)) | M28: =EXP($B$11*2025.5833+$B$12+$B$13)/(1+EXP($B$11*2025.5833+$B$12+$B$13)) | N28: =IF(L28="","",L28-M28) | O28: =IF(N28="","",IF(ABS(N28)>$B$16*$B$14,IF(IF(ISNUMBER(N27),ABS(N27)>$B$16*$B$14,FALSE),"경보","주의"),"정상")) | P28: =IFERROR(IF(원본_월별!I178="","",원본_월별!I178),"") | Q28: =IFERROR(IF(원본_월별!I192="","",원본_월별!I192),"") | R28: =IFERROR(IF(원본_월별!I234="","",원본_월별!I234),"")
A29: 2025-12 | B29: =IF(202512<$B$6,"진입전",IF(202512<$B$6+600,"전환기","안정기")) | C29: =IFERROR(IF(원본_월별!J265="","",원본_월별!J265),"") | D29: =IF(COUNT(C27:C29)<3,"",AVERAGE(C27:C29)) | E29: =IFERROR(IF(OR(C29="",원본_월별!J264=""),"",C29/원본_월별!J264-1),"") | F29: =IFERROR(IF(원본_월별!J206="","",원본_월별!J206),"") | G29: =IF(COUNT(F27:F29)<3,"",AVERAGE(F27:F29)) | H29: =($B$7*2025.6667+$B$8+$B$9)/100 | I29: =IF(G29="","",G29-H29) | J29: =IF(I29="","",IF(ABS(I29)>$B$16*$B$10,IF(IF(ISNUMBER(I28),ABS(I28)>$B$16*$B$10,FALSE),"경보","주의"),"정상")) | K29: =IFERROR(IF(원본_월별!J220="","",원본_월별!J220),"") | L29: =IF(COUNT(K27:K29)<3,"",AVERAGE(K27:K29)) | M29: =EXP($B$11*2025.6667+$B$12+$B$13)/(1+EXP($B$11*2025.6667+$B$12+$B$13)) | N29: =IF(L29="","",L29-M29) | O29: =IF(N29="","",IF(ABS(N29)>$B$16*$B$14,IF(IF(ISNUMBER(N28),ABS(N28)>$B$16*$B$14,FALSE),"경보","주의"),"정상")) | P29: =IFERROR(IF(원본_월별!J178="","",원본_월별!J178),"") | Q29: =IFERROR(IF(원본_월별!J192="","",원본_월별!J192),"") | R29: =IFERROR(IF(원본_월별!J234="","",원본_월별!J234),"")
A30: 2026-01 | B30: =IF(202601<$B$6,"진입전",IF(202601<$B$6+600,"전환기","안정기")) | C30: =IFERROR(IF(원본_월별!K265="","",원본_월별!K265),"") | D30: =IF(COUNT(C28:C30)<3,"",AVERAGE(C28:C30)) | E30: =IFERROR(IF(OR(C30="",원본_월별!K264=""),"",C30/원본_월별!K264-1),"") | F30: =IFERROR(IF(원본_월별!K206="","",원본_월별!K206),"") | G30: =IF(COUNT(F28:F30)<3,"",AVERAGE(F28:F30)) | H30: =($B$7*2025.7500+$B$8+$B$9)/100 | I30: =IF(G30="","",G30-H30) | J30: =IF(I30="","",IF(ABS(I30)>$B$16*$B$10,IF(IF(ISNUMBER(I29),ABS(I29)>$B$16*$B$10,FALSE),"경보","주의"),"정상")) | K30: =IFERROR(IF(원본_월별!K220="","",원본_월별!K220),"") | L30: =IF(COUNT(K28:K30)<3,"",AVERAGE(K28:K30)) | M30: =EXP($B$11*2025.7500+$B$12+$B$13)/(1+EXP($B$11*2025.7500+$B$12+$B$13)) | N30: =IF(L30="","",L30-M30) | O30: =IF(N30="","",IF(ABS(N30)>$B$16*$B$14,IF(IF(ISNUMBER(N29),ABS(N29)>$B$16*$B$14,FALSE),"경보","주의"),"정상")) | P30: =IFERROR(IF(원본_월별!K178="","",원본_월별!K178),"") | Q30: =IFERROR(IF(원본_월별!K192="","",원본_월별!K192),"") | R30: =IFERROR(IF(원본_월별!K234="","",원본_월별!K234),"")
A31: 2026-02 | B31: =IF(202602<$B$6,"진입전",IF(202602<$B$6+600,"전환기","안정기")) | C31: =IFERROR(IF(원본_월별!L265="","",원본_월별!L265),"") | D31: =IF(COUNT(C29:C31)<3,"",AVERAGE(C29:C31)) | E31: =IFERROR(IF(OR(C31="",원본_월별!L264=""),"",C31/원본_월별!L264-1),"") | F31: =IFERROR(IF(원본_월별!L206="","",원본_월별!L206),"") | G31: =IF(COUNT(F29:F31)<3,"",AVERAGE(F29:F31)) | H31: =($B$7*2025.8333+$B$8+$B$9)/100 | I31: =IF(G31="","",G31-H31) | J31: =IF(I31="","",IF(ABS(I31)>$B$16*$B$10,IF(IF(ISNUMBER(I30),ABS(I30)>$B$16*$B$10,FALSE),"경보","주의"),"정상")) | K31: =IFERROR(IF(원본_월별!L220="","",원본_월별!L220),"") | L31: =IF(COUNT(K29:K31)<3,"",AVERAGE(K29:K31)) | M31: =EXP($B$11*2025.8333+$B$12+$B$13)/(1+EXP($B$11*2025.8333+$B$12+$B$13)) | N31: =IF(L31="","",L31-M31) | O31: =IF(N31="","",IF(ABS(N31)>$B$16*$B$14,IF(IF(ISNUMBER(N30),ABS(N30)>$B$16*$B$14,FALSE),"경보","주의"),"정상")) | P31: =IFERROR(IF(원본_월별!L178="","",원본_월별!L178),"") | Q31: =IFERROR(IF(원본_월별!L192="","",원본_월별!L192),"") | R31: =IFERROR(IF(원본_월별!L234="","",원본_월별!L234),"")
A32: 2026-03 | B32: =IF(202603<$B$6,"진입전",IF(202603<$B$6+600,"전환기","안정기")) | C32: =IFERROR(IF(원본_월별!M265="","",원본_월별!M265),"") | D32: =IF(COUNT(C30:C32)<3,"",AVERAGE(C30:C32)) | E32: =IFERROR(IF(OR(C32="",원본_월별!M264=""),"",C32/원본_월별!M264-1),"") | F32: =IFERROR(IF(원본_월별!M206="","",원본_월별!M206),"") | G32: =IF(COUNT(F30:F32)<3,"",AVERAGE(F30:F32)) | H32: =($B$7*2025.9167+$B$8+$B$9)/100 | I32: =IF(G32="","",G32-H32) | J32: =IF(I32="","",IF(ABS(I32)>$B$16*$B$10,IF(IF(ISNUMBER(I31),ABS(I31)>$B$16*$B$10,FALSE),"경보","주의"),"정상")) | K32: =IFERROR(IF(원본_월별!M220="","",원본_월별!M220),"") | L32: =IF(COUNT(K30:K32)<3,"",AVERAGE(K30:K32)) | M32: =EXP($B$11*2025.9167+$B$12+$B$13)/(1+EXP($B$11*2025.9167+$B$12+$B$13)) | N32: =IF(L32="","",L32-M32) | O32: =IF(N32="","",IF(ABS(N32)>$B$16*$B$14,IF(IF(ISNUMBER(N31),ABS(N31)>$B$16*$B$14,FALSE),"경보","주의"),"정상")) | P32: =IFERROR(IF(원본_월별!M178="","",원본_월별!M178),"") | Q32: =IFERROR(IF(원본_월별!M192="","",원본_월별!M192),"") | R32: =IFERROR(IF(원본_월별!M234="","",원본_월별!M234),"")
A33: 2026-04 | B33: =IF(202604<$B$6,"진입전",IF(202604<$B$6+600,"전환기","안정기")) | C33: =IFERROR(IF(원본_월별!B266="","",원본_월별!B266),"") | D33: =IF(COUNT(C31:C33)<3,"",AVERAGE(C31:C33)) | E33: =IFERROR(IF(OR(C33="",원본_월별!B265=""),"",C33/원본_월별!B265-1),"") | F33: =IFERROR(IF(원본_월별!B207="","",원본_월별!B207),"") | G33: =IF(COUNT(F31:F33)<3,"",AVERAGE(F31:F33)) | H33: =($B$7*2026.0000+$B$8+$B$9)/100 | I33: =IF(G33="","",G33-H33) | J33: =IF(I33="","",IF(ABS(I33)>$B$16*$B$10,IF(IF(ISNUMBER(I32),ABS(I32)>$B$16*$B$10,FALSE),"경보","주의"),"정상")) | K33: =IFERROR(IF(원본_월별!B221="","",원본_월별!B221),"") | L33: =IF(COUNT(K31:K33)<3,"",AVERAGE(K31:K33)) | M33: =EXP($B$11*2026.0000+$B$12+$B$13)/(1+EXP($B$11*2026.0000+$B$12+$B$13)) | N33: =IF(L33="","",L33-M33) | O33: =IF(N33="","",IF(ABS(N33)>$B$16*$B$14,IF(IF(ISNUMBER(N32),ABS(N32)>$B$16*$B$14,FALSE),"경보","주의"),"정상")) | P33: =IFERROR(IF(원본_월별!B179="","",원본_월별!B179),"") | Q33: =IFERROR(IF(원본_월별!B193="","",원본_월별!B193),"") | R33: =IFERROR(IF(원본_월별!B235="","",원본_월별!B235),"")
A34: 2026-05 | B34: =IF(202605<$B$6,"진입전",IF(202605<$B$6+600,"전환기","안정기")) | C34: =IFERROR(IF(원본_월별!C266="","",원본_월별!C266),"") | D34: =IF(COUNT(C32:C34)<3,"",AVERAGE(C32:C34)) | E34: =IFERROR(IF(OR(C34="",원본_월별!C265=""),"",C34/원본_월별!C265-1),"") | F34: =IFERROR(IF(원본_월별!C207="","",원본_월별!C207),"") | G34: =IF(COUNT(F32:F34)<3,"",AVERAGE(F32:F34)) | H34: =($B$7*2026.0833+$B$8+$B$9)/100 | I34: =IF(G34="","",G34-H34) | J34: =IF(I34="","",IF(ABS(I34)>$B$16*$B$10,IF(IF(ISNUMBER(I33),ABS(I33)>$B$16*$B$10,FALSE),"경보","주의"),"정상")) | K34: =IFERROR(IF(원본_월별!C221="","",원본_월별!C221),"") | L34: =IF(COUNT(K32:K34)<3,"",AVERAGE(K32:K34)) | M34: =EXP($B$11*2026.0833+$B$12+$B$13)/(1+EXP($B$11*2026.0833+$B$12+$B$13)) | N34: =IF(L34="","",L34-M34) | O34: =IF(N34="","",IF(ABS(N34)>$B$16*$B$14,IF(IF(ISNUMBER(N33),ABS(N33)>$B$16*$B$14,FALSE),"경보","주의"),"정상")) | P34: =IFERROR(IF(원본_월별!C179="","",원본_월별!C179),"") | Q34: =IFERROR(IF(원본_월별!C193="","",원본_월별!C193),"") | R34: =IFERROR(IF(원본_월별!C235="","",원본_월별!C235),"")
A35: 2026-06 | B35: =IF(202606<$B$6,"진입전",IF(202606<$B$6+600,"전환기","안정기")) | C35: =IFERROR(IF(원본_월별!D266="","",원본_월별!D266),"") | D35: =IF(COUNT(C33:C35)<3,"",AVERAGE(C33:C35)) | E35: =IFERROR(IF(OR(C35="",원본_월별!D265=""),"",C35/원본_월별!D265-1),"") | F35: =IFERROR(IF(원본_월별!D207="","",원본_월별!D207),"") | G35: =IF(COUNT(F33:F35)<3,"",AVERAGE(F33:F35)) | H35: =($B$7*2026.1667+$B$8+$B$9)/100 | I35: =IF(G35="","",G35-H35) | J35: =IF(I35="","",IF(ABS(I35)>$B$16*$B$10,IF(IF(ISNUMBER(I34),ABS(I34)>$B$16*$B$10,FALSE),"경보","주의"),"정상")) | K35: =IFERROR(IF(원본_월별!D221="","",원본_월별!D221),"") | L35: =IF(COUNT(K33:K35)<3,"",AVERAGE(K33:K35)) | M35: =EXP($B$11*2026.1667+$B$12+$B$13)/(1+EXP($B$11*2026.1667+$B$12+$B$13)) | N35: =IF(L35="","",L35-M35) | O35: =IF(N35="","",IF(ABS(N35)>$B$16*$B$14,IF(IF(ISNUMBER(N34),ABS(N34)>$B$16*$B$14,FALSE),"경보","주의"),"정상")) | P35: =IFERROR(IF(원본_월별!D179="","",원본_월별!D179),"") | Q35: =IFERROR(IF(원본_월별!D193="","",원본_월별!D193),"") | R35: =IFERROR(IF(원본_월별!D235="","",원본_월별!D235),"")
A36: 2026-07 | B36: =IF(202607<$B$6,"진입전",IF(202607<$B$6+600,"전환기","안정기")) | C36: =IFERROR(IF(원본_월별!E266="","",원본_월별!E266),"") | D36: =IF(COUNT(C34:C36)<3,"",AVERAGE(C34:C36)) | E36: =IFERROR(IF(OR(C36="",원본_월별!E265=""),"",C36/원본_월별!E265-1),"") | F36: =IFERROR(IF(원본_월별!E207="","",원본_월별!E207),"") | G36: =IF(COUNT(F34:F36)<3,"",AVERAGE(F34:F36)) | H36: =($B$7*2026.2500+$B$8+$B$9)/100 | I36: =IF(G36="","",G36-H36) | J36: =IF(I36="","",IF(ABS(I36)>$B$16*$B$10,IF(IF(ISNUMBER(I35),ABS(I35)>$B$16*$B$10,FALSE),"경보","주의"),"정상")) | K36: =IFERROR(IF(원본_월별!E221="","",원본_월별!E221),"") | L36: =IF(COUNT(K34:K36)<3,"",AVERAGE(K34:K36)) | M36: =EXP($B$11*2026.2500+$B$12+$B$13)/(1+EXP($B$11*2026.2500+$B$12+$B$13)) | N36: =IF(L36="","",L36-M36) | O36: =IF(N36="","",IF(ABS(N36)>$B$16*$B$14,IF(IF(ISNUMBER(N35),ABS(N35)>$B$16*$B$14,FALSE),"경보","주의"),"정상")) | P36: =IFERROR(IF(원본_월별!E179="","",원본_월별!E179),"") | Q36: =IFERROR(IF(원본_월별!E193="","",원본_월별!E193),"") | R36: =IFERROR(IF(원본_월별!E235="","",원본_월별!E235),"")
A37: 2026-08 | B37: =IF(202608<$B$6,"진입전",IF(202608<$B$6+600,"전환기","안정기")) | C37: =IFERROR(IF(원본_월별!F266="","",원본_월별!F266),"") | D37: =IF(COUNT(C35:C37)<3,"",AVERAGE(C35:C37)) | E37: =IFERROR(IF(OR(C37="",원본_월별!F265=""),"",C37/원본_월별!F265-1),"") | F37: =IFERROR(IF(원본_월별!F207="","",원본_월별!F207),"") | G37: =IF(COUNT(F35:F37)<3,"",AVERAGE(F35:F37)) | H37: =($B$7*2026.3333+$B$8+$B$9)/100 | I37: =IF(G37="","",G37-H37) | J37: =IF(I37="","",IF(ABS(I37)>$B$16*$B$10,IF(IF(ISNUMBER(I36),ABS(I36)>$B$16*$B$10,FALSE),"경보","주의"),"정상")) | K37: =IFERROR(IF(원본_월별!F221="","",원본_월별!F221),"") | L37: =IF(COUNT(K35:K37)<3,"",AVERAGE(K35:K37)) | M37: =EXP($B$11*2026.3333+$B$12+$B$13)/(1+EXP($B$11*2026.3333+$B$12+$B$13)) | N37: =IF(L37="","",L37-M37) | O37: =IF(N37="","",IF(ABS(N37)>$B$16*$B$14,IF(IF(ISNUMBER(N36),ABS(N36)>$B$16*$B$14,FALSE),"경보","주의"),"정상")) | P37: =IFERROR(IF(원본_월별!F179="","",원본_월별!F179),"") | Q37: =IFERROR(IF(원본_월별!F193="","",원본_월별!F193),"") | R37: =IFERROR(IF(원본_월별!F235="","",원본_월별!F235),"")
